period,period_type,category,indicator,value,unit,source_file
2013-01,monthly,material_wholesale_price,"32 mm diameter pipes, 4m long",56.0,no.,CLBM_Masterdata.xml
2013-01,monthly,material_wholesale_price,Acrylic paint,48.0,litre,CLBM_Masterdata.xml
2013-01,monthly,material_wholesale_price,Aggregates,64.0,tonne,CLBM_Masterdata.xml
2013-01,monthly,material_wholesale_price,Bitumen,8770.0,tonne,CLBM_Masterdata.xml
2013-01,monthly,material_wholesale_price,"Clear sheet glass, 5mm thick",151.0,square metre,CLBM_Masterdata.xml
2013-01,monthly,material_wholesale_price,"Colour tiles, 200mm x 200mm",391.0,100 pieces,CLBM_Masterdata.xml
2013-01,monthly,material_wholesale_price,"Concrete blocks, 100mm thick",70.0,square metre,CLBM_Masterdata.xml
2013-01,monthly,material_wholesale_price,Emulsion paint,51.0,litre,CLBM_Masterdata.xml
2013-01,monthly,material_wholesale_price,For industrial use (light),2058.0,200-litre drum,CLBM_Masterdata.xml
2013-01,monthly,material_wholesale_price,For road use,1033.0,100 litre,CLBM_Masterdata.xml
2013-01,monthly,material_wholesale_price,"Glass tiles, 25mm x 25mm",50.0,square metre,CLBM_Masterdata.xml
2013-01,monthly,material_wholesale_price,"Glazed tiles, 45mm x 45mm",122.0,square metre,CLBM_Masterdata.xml
2013-01,monthly,material_wholesale_price,"High tensile steel bars, 10mm to 40mm",5611.0,tonne,CLBM_Masterdata.xml
2013-01,monthly,material_wholesale_price,"Mild steel round bars, 6mm to 20mm",6085.0,tonne,CLBM_Masterdata.xml
2013-01,monthly,material_wholesale_price,"Non-slip tile, 200mm x 200mm",154.0,square metre,CLBM_Masterdata.xml
2013-01,monthly,material_wholesale_price,"Plywood, formwork, 19mm thick",72.0,square metre,CLBM_Masterdata.xml
2013-01,monthly,material_wholesale_price,Portland cement (ordinary),698.0,tonne,CLBM_Masterdata.xml
2013-01,monthly,material_wholesale_price,Sand,122.0,tonne,CLBM_Masterdata.xml
2013-01,monthly,material_wholesale_price,"Sawn hardwood, 25mm thick plank",3814.0,cubic metre,CLBM_Masterdata.xml
2013-01,monthly,material_wholesale_price,"Sawn hardwood, 50 x 75mm column",5654.0,cubic metre,CLBM_Masterdata.xml
2013-01,monthly,material_wholesale_price,Steel angles,11856.0,tonne,CLBM_Masterdata.xml
2013-01,monthly,material_wholesale_price,Steel flats,9914.0,tonne,CLBM_Masterdata.xml
2013-01,monthly,material_wholesale_price,"Steel plate, 4mm thick",5964.0,tonne,CLBM_Masterdata.xml
2013-01,monthly,material_wholesale_price,Steel plates,8814.0,tonne,CLBM_Masterdata.xml
2013-01,monthly,material_wholesale_price,"Unglazed tiles, 18mm x 18mm",104.0,square metre,CLBM_Masterdata.xml
2013-01,monthly,material_wholesale_price,"White tiles, 108mm x 108mm",232.0,100 pieces,CLBM_Masterdata.xml
2013-02,monthly,material_wholesale_price,"32 mm diameter pipes, 4m long",56.0,no.,CLBM_Masterdata.xml
2013-02,monthly,material_wholesale_price,Acrylic paint,48.0,litre,CLBM_Masterdata.xml
2013-02,monthly,material_wholesale_price,Aggregates,64.0,tonne,CLBM_Masterdata.xml
2013-02,monthly,material_wholesale_price,Bitumen,8770.0,tonne,CLBM_Masterdata.xml
2013-02,monthly,material_wholesale_price,"Clear sheet glass, 5mm thick",151.0,square metre,CLBM_Masterdata.xml
2013-02,monthly,material_wholesale_price,"Colour tiles, 200mm x 200mm",398.0,100 pieces,CLBM_Masterdata.xml
2013-02,monthly,material_wholesale_price,"Concrete blocks, 100mm thick",70.0,square metre,CLBM_Masterdata.xml
2013-02,monthly,material_wholesale_price,Emulsion paint,51.0,litre,CLBM_Masterdata.xml
2013-02,monthly,material_wholesale_price,For industrial use (light),2088.0,200-litre drum,CLBM_Masterdata.xml
2013-02,monthly,material_wholesale_price,For road use,1064.0,100 litre,CLBM_Masterdata.xml
2013-02,monthly,material_wholesale_price,"Glass tiles, 25mm x 25mm",50.0,square metre,CLBM_Masterdata.xml
2013-02,monthly,material_wholesale_price,"Glazed tiles, 45mm x 45mm",122.0,square metre,CLBM_Masterdata.xml
2013-02,monthly,material_wholesale_price,"High tensile steel bars, 10mm to 40mm",5615.0,tonne,CLBM_Masterdata.xml
2013-02,monthly,material_wholesale_price,"Mild steel round bars, 6mm to 20mm",6125.0,tonne,CLBM_Masterdata.xml
2013-02,monthly,material_wholesale_price,"Non-slip tile, 200mm x 200mm",157.0,square metre,CLBM_Masterdata.xml
2013-02,monthly,material_wholesale_price,"Plywood, formwork, 19mm thick",72.0,square metre,CLBM_Masterdata.xml
2013-02,monthly,material_wholesale_price,Portland cement (ordinary),700.0,tonne,CLBM_Masterdata.xml
2013-02,monthly,material_wholesale_price,Sand,123.0,tonne,CLBM_Masterdata.xml
2013-02,monthly,material_wholesale_price,"Sawn hardwood, 25mm thick plank",3814.0,cubic metre,CLBM_Masterdata.xml
2013-02,monthly,material_wholesale_price,"Sawn hardwood, 50 x 75mm column",5502.0,cubic metre,CLBM_Masterdata.xml
2013-02,monthly,material_wholesale_price,Steel angles,11856.0,tonne,CLBM_Masterdata.xml
2013-02,monthly,material_wholesale_price,Steel flats,9914.0,tonne,CLBM_Masterdata.xml
2013-02,monthly,material_wholesale_price,"Steel plate, 4mm thick",5969.0,tonne,CLBM_Masterdata.xml
2013-02,monthly,material_wholesale_price,Steel plates,8814.0,tonne,CLBM_Masterdata.xml
2013-02,monthly,material_wholesale_price,"Unglazed tiles, 18mm x 18mm",104.0,square metre,CLBM_Masterdata.xml
2013-02,monthly,material_wholesale_price,"White tiles, 108mm x 108mm",233.0,100 pieces,CLBM_Masterdata.xml
2013-03,monthly,material_wholesale_price,"32 mm diameter pipes, 4m long",56.0,no.,CLBM_Masterdata.xml
2013-03,monthly,material_wholesale_price,Acrylic paint,48.0,litre,CLBM_Masterdata.xml
2013-03,monthly,material_wholesale_price,Aggregates,65.0,tonne,CLBM_Masterdata.xml
2013-03,monthly,material_wholesale_price,Bitumen,8770.0,tonne,CLBM_Masterdata.xml
2013-03,monthly,material_wholesale_price,"Clear sheet glass, 5mm thick",151.0,square metre,CLBM_Masterdata.xml
2013-03,monthly,material_wholesale_price,"Colour tiles, 200mm x 200mm",398.0,100 pieces,CLBM_Masterdata.xml
2013-03,monthly,material_wholesale_price,"Concrete blocks, 100mm thick",70.0,square metre,CLBM_Masterdata.xml
2013-03,monthly,material_wholesale_price,Emulsion paint,51.0,litre,CLBM_Masterdata.xml
2013-03,monthly,material_wholesale_price,For industrial use (light),2096.0,200-litre drum,CLBM_Masterdata.xml
2013-03,monthly,material_wholesale_price,For road use,1049.0,100 litre,CLBM_Masterdata.xml
2013-03,monthly,material_wholesale_price,"Glass tiles, 25mm x 25mm",50.0,square metre,CLBM_Masterdata.xml
2013-03,monthly,material_wholesale_price,"Glazed tiles, 45mm x 45mm",122.0,square metre,CLBM_Masterdata.xml
2013-03,monthly,material_wholesale_price,"High tensile steel bars, 10mm to 40mm",5580.0,tonne,CLBM_Masterdata.xml
2013-03,monthly,material_wholesale_price,"Mild steel round bars, 6mm to 20mm",6095.0,tonne,CLBM_Masterdata.xml
2013-03,monthly,material_wholesale_price,"Non-slip tile, 200mm x 200mm",157.0,square metre,CLBM_Masterdata.xml
2013-03,monthly,material_wholesale_price,"Plywood, formwork, 19mm thick",73.0,square metre,CLBM_Masterdata.xml
2013-03,monthly,material_wholesale_price,Portland cement (ordinary),700.0,tonne,CLBM_Masterdata.xml
2013-03,monthly,material_wholesale_price,Sand,120.0,tonne,CLBM_Masterdata.xml
2013-03,monthly,material_wholesale_price,"Sawn hardwood, 25mm thick plank",3814.0,cubic metre,CLBM_Masterdata.xml
2013-03,monthly,material_wholesale_price,"Sawn hardwood, 50 x 75mm column",5502.0,cubic metre,CLBM_Masterdata.xml
2013-03,monthly,material_wholesale_price,Steel angles,11856.0,tonne,CLBM_Masterdata.xml
2013-03,monthly,material_wholesale_price,Steel flats,10131.0,tonne,CLBM_Masterdata.xml
2013-03,monthly,material_wholesale_price,"Steel plate, 4mm thick",5958.0,tonne,CLBM_Masterdata.xml
2013-03,monthly,material_wholesale_price,Steel plates,8814.0,tonne,CLBM_Masterdata.xml
2013-03,monthly,material_wholesale_price,"Unglazed tiles, 18mm x 18mm",104.0,square metre,CLBM_Masterdata.xml
2013-03,monthly,material_wholesale_price,"White tiles, 108mm x 108mm",233.0,100 pieces,CLBM_Masterdata.xml
2013-04,monthly,material_wholesale_price,"32 mm diameter pipes, 4m long",56.0,no.,CLBM_Masterdata.xml
2013-04,monthly,material_wholesale_price,Acrylic paint,48.0,litre,CLBM_Masterdata.xml
2013-04,monthly,material_wholesale_price,Aggregates,62.0,tonne,CLBM_Masterdata.xml
2013-04,monthly,material_wholesale_price,Bitumen,8820.0,tonne,CLBM_Masterdata.xml
2013-04,monthly,material_wholesale_price,"Clear sheet glass, 5mm thick",151.0,square metre,CLBM_Masterdata.xml
2013-04,monthly,material_wholesale_price,"Colour tiles, 200mm x 200mm",398.0,100 pieces,CLBM_Masterdata.xml
2013-04,monthly,material_wholesale_price,"Concrete blocks, 100mm thick",70.0,square metre,CLBM_Masterdata.xml
2013-04,monthly,material_wholesale_price,Emulsion paint,51.0,litre,CLBM_Masterdata.xml
2013-04,monthly,material_wholesale_price,For industrial use (light),2060.0,200-litre drum,CLBM_Masterdata.xml
2013-04,monthly,material_wholesale_price,For road use,1015.0,100 litre,CLBM_Masterdata.xml
2013-04,monthly,material_wholesale_price,"Glass tiles, 25mm x 25mm",50.0,square metre,CLBM_Masterdata.xml
2013-04,monthly,material_wholesale_price,"Glazed tiles, 45mm x 45mm",122.0,square metre,CLBM_Masterdata.xml
2013-04,monthly,material_wholesale_price,"High tensile steel bars, 10mm to 40mm",5343.0,tonne,CLBM_Masterdata.xml
2013-04,monthly,material_wholesale_price,"Mild steel round bars, 6mm to 20mm",6015.0,tonne,CLBM_Masterdata.xml
2013-04,monthly,material_wholesale_price,"Non-slip tile, 200mm x 200mm",158.0,square metre,CLBM_Masterdata.xml
2013-04,monthly,material_wholesale_price,"Plywood, formwork, 19mm thick",74.0,square metre,CLBM_Masterdata.xml
2013-04,monthly,material_wholesale_price,Portland cement (ordinary),700.0,tonne,CLBM_Masterdata.xml
2013-04,monthly,material_wholesale_price,Sand,120.0,tonne,CLBM_Masterdata.xml
2013-04,monthly,material_wholesale_price,"Sawn hardwood, 25mm thick plank",3814.0,cubic metre,CLBM_Masterdata.xml
2013-04,monthly,material_wholesale_price,"Sawn hardwood, 50 x 75mm column",5502.0,cubic metre,CLBM_Masterdata.xml
2013-04,monthly,material_wholesale_price,Steel angles,11823.0,tonne,CLBM_Masterdata.xml
2013-04,monthly,material_wholesale_price,Steel flats,10131.0,tonne,CLBM_Masterdata.xml
2013-04,monthly,material_wholesale_price,"Steel plate, 4mm thick",5941.0,tonne,CLBM_Masterdata.xml
2013-04,monthly,material_wholesale_price,Steel plates,8771.0,tonne,CLBM_Masterdata.xml
2013-04,monthly,material_wholesale_price,"Unglazed tiles, 18mm x 18mm",104.0,square metre,CLBM_Masterdata.xml
2013-04,monthly,material_wholesale_price,"White tiles, 108mm x 108mm",233.0,100 pieces,CLBM_Masterdata.xml
2013-05,monthly,material_wholesale_price,"32 mm diameter pipes, 4m long",56.0,no.,CLBM_Masterdata.xml
2013-05,monthly,material_wholesale_price,Acrylic paint,49.0,litre,CLBM_Masterdata.xml
2013-05,monthly,material_wholesale_price,Aggregates,58.0,tonne,CLBM_Masterdata.xml
2013-05,monthly,material_wholesale_price,Bitumen,8820.0,tonne,CLBM_Masterdata.xml
2013-05,monthly,material_wholesale_price,"Clear sheet glass, 5mm thick",151.0,square metre,CLBM_Masterdata.xml
2013-05,monthly,material_wholesale_price,"Colour tiles, 200mm x 200mm",398.0,100 pieces,CLBM_Masterdata.xml
2013-05,monthly,material_wholesale_price,"Concrete blocks, 100mm thick",72.0,square metre,CLBM_Masterdata.xml
2013-05,monthly,material_wholesale_price,Emulsion paint,51.0,litre,CLBM_Masterdata.xml
2013-05,monthly,material_wholesale_price,For industrial use (light),2050.0,200-litre drum,CLBM_Masterdata.xml
2013-05,monthly,material_wholesale_price,For road use,1011.0,100 litre,CLBM_Masterdata.xml
2013-05,monthly,material_wholesale_price,"Glass tiles, 25mm x 25mm",50.0,square metre,CLBM_Masterdata.xml
2013-05,monthly,material_wholesale_price,"Glazed tiles, 45mm x 45mm",122.0,square metre,CLBM_Masterdata.xml
2013-05,monthly,material_wholesale_price,"High tensile steel bars, 10mm to 40mm",5226.0,tonne,CLBM_Masterdata.xml
2013-05,monthly,material_wholesale_price,"Mild steel round bars, 6mm to 20mm",5958.0,tonne,CLBM_Masterdata.xml
2013-05,monthly,material_wholesale_price,"Non-slip tile, 200mm x 200mm",158.0,square metre,CLBM_Masterdata.xml
2013-05,monthly,material_wholesale_price,"Plywood, formwork, 19mm thick",74.0,square metre,CLBM_Masterdata.xml
2013-05,monthly,material_wholesale_price,Portland cement (ordinary),700.0,tonne,CLBM_Masterdata.xml
2013-05,monthly,material_wholesale_price,Sand,120.0,tonne,CLBM_Masterdata.xml
2013-05,monthly,material_wholesale_price,"Sawn hardwood, 25mm thick plank",3814.0,cubic metre,CLBM_Masterdata.xml
2013-05,monthly,material_wholesale_price,"Sawn hardwood, 50 x 75mm column",5502.0,cubic metre,CLBM_Masterdata.xml
2013-05,monthly,material_wholesale_price,Steel angles,11823.0,tonne,CLBM_Masterdata.xml
2013-05,monthly,material_wholesale_price,Steel flats,10076.0,tonne,CLBM_Masterdata.xml
2013-05,monthly,material_wholesale_price,"Steel plate, 4mm thick",5919.0,tonne,CLBM_Masterdata.xml
2013-05,monthly,material_wholesale_price,Steel plates,8780.0,tonne,CLBM_Masterdata.xml
2013-05,monthly,material_wholesale_price,"Unglazed tiles, 18mm x 18mm",104.0,square metre,CLBM_Masterdata.xml
2013-05,monthly,material_wholesale_price,"White tiles, 108mm x 108mm",233.0,100 pieces,CLBM_Masterdata.xml
2013-06,monthly,material_wholesale_price,"32 mm diameter pipes, 4m long",57.0,no.,CLBM_Masterdata.xml
2013-06,monthly,material_wholesale_price,Acrylic paint,49.0,litre,CLBM_Masterdata.xml
2013-06,monthly,material_wholesale_price,Aggregates,60.0,tonne,CLBM_Masterdata.xml
2013-06,monthly,material_wholesale_price,Bitumen,8803.0,tonne,CLBM_Masterdata.xml
2013-06,monthly,material_wholesale_price,"Clear sheet glass, 5mm thick",151.0,square metre,CLBM_Masterdata.xml
2013-06,monthly,material_wholesale_price,"Colour tiles, 200mm x 200mm",398.0,100 pieces,CLBM_Masterdata.xml
2013-06,monthly,material_wholesale_price,"Concrete blocks, 100mm thick",72.0,square metre,CLBM_Masterdata.xml
2013-06,monthly,material_wholesale_price,Emulsion paint,52.0,litre,CLBM_Masterdata.xml
2013-06,monthly,material_wholesale_price,For industrial use (light),2075.0,200-litre drum,CLBM_Masterdata.xml
2013-06,monthly,material_wholesale_price,For road use,1030.0,100 litre,CLBM_Masterdata.xml
2013-06,monthly,material_wholesale_price,"Glass tiles, 25mm x 25mm",50.0,square metre,CLBM_Masterdata.xml
2013-06,monthly,material_wholesale_price,"Glazed tiles, 45mm x 45mm",122.0,square metre,CLBM_Masterdata.xml
2013-06,monthly,material_wholesale_price,"High tensile steel bars, 10mm to 40mm",5099.0,tonne,CLBM_Masterdata.xml
2013-06,monthly,material_wholesale_price,"Mild steel round bars, 6mm to 20mm",5870.0,tonne,CLBM_Masterdata.xml
2013-06,monthly,material_wholesale_price,"Non-slip tile, 200mm x 200mm",158.0,square metre,CLBM_Masterdata.xml
2013-06,monthly,material_wholesale_price,"Plywood, formwork, 19mm thick",74.0,square metre,CLBM_Masterdata.xml
2013-06,monthly,material_wholesale_price,Portland cement (ordinary),700.0,tonne,CLBM_Masterdata.xml
2013-06,monthly,material_wholesale_price,Sand,122.0,tonne,CLBM_Masterdata.xml
2013-06,monthly,material_wholesale_price,"Sawn hardwood, 25mm thick plank",3814.0,cubic metre,CLBM_Masterdata.xml
2013-06,monthly,material_wholesale_price,"Sawn hardwood, 50 x 75mm column",5502.0,cubic metre,CLBM_Masterdata.xml
2013-06,monthly,material_wholesale_price,Steel angles,11823.0,tonne,CLBM_Masterdata.xml
2013-06,monthly,material_wholesale_price,Steel flats,10076.0,tonne,CLBM_Masterdata.xml
2013-06,monthly,material_wholesale_price,"Steel plate, 4mm thick",5848.0,tonne,CLBM_Masterdata.xml
2013-06,monthly,material_wholesale_price,Steel plates,8773.0,tonne,CLBM_Masterdata.xml
2013-06,monthly,material_wholesale_price,"Unglazed tiles, 18mm x 18mm",104.0,square metre,CLBM_Masterdata.xml
2013-06,monthly,material_wholesale_price,"White tiles, 108mm x 108mm",233.0,100 pieces,CLBM_Masterdata.xml
2013-07,monthly,material_wholesale_price,"32 mm diameter pipes, 4m long",56.0,no.,CLBM_Masterdata.xml
2013-07,monthly,material_wholesale_price,Acrylic paint,49.0,litre,CLBM_Masterdata.xml
2013-07,monthly,material_wholesale_price,Aggregates,58.0,tonne,CLBM_Masterdata.xml
2013-07,monthly,material_wholesale_price,Bitumen,8770.0,tonne,CLBM_Masterdata.xml
2013-07,monthly,material_wholesale_price,"Clear sheet glass, 5mm thick",151.0,square metre,CLBM_Masterdata.xml
2013-07,monthly,material_wholesale_price,"Colour tiles, 200mm x 200mm",398.0,100 pieces,CLBM_Masterdata.xml
2013-07,monthly,material_wholesale_price,"Concrete blocks, 100mm thick",72.0,square metre,CLBM_Masterdata.xml
2013-07,monthly,material_wholesale_price,Emulsion paint,52.0,litre,CLBM_Masterdata.xml
2013-07,monthly,material_wholesale_price,For industrial use (light),2092.0,200-litre drum,CLBM_Masterdata.xml
2013-07,monthly,material_wholesale_price,For road use,1047.0,100 litre,CLBM_Masterdata.xml
2013-07,monthly,material_wholesale_price,"Glass tiles, 25mm x 25mm",50.0,square metre,CLBM_Masterdata.xml
2013-07,monthly,material_wholesale_price,"Glazed tiles, 45mm x 45mm",129.0,square metre,CLBM_Masterdata.xml
2013-07,monthly,material_wholesale_price,"High tensile steel bars, 10mm to 40mm",5169.0,tonne,CLBM_Masterdata.xml
2013-07,monthly,material_wholesale_price,"Mild steel round bars, 6mm to 20mm",5910.0,tonne,CLBM_Masterdata.xml
2013-07,monthly,material_wholesale_price,"Non-slip tile, 200mm x 200mm",158.0,square metre,CLBM_Masterdata.xml
2013-07,monthly,material_wholesale_price,"Plywood, formwork, 19mm thick",75.0,square metre,CLBM_Masterdata.xml
2013-07,monthly,material_wholesale_price,Portland cement (ordinary),698.0,tonne,CLBM_Masterdata.xml
2013-07,monthly,material_wholesale_price,Sand,122.0,tonne,CLBM_Masterdata.xml
2013-07,monthly,material_wholesale_price,"Sawn hardwood, 25mm thick plank",3814.0,cubic metre,CLBM_Masterdata.xml
2013-07,monthly,material_wholesale_price,"Sawn hardwood, 50 x 75mm column",5502.0,cubic metre,CLBM_Masterdata.xml
2013-07,monthly,material_wholesale_price,Steel angles,11823.0,tonne,CLBM_Masterdata.xml
2013-07,monthly,material_wholesale_price,Steel flats,10131.0,tonne,CLBM_Masterdata.xml
2013-07,monthly,material_wholesale_price,"Steel plate, 4mm thick",5817.0,tonne,CLBM_Masterdata.xml
2013-07,monthly,material_wholesale_price,Steel plates,8783.0,tonne,CLBM_Masterdata.xml
2013-07,monthly,material_wholesale_price,"Unglazed tiles, 18mm x 18mm",104.0,square metre,CLBM_Masterdata.xml
2013-07,monthly,material_wholesale_price,"White tiles, 108mm x 108mm",233.0,100 pieces,CLBM_Masterdata.xml
2013-08,monthly,material_wholesale_price,"32 mm diameter pipes, 4m long",56.0,no.,CLBM_Masterdata.xml
2013-08,monthly,material_wholesale_price,Acrylic paint,49.0,litre,CLBM_Masterdata.xml
2013-08,monthly,material_wholesale_price,Aggregates,60.0,tonne,CLBM_Masterdata.xml
2013-08,monthly,material_wholesale_price,Bitumen,8717.0,tonne,CLBM_Masterdata.xml
2013-08,monthly,material_wholesale_price,"Clear sheet glass, 5mm thick",151.0,square metre,CLBM_Masterdata.xml
2013-08,monthly,material_wholesale_price,"Colour tiles, 200mm x 200mm",398.0,100 pieces,CLBM_Masterdata.xml
2013-08,monthly,material_wholesale_price,"Concrete blocks, 100mm thick",72.0,square metre,CLBM_Masterdata.xml
2013-08,monthly,material_wholesale_price,Emulsion paint,52.0,litre,CLBM_Masterdata.xml
2013-08,monthly,material_wholesale_price,For industrial use (light),2106.0,200-litre drum,CLBM_Masterdata.xml
2013-08,monthly,material_wholesale_price,For road use,1054.0,100 litre,CLBM_Masterdata.xml
2013-08,monthly,material_wholesale_price,"Glass tiles, 25mm x 25mm",50.0,square metre,CLBM_Masterdata.xml
2013-08,monthly,material_wholesale_price,"Glazed tiles, 45mm x 45mm",129.0,square metre,CLBM_Masterdata.xml
2013-08,monthly,material_wholesale_price,"High tensile steel bars, 10mm to 40mm",5220.0,tonne,CLBM_Masterdata.xml
2013-08,monthly,material_wholesale_price,"Mild steel round bars, 6mm to 20mm",5980.0,tonne,CLBM_Masterdata.xml
2013-08,monthly,material_wholesale_price,"Non-slip tile, 200mm x 200mm",158.0,square metre,CLBM_Masterdata.xml
2013-08,monthly,material_wholesale_price,"Plywood, formwork, 19mm thick",74.0,square metre,CLBM_Masterdata.xml
2013-08,monthly,material_wholesale_price,Portland cement (ordinary),697.0,tonne,CLBM_Masterdata.xml
2013-08,monthly,material_wholesale_price,Sand,123.0,tonne,CLBM_Masterdata.xml
2013-08,monthly,material_wholesale_price,"Sawn hardwood, 25mm thick plank",3814.0,cubic metre,CLBM_Masterdata.xml
2013-08,monthly,material_wholesale_price,"Sawn hardwood, 50 x 75mm column",5502.0,cubic metre,CLBM_Masterdata.xml
2013-08,monthly,material_wholesale_price,Steel angles,11823.0,tonne,CLBM_Masterdata.xml
2013-08,monthly,material_wholesale_price,Steel flats,10131.0,tonne,CLBM_Masterdata.xml
2013-08,monthly,material_wholesale_price,"Steel plate, 4mm thick",5800.0,tonne,CLBM_Masterdata.xml
2013-08,monthly,material_wholesale_price,Steel plates,8783.0,tonne,CLBM_Masterdata.xml
2013-08,monthly,material_wholesale_price,"Unglazed tiles, 18mm x 18mm",109.0,square metre,CLBM_Masterdata.xml
2013-08,monthly,material_wholesale_price,"White tiles, 108mm x 108mm",243.0,100 pieces,CLBM_Masterdata.xml
2013-09,monthly,material_wholesale_price,"32 mm diameter pipes, 4m long",56.0,no.,CLBM_Masterdata.xml
2013-09,monthly,material_wholesale_price,Acrylic paint,49.0,litre,CLBM_Masterdata.xml
2013-09,monthly,material_wholesale_price,Aggregates,56.0,tonne,CLBM_Masterdata.xml
2013-09,monthly,material_wholesale_price,Bitumen,8690.0,tonne,CLBM_Masterdata.xml
2013-09,monthly,material_wholesale_price,"Clear sheet glass, 5mm thick",151.0,square metre,CLBM_Masterdata.xml
2013-09,monthly,material_wholesale_price,"Colour tiles, 200mm x 200mm",398.0,100 pieces,CLBM_Masterdata.xml
2013-09,monthly,material_wholesale_price,"Concrete blocks, 100mm thick",72.0,square metre,CLBM_Masterdata.xml
2013-09,monthly,material_wholesale_price,Emulsion paint,52.0,litre,CLBM_Masterdata.xml
2013-09,monthly,material_wholesale_price,For industrial use (light),2111.0,200-litre drum,CLBM_Masterdata.xml
2013-09,monthly,material_wholesale_price,For road use,1062.0,100 litre,CLBM_Masterdata.xml
2013-09,monthly,material_wholesale_price,"Glass tiles, 25mm x 25mm",50.0,square metre,CLBM_Masterdata.xml
2013-09,monthly,material_wholesale_price,"Glazed tiles, 45mm x 45mm",129.0,square metre,CLBM_Masterdata.xml
2013-09,monthly,material_wholesale_price,"High tensile steel bars, 10mm to 40mm",5195.0,tonne,CLBM_Masterdata.xml
2013-09,monthly,material_wholesale_price,"Mild steel round bars, 6mm to 20mm",5960.0,tonne,CLBM_Masterdata.xml
2013-09,monthly,material_wholesale_price,"Non-slip tile, 200mm x 200mm",158.0,square metre,CLBM_Masterdata.xml
2013-09,monthly,material_wholesale_price,"Plywood, formwork, 19mm thick",75.0,square metre,CLBM_Masterdata.xml
2013-09,monthly,material_wholesale_price,Portland cement (ordinary),697.0,tonne,CLBM_Masterdata.xml
2013-09,monthly,material_wholesale_price,Sand,119.0,tonne,CLBM_Masterdata.xml
2013-09,monthly,material_wholesale_price,"Sawn hardwood, 25mm thick plank",3814.0,cubic metre,CLBM_Masterdata.xml
2013-09,monthly,material_wholesale_price,"Sawn hardwood, 50 x 75mm column",5502.0,cubic metre,CLBM_Masterdata.xml
2013-09,monthly,material_wholesale_price,Steel angles,11823.0,tonne,CLBM_Masterdata.xml
2013-09,monthly,material_wholesale_price,Steel flats,10131.0,tonne,CLBM_Masterdata.xml
2013-09,monthly,material_wholesale_price,"Steel plate, 4mm thick",5800.0,tonne,CLBM_Masterdata.xml
2013-09,monthly,material_wholesale_price,Steel plates,8783.0,tonne,CLBM_Masterdata.xml
2013-09,monthly,material_wholesale_price,"Unglazed tiles, 18mm x 18mm",109.0,square metre,CLBM_Masterdata.xml
2013-09,monthly,material_wholesale_price,"White tiles, 108mm x 108mm",243.0,100 pieces,CLBM_Masterdata.xml
2013-10,monthly,material_wholesale_price,"32 mm diameter pipes, 4m long",56.0,no.,CLBM_Masterdata.xml
2013-10,monthly,material_wholesale_price,Acrylic paint,49.0,litre,CLBM_Masterdata.xml
2013-10,monthly,material_wholesale_price,Aggregates,58.0,tonne,CLBM_Masterdata.xml
2013-10,monthly,material_wholesale_price,Bitumen,8690.0,tonne,CLBM_Masterdata.xml
2013-10,monthly,material_wholesale_price,"Clear sheet glass, 5mm thick",151.0,square metre,CLBM_Masterdata.xml
2013-10,monthly,material_wholesale_price,"Colour tiles, 200mm x 200mm",398.0,100 pieces,CLBM_Masterdata.xml
2013-10,monthly,material_wholesale_price,"Concrete blocks, 100mm thick",72.0,square metre,CLBM_Masterdata.xml
2013-10,monthly,material_wholesale_price,Emulsion paint,52.0,litre,CLBM_Masterdata.xml
2013-10,monthly,material_wholesale_price,For industrial use (light),2103.0,200-litre drum,CLBM_Masterdata.xml
2013-10,monthly,material_wholesale_price,For road use,1059.0,100 litre,CLBM_Masterdata.xml
2013-10,monthly,material_wholesale_price,"Glass tiles, 25mm x 25mm",50.0,square metre,CLBM_Masterdata.xml
2013-10,monthly,material_wholesale_price,"Glazed tiles, 45mm x 45mm",129.0,square metre,CLBM_Masterdata.xml
2013-10,monthly,material_wholesale_price,"High tensile steel bars, 10mm to 40mm",5117.0,tonne,CLBM_Masterdata.xml
2013-10,monthly,material_wholesale_price,"Mild steel round bars, 6mm to 20mm",5900.0,tonne,CLBM_Masterdata.xml
2013-10,monthly,material_wholesale_price,"Non-slip tile, 200mm x 200mm",158.0,square metre,CLBM_Masterdata.xml
2013-10,monthly,material_wholesale_price,"Plywood, formwork, 19mm thick",75.0,square metre,CLBM_Masterdata.xml
2013-10,monthly,material_wholesale_price,Portland cement (ordinary),697.0,tonne,CLBM_Masterdata.xml
2013-10,monthly,material_wholesale_price,Sand,119.0,tonne,CLBM_Masterdata.xml
2013-10,monthly,material_wholesale_price,"Sawn hardwood, 25mm thick plank",3814.0,cubic metre,CLBM_Masterdata.xml
2013-10,monthly,material_wholesale_price,"Sawn hardwood, 50 x 75mm column",5502.0,cubic metre,CLBM_Masterdata.xml
2013-10,monthly,material_wholesale_price,Steel angles,11823.0,tonne,CLBM_Masterdata.xml
2013-10,monthly,material_wholesale_price,Steel flats,10131.0,tonne,CLBM_Masterdata.xml
2013-10,monthly,material_wholesale_price,"Steel plate, 4mm thick",5800.0,tonne,CLBM_Masterdata.xml
2013-10,monthly,material_wholesale_price,Steel plates,8783.0,tonne,CLBM_Masterdata.xml
2013-10,monthly,material_wholesale_price,"Unglazed tiles, 18mm x 18mm",109.0,square metre,CLBM_Masterdata.xml
2013-10,monthly,material_wholesale_price,"White tiles, 108mm x 108mm",243.0,100 pieces,CLBM_Masterdata.xml
2013-11,monthly,material_wholesale_price,"32 mm diameter pipes, 4m long",56.0,no.,CLBM_Masterdata.xml
2013-11,monthly,material_wholesale_price,Acrylic paint,49.0,litre,CLBM_Masterdata.xml
2013-11,monthly,material_wholesale_price,Aggregates,58.0,tonne,CLBM_Masterdata.xml
2013-11,monthly,material_wholesale_price,Bitumen,8663.0,tonne,CLBM_Masterdata.xml
2013-11,monthly,material_wholesale_price,"Clear sheet glass, 5mm thick",151.0,square metre,CLBM_Masterdata.xml
2013-11,monthly,material_wholesale_price,"Colour tiles, 200mm x 200mm",398.0,100 pieces,CLBM_Masterdata.xml
2013-11,monthly,material_wholesale_price,"Concrete blocks, 100mm thick",72.0,square metre,CLBM_Masterdata.xml
2013-11,monthly,material_wholesale_price,Emulsion paint,52.0,litre,CLBM_Masterdata.xml
2013-11,monthly,material_wholesale_price,For industrial use (light),2125.0,200-litre drum,CLBM_Masterdata.xml
2013-11,monthly,material_wholesale_price,For road use,1056.0,100 litre,CLBM_Masterdata.xml
2013-11,monthly,material_wholesale_price,"Glass tiles, 25mm x 25mm",50.0,square metre,CLBM_Masterdata.xml
2013-11,monthly,material_wholesale_price,"Glazed tiles, 45mm x 45mm",129.0,square metre,CLBM_Masterdata.xml
2013-11,monthly,material_wholesale_price,"High tensile steel bars, 10mm to 40mm",5093.0,tonne,CLBM_Masterdata.xml
2013-11,monthly,material_wholesale_price,"Mild steel round bars, 6mm to 20mm",5915.0,tonne,CLBM_Masterdata.xml
2013-11,monthly,material_wholesale_price,"Non-slip tile, 200mm x 200mm",158.0,square metre,CLBM_Masterdata.xml
2013-11,monthly,material_wholesale_price,"Plywood, formwork, 19mm thick",75.0,square metre,CLBM_Masterdata.xml
2013-11,monthly,material_wholesale_price,Portland cement (ordinary),697.0,tonne,CLBM_Masterdata.xml
2013-11,monthly,material_wholesale_price,Sand,120.0,tonne,CLBM_Masterdata.xml
2013-11,monthly,material_wholesale_price,"Sawn hardwood, 25mm thick plank",3814.0,cubic metre,CLBM_Masterdata.xml
2013-11,monthly,material_wholesale_price,"Sawn hardwood, 50 x 75mm column",5502.0,cubic metre,CLBM_Masterdata.xml
2013-11,monthly,material_wholesale_price,Steel angles,11823.0,tonne,CLBM_Masterdata.xml
2013-11,monthly,material_wholesale_price,Steel flats,10131.0,tonne,CLBM_Masterdata.xml
2013-11,monthly,material_wholesale_price,"Steel plate, 4mm thick",5787.0,tonne,CLBM_Masterdata.xml
2013-11,monthly,material_wholesale_price,Steel plates,9541.0,tonne,CLBM_Masterdata.xml
2013-11,monthly,material_wholesale_price,"Unglazed tiles, 18mm x 18mm",109.0,square metre,CLBM_Masterdata.xml
2013-11,monthly,material_wholesale_price,"White tiles, 108mm x 108mm",243.0,100 pieces,CLBM_Masterdata.xml
2013-12,monthly,material_wholesale_price,"32 mm diameter pipes, 4m long",56.0,no.,CLBM_Masterdata.xml
2013-12,monthly,material_wholesale_price,Acrylic paint,49.0,litre,CLBM_Masterdata.xml
2013-12,monthly,material_wholesale_price,Aggregates,60.0,tonne,CLBM_Masterdata.xml
2013-12,monthly,material_wholesale_price,Bitumen,8610.0,tonne,CLBM_Masterdata.xml
2013-12,monthly,material_wholesale_price,"Clear sheet glass, 5mm thick",151.0,square metre,CLBM_Masterdata.xml
2013-12,monthly,material_wholesale_price,"Colour tiles, 200mm x 200mm",398.0,100 pieces,CLBM_Masterdata.xml
2013-12,monthly,material_wholesale_price,"Concrete blocks, 100mm thick",72.0,square metre,CLBM_Masterdata.xml
2013-12,monthly,material_wholesale_price,Emulsion paint,52.0,litre,CLBM_Masterdata.xml
2013-12,monthly,material_wholesale_price,For industrial use (light),2140.0,200-litre drum,CLBM_Masterdata.xml
2013-12,monthly,material_wholesale_price,For road use,1072.0,100 litre,CLBM_Masterdata.xml
2013-12,monthly,material_wholesale_price,"Glass tiles, 25mm x 25mm",50.0,square metre,CLBM_Masterdata.xml
2013-12,monthly,material_wholesale_price,"Glazed tiles, 45mm x 45mm",129.0,square metre,CLBM_Masterdata.xml
2013-12,monthly,material_wholesale_price,"High tensile steel bars, 10mm to 40mm",5118.0,tonne,CLBM_Masterdata.xml
2013-12,monthly,material_wholesale_price,"Mild steel round bars, 6mm to 20mm",5945.0,tonne,CLBM_Masterdata.xml
2013-12,monthly,material_wholesale_price,"Non-slip tile, 200mm x 200mm",158.0,square metre,CLBM_Masterdata.xml
2013-12,monthly,material_wholesale_price,"Plywood, formwork, 19mm thick",75.0,square metre,CLBM_Masterdata.xml
2013-12,monthly,material_wholesale_price,Portland cement (ordinary),698.0,tonne,CLBM_Masterdata.xml
2013-12,monthly,material_wholesale_price,Sand,120.0,tonne,CLBM_Masterdata.xml
2013-12,monthly,material_wholesale_price,"Sawn hardwood, 25mm thick plank",3814.0,cubic metre,CLBM_Masterdata.xml
2013-12,monthly,material_wholesale_price,"Sawn hardwood, 50 x 75mm column",5519.0,cubic metre,CLBM_Masterdata.xml
2013-12,monthly,material_wholesale_price,Steel angles,11806.0,tonne,CLBM_Masterdata.xml
2013-12,monthly,material_wholesale_price,Steel flats,10131.0,tonne,CLBM_Masterdata.xml
2013-12,monthly,material_wholesale_price,"Steel plate, 4mm thick",5794.0,tonne,CLBM_Masterdata.xml
2013-12,monthly,material_wholesale_price,Steel plates,9541.0,tonne,CLBM_Masterdata.xml
2013-12,monthly,material_wholesale_price,"Unglazed tiles, 18mm x 18mm",109.0,square metre,CLBM_Masterdata.xml
2013-12,monthly,material_wholesale_price,"White tiles, 108mm x 108mm",243.0,100 pieces,CLBM_Masterdata.xml
2014-01,monthly,material_wholesale_price,"32 mm diameter pipes, 4m long",56.0,no.,CLBM_Masterdata.xml
2014-01,monthly,material_wholesale_price,Acrylic paint,49.0,litre,CLBM_Masterdata.xml
2014-01,monthly,material_wholesale_price,Aggregates,63.0,tonne,CLBM_Masterdata.xml
2014-01,monthly,material_wholesale_price,Bitumen,8610.0,tonne,CLBM_Masterdata.xml
2014-01,monthly,material_wholesale_price,"Clear sheet glass, 5mm thick",151.0,square metre,CLBM_Masterdata.xml
2014-01,monthly,material_wholesale_price,"Colour tiles, 200mm x 200mm",398.0,100 pieces,CLBM_Masterdata.xml
2014-01,monthly,material_wholesale_price,"Concrete blocks, 100mm thick",76.0,square metre,CLBM_Masterdata.xml
2014-01,monthly,material_wholesale_price,Emulsion paint,52.0,litre,CLBM_Masterdata.xml
2014-01,monthly,material_wholesale_price,For industrial use (light),2131.0,200-litre drum,CLBM_Masterdata.xml
2014-01,monthly,material_wholesale_price,For road use,1065.0,100 litre,CLBM_Masterdata.xml
2014-01,monthly,material_wholesale_price,"Glass tiles, 25mm x 25mm",50.0,square metre,CLBM_Masterdata.xml
2014-01,monthly,material_wholesale_price,"Glazed tiles, 45mm x 45mm",130.0,square metre,CLBM_Masterdata.xml
2014-01,monthly,material_wholesale_price,"High tensile steel bars, 10mm to 40mm",5101.0,tonne,CLBM_Masterdata.xml
2014-01,monthly,material_wholesale_price,"Mild steel round bars, 6mm to 20mm",5910.0,tonne,CLBM_Masterdata.xml
2014-01,monthly,material_wholesale_price,"Non-slip tile, 200mm x 200mm",158.0,square metre,CLBM_Masterdata.xml
2014-01,monthly,material_wholesale_price,"Plywood, formwork, 19mm thick",75.0,square metre,CLBM_Masterdata.xml
2014-01,monthly,material_wholesale_price,Portland cement (ordinary),713.0,tonne,CLBM_Masterdata.xml
2014-01,monthly,material_wholesale_price,Sand,120.0,tonne,CLBM_Masterdata.xml
2014-01,monthly,material_wholesale_price,"Sawn hardwood, 25mm thick plank",3814.0,cubic metre,CLBM_Masterdata.xml
2014-01,monthly,material_wholesale_price,"Sawn hardwood, 50 x 75mm column",5519.0,cubic metre,CLBM_Masterdata.xml
2014-01,monthly,material_wholesale_price,Steel angles,12101.0,tonne,CLBM_Masterdata.xml
2014-01,monthly,material_wholesale_price,Steel flats,10158.0,tonne,CLBM_Masterdata.xml
2014-01,monthly,material_wholesale_price,"Steel plate, 4mm thick",5753.0,tonne,CLBM_Masterdata.xml
2014-01,monthly,material_wholesale_price,Steel plates,9531.0,tonne,CLBM_Masterdata.xml
2014-01,monthly,material_wholesale_price,"Unglazed tiles, 18mm x 18mm",109.0,square metre,CLBM_Masterdata.xml
2014-01,monthly,material_wholesale_price,"White tiles, 108mm x 108mm",243.0,100 pieces,CLBM_Masterdata.xml
2014-02,monthly,material_wholesale_price,"32 mm diameter pipes, 4m long",55.0,no.,CLBM_Masterdata.xml
2014-02,monthly,material_wholesale_price,Acrylic paint,49.0,litre,CLBM_Masterdata.xml
2014-02,monthly,material_wholesale_price,Aggregates,62.0,tonne,CLBM_Masterdata.xml
2014-02,monthly,material_wholesale_price,Bitumen,8530.0,tonne,CLBM_Masterdata.xml
2014-02,monthly,material_wholesale_price,"Clear sheet glass, 5mm thick",151.0,square metre,CLBM_Masterdata.xml
2014-02,monthly,material_wholesale_price,"Colour tiles, 200mm x 200mm",398.0,100 pieces,CLBM_Masterdata.xml
2014-02,monthly,material_wholesale_price,"Concrete blocks, 100mm thick",77.0,square metre,CLBM_Masterdata.xml
2014-02,monthly,material_wholesale_price,Emulsion paint,52.0,litre,CLBM_Masterdata.xml
2014-02,monthly,material_wholesale_price,For industrial use (light),2126.0,200-litre drum,CLBM_Masterdata.xml
2014-02,monthly,material_wholesale_price,For road use,1065.0,100 litre,CLBM_Masterdata.xml
2014-02,monthly,material_wholesale_price,"Glass tiles, 25mm x 25mm",50.0,square metre,CLBM_Masterdata.xml
2014-02,monthly,material_wholesale_price,"Glazed tiles, 45mm x 45mm",130.0,square metre,CLBM_Masterdata.xml
2014-02,monthly,material_wholesale_price,"High tensile steel bars, 10mm to 40mm",5083.0,tonne,CLBM_Masterdata.xml
2014-02,monthly,material_wholesale_price,"Mild steel round bars, 6mm to 20mm",5870.0,tonne,CLBM_Masterdata.xml
2014-02,monthly,material_wholesale_price,"Non-slip tile, 200mm x 200mm",158.0,square metre,CLBM_Masterdata.xml
2014-02,monthly,material_wholesale_price,"Plywood, formwork, 19mm thick",75.0,square metre,CLBM_Masterdata.xml
2014-02,monthly,material_wholesale_price,Portland cement (ordinary),714.0,tonne,CLBM_Masterdata.xml
2014-02,monthly,material_wholesale_price,Sand,120.0,tonne,CLBM_Masterdata.xml
2014-02,monthly,material_wholesale_price,"Sawn hardwood, 25mm thick plank",3814.0,cubic metre,CLBM_Masterdata.xml
2014-02,monthly,material_wholesale_price,"Sawn hardwood, 50 x 75mm column",5519.0,cubic metre,CLBM_Masterdata.xml
2014-02,monthly,material_wholesale_price,Steel angles,12051.0,tonne,CLBM_Masterdata.xml
2014-02,monthly,material_wholesale_price,Steel flats,10209.0,tonne,CLBM_Masterdata.xml
2014-02,monthly,material_wholesale_price,"Steel plate, 4mm thick",5742.0,tonne,CLBM_Masterdata.xml
2014-02,monthly,material_wholesale_price,Steel plates,9511.0,tonne,CLBM_Masterdata.xml
2014-02,monthly,material_wholesale_price,"Unglazed tiles, 18mm x 18mm",114.0,square metre,CLBM_Masterdata.xml
2014-02,monthly,material_wholesale_price,"White tiles, 108mm x 108mm",243.0,100 pieces,CLBM_Masterdata.xml
2014-03,monthly,material_wholesale_price,"32 mm diameter pipes, 4m long",54.0,no.,CLBM_Masterdata.xml
2014-03,monthly,material_wholesale_price,Acrylic paint,49.0,litre,CLBM_Masterdata.xml
2014-03,monthly,material_wholesale_price,Aggregates,62.0,tonne,CLBM_Masterdata.xml
2014-03,monthly,material_wholesale_price,Bitumen,8503.0,tonne,CLBM_Masterdata.xml
2014-03,monthly,material_wholesale_price,"Clear sheet glass, 5mm thick",151.0,square metre,CLBM_Masterdata.xml
2014-03,monthly,material_wholesale_price,"Colour tiles, 200mm x 200mm",398.0,100 pieces,CLBM_Masterdata.xml
2014-03,monthly,material_wholesale_price,"Concrete blocks, 100mm thick",77.0,square metre,CLBM_Masterdata.xml
2014-03,monthly,material_wholesale_price,Emulsion paint,52.0,litre,CLBM_Masterdata.xml
2014-03,monthly,material_wholesale_price,For industrial use (light),2130.0,200-litre drum,CLBM_Masterdata.xml
2014-03,monthly,material_wholesale_price,For road use,1075.0,100 litre,CLBM_Masterdata.xml
2014-03,monthly,material_wholesale_price,"Glass tiles, 25mm x 25mm",50.0,square metre,CLBM_Masterdata.xml
2014-03,monthly,material_wholesale_price,"Glazed tiles, 45mm x 45mm",130.0,square metre,CLBM_Masterdata.xml
2014-03,monthly,material_wholesale_price,"High tensile steel bars, 10mm to 40mm",5056.0,tonne,CLBM_Masterdata.xml
2014-03,monthly,material_wholesale_price,"Mild steel round bars, 6mm to 20mm",5895.0,tonne,CLBM_Masterdata.xml
2014-03,monthly,material_wholesale_price,"Non-slip tile, 200mm x 200mm",159.0,square metre,CLBM_Masterdata.xml
2014-03,monthly,material_wholesale_price,"Plywood, formwork, 19mm thick",75.0,square metre,CLBM_Masterdata.xml
2014-03,monthly,material_wholesale_price,Portland cement (ordinary),714.0,tonne,CLBM_Masterdata.xml
2014-03,monthly,material_wholesale_price,Sand,120.0,tonne,CLBM_Masterdata.xml
2014-03,monthly,material_wholesale_price,"Sawn hardwood, 25mm thick plank",3814.0,cubic metre,CLBM_Masterdata.xml
2014-03,monthly,material_wholesale_price,"Sawn hardwood, 50 x 75mm column",5519.0,cubic metre,CLBM_Masterdata.xml
2014-03,monthly,material_wholesale_price,Steel angles,12017.0,tonne,CLBM_Masterdata.xml
2014-03,monthly,material_wholesale_price,Steel flats,10192.0,tonne,CLBM_Masterdata.xml
2014-03,monthly,material_wholesale_price,"Steel plate, 4mm thick",5705.0,tonne,CLBM_Masterdata.xml
2014-03,monthly,material_wholesale_price,Steel plates,9511.0,tonne,CLBM_Masterdata.xml
2014-03,monthly,material_wholesale_price,"Unglazed tiles, 18mm x 18mm",114.0,square metre,CLBM_Masterdata.xml
2014-03,monthly,material_wholesale_price,"White tiles, 108mm x 108mm",243.0,100 pieces,CLBM_Masterdata.xml
2014-04,monthly,material_wholesale_price,"32 mm diameter pipes, 4m long",55.0,no.,CLBM_Masterdata.xml
2014-04,monthly,material_wholesale_price,Acrylic paint,49.0,litre,CLBM_Masterdata.xml
2014-04,monthly,material_wholesale_price,Aggregates,63.0,tonne,CLBM_Masterdata.xml
2014-04,monthly,material_wholesale_price,Bitumen,8450.0,tonne,CLBM_Masterdata.xml
2014-04,monthly,material_wholesale_price,"Clear sheet glass, 5mm thick",151.0,square metre,CLBM_Masterdata.xml
2014-04,monthly,material_wholesale_price,"Colour tiles, 200mm x 200mm",398.0,100 pieces,CLBM_Masterdata.xml
2014-04,monthly,material_wholesale_price,"Concrete blocks, 100mm thick",77.0,square metre,CLBM_Masterdata.xml
2014-04,monthly,material_wholesale_price,Emulsion paint,52.0,litre,CLBM_Masterdata.xml
2014-04,monthly,material_wholesale_price,For industrial use (light),2125.0,200-litre drum,CLBM_Masterdata.xml
2014-04,monthly,material_wholesale_price,For road use,1077.0,100 litre,CLBM_Masterdata.xml
2014-04,monthly,material_wholesale_price,"Glass tiles, 25mm x 25mm",50.0,square metre,CLBM_Masterdata.xml
2014-04,monthly,material_wholesale_price,"Glazed tiles, 45mm x 45mm",130.0,square metre,CLBM_Masterdata.xml
2014-04,monthly,material_wholesale_price,"High tensile steel bars, 10mm to 40mm",5022.0,tonne,CLBM_Masterdata.xml
2014-04,monthly,material_wholesale_price,"Mild steel round bars, 6mm to 20mm",5765.0,tonne,CLBM_Masterdata.xml
2014-04,monthly,material_wholesale_price,"Non-slip tile, 200mm x 200mm",159.0,square metre,CLBM_Masterdata.xml
2014-04,monthly,material_wholesale_price,"Plywood, formwork, 19mm thick",74.0,square metre,CLBM_Masterdata.xml
2014-04,monthly,material_wholesale_price,Portland cement (ordinary),714.0,tonne,CLBM_Masterdata.xml
2014-04,monthly,material_wholesale_price,Sand,120.0,tonne,CLBM_Masterdata.xml
2014-04,monthly,material_wholesale_price,"Sawn hardwood, 25mm thick plank",3814.0,cubic metre,CLBM_Masterdata.xml
2014-04,monthly,material_wholesale_price,"Sawn hardwood, 50 x 75mm column",5519.0,cubic metre,CLBM_Masterdata.xml
2014-04,monthly,material_wholesale_price,Steel angles,11967.0,tonne,CLBM_Masterdata.xml
2014-04,monthly,material_wholesale_price,Steel flats,10169.0,tonne,CLBM_Masterdata.xml
2014-04,monthly,material_wholesale_price,"Steel plate, 4mm thick",5614.0,tonne,CLBM_Masterdata.xml
2014-04,monthly,material_wholesale_price,Steel plates,9511.0,tonne,CLBM_Masterdata.xml
2014-04,monthly,material_wholesale_price,"Unglazed tiles, 18mm x 18mm",114.0,square metre,CLBM_Masterdata.xml
2014-04,monthly,material_wholesale_price,"White tiles, 108mm x 108mm",233.0,100 pieces,CLBM_Masterdata.xml
2014-05,monthly,material_wholesale_price,"32 mm diameter pipes, 4m long",55.0,no.,CLBM_Masterdata.xml
2014-05,monthly,material_wholesale_price,Acrylic paint,49.0,litre,CLBM_Masterdata.xml
2014-05,monthly,material_wholesale_price,Aggregates,62.0,tonne,CLBM_Masterdata.xml
2014-05,monthly,material_wholesale_price,Bitumen,8433.0,tonne,CLBM_Masterdata.xml
2014-05,monthly,material_wholesale_price,"Clear sheet glass, 5mm thick",151.0,square metre,CLBM_Masterdata.xml
2014-05,monthly,material_wholesale_price,"Colour tiles, 200mm x 200mm",398.0,100 pieces,CLBM_Masterdata.xml
2014-05,monthly,material_wholesale_price,"Concrete blocks, 100mm thick",77.0,square metre,CLBM_Masterdata.xml
2014-05,monthly,material_wholesale_price,Emulsion paint,52.0,litre,CLBM_Masterdata.xml
2014-05,monthly,material_wholesale_price,For industrial use (light),2141.0,200-litre drum,CLBM_Masterdata.xml
2014-05,monthly,material_wholesale_price,For road use,1082.0,100 litre,CLBM_Masterdata.xml
2014-05,monthly,material_wholesale_price,"Glass tiles, 25mm x 25mm",50.0,square metre,CLBM_Masterdata.xml
2014-05,monthly,material_wholesale_price,"Glazed tiles, 45mm x 45mm",130.0,square metre,CLBM_Masterdata.xml
2014-05,monthly,material_wholesale_price,"High tensile steel bars, 10mm to 40mm",4929.0,tonne,CLBM_Masterdata.xml
2014-05,monthly,material_wholesale_price,"Mild steel round bars, 6mm to 20mm",5750.0,tonne,CLBM_Masterdata.xml
2014-05,monthly,material_wholesale_price,"Non-slip tile, 200mm x 200mm",161.0,square metre,CLBM_Masterdata.xml
2014-05,monthly,material_wholesale_price,"Plywood, formwork, 19mm thick",74.0,square metre,CLBM_Masterdata.xml
2014-05,monthly,material_wholesale_price,Portland cement (ordinary),714.0,tonne,CLBM_Masterdata.xml
2014-05,monthly,material_wholesale_price,Sand,120.0,tonne,CLBM_Masterdata.xml
2014-05,monthly,material_wholesale_price,"Sawn hardwood, 25mm thick plank",3814.0,cubic metre,CLBM_Masterdata.xml
2014-05,monthly,material_wholesale_price,"Sawn hardwood, 50 x 75mm column",5529.0,cubic metre,CLBM_Masterdata.xml
2014-05,monthly,material_wholesale_price,Steel angles,11967.0,tonne,CLBM_Masterdata.xml
2014-05,monthly,material_wholesale_price,Steel flats,10141.0,tonne,CLBM_Masterdata.xml
2014-05,monthly,material_wholesale_price,"Steel plate, 4mm thick",5614.0,tonne,CLBM_Masterdata.xml
2014-05,monthly,material_wholesale_price,Steel plates,9511.0,tonne,CLBM_Masterdata.xml
2014-05,monthly,material_wholesale_price,"Unglazed tiles, 18mm x 18mm",114.0,square metre,CLBM_Masterdata.xml
2014-05,monthly,material_wholesale_price,"White tiles, 108mm x 108mm",233.0,100 pieces,CLBM_Masterdata.xml
2014-06,monthly,material_wholesale_price,"32 mm diameter pipes, 4m long",57.0,no.,CLBM_Masterdata.xml
2014-06,monthly,material_wholesale_price,Acrylic paint,49.0,litre,CLBM_Masterdata.xml
2014-06,monthly,material_wholesale_price,Aggregates,64.0,tonne,CLBM_Masterdata.xml
2014-06,monthly,material_wholesale_price,Bitumen,8400.0,tonne,CLBM_Masterdata.xml
2014-06,monthly,material_wholesale_price,"Clear sheet glass, 5mm thick",151.0,square metre,CLBM_Masterdata.xml
2014-06,monthly,material_wholesale_price,"Colour tiles, 200mm x 200mm",401.0,100 pieces,CLBM_Masterdata.xml
2014-06,monthly,material_wholesale_price,"Concrete blocks, 100mm thick",77.0,square metre,CLBM_Masterdata.xml
2014-06,monthly,material_wholesale_price,Emulsion paint,52.0,litre,CLBM_Masterdata.xml
2014-06,monthly,material_wholesale_price,For industrial use (light),2129.0,200-litre drum,CLBM_Masterdata.xml
2014-06,monthly,material_wholesale_price,For road use,1085.0,100 litre,CLBM_Masterdata.xml
2014-06,monthly,material_wholesale_price,"Glass tiles, 25mm x 25mm",50.0,square metre,CLBM_Masterdata.xml
2014-06,monthly,material_wholesale_price,"Glazed tiles, 45mm x 45mm",132.0,square metre,CLBM_Masterdata.xml
2014-06,monthly,material_wholesale_price,"High tensile steel bars, 10mm to 40mm",4831.0,tonne,CLBM_Masterdata.xml
2014-06,monthly,material_wholesale_price,"Mild steel round bars, 6mm to 20mm",5680.0,tonne,CLBM_Masterdata.xml
2014-06,monthly,material_wholesale_price,"Non-slip tile, 200mm x 200mm",161.0,square metre,CLBM_Masterdata.xml
2014-06,monthly,material_wholesale_price,"Plywood, formwork, 19mm thick",75.0,square metre,CLBM_Masterdata.xml
2014-06,monthly,material_wholesale_price,Portland cement (ordinary),714.0,tonne,CLBM_Masterdata.xml
2014-06,monthly,material_wholesale_price,Sand,118.0,tonne,CLBM_Masterdata.xml
2014-06,monthly,material_wholesale_price,"Sawn hardwood, 25mm thick plank",3814.0,cubic metre,CLBM_Masterdata.xml
2014-06,monthly,material_wholesale_price,"Sawn hardwood, 50 x 75mm column",5707.0,cubic metre,CLBM_Masterdata.xml
2014-06,monthly,material_wholesale_price,Steel angles,11951.0,tonne,CLBM_Masterdata.xml
2014-06,monthly,material_wholesale_price,Steel flats,10219.0,tonne,CLBM_Masterdata.xml
2014-06,monthly,material_wholesale_price,"Steel plate, 4mm thick",5614.0,tonne,CLBM_Masterdata.xml
2014-06,monthly,material_wholesale_price,Steel plates,9511.0,tonne,CLBM_Masterdata.xml
2014-06,monthly,material_wholesale_price,"Unglazed tiles, 18mm x 18mm",114.0,square metre,CLBM_Masterdata.xml
2014-06,monthly,material_wholesale_price,"White tiles, 108mm x 108mm",233.0,100 pieces,CLBM_Masterdata.xml
2014-07,monthly,material_wholesale_price,"32 mm diameter pipes, 4m long",57.0,no.,CLBM_Masterdata.xml
2014-07,monthly,material_wholesale_price,Acrylic paint,49.0,litre,CLBM_Masterdata.xml
2014-07,monthly,material_wholesale_price,Aggregates,64.0,tonne,CLBM_Masterdata.xml
2014-07,monthly,material_wholesale_price,Bitumen,8400.0,tonne,CLBM_Masterdata.xml
2014-07,monthly,material_wholesale_price,"Clear sheet glass, 5mm thick",151.0,square metre,CLBM_Masterdata.xml
2014-07,monthly,material_wholesale_price,"Colour tiles, 200mm x 200mm",401.0,100 pieces,CLBM_Masterdata.xml
2014-07,monthly,material_wholesale_price,"Concrete blocks, 100mm thick",77.0,square metre,CLBM_Masterdata.xml
2014-07,monthly,material_wholesale_price,Emulsion paint,52.0,litre,CLBM_Masterdata.xml
2014-07,monthly,material_wholesale_price,For industrial use (light),2123.0,200-litre drum,CLBM_Masterdata.xml
2014-07,monthly,material_wholesale_price,For road use,1093.0,100 litre,CLBM_Masterdata.xml
2014-07,monthly,material_wholesale_price,"Glass tiles, 25mm x 25mm",50.0,square metre,CLBM_Masterdata.xml
2014-07,monthly,material_wholesale_price,"Glazed tiles, 45mm x 45mm",132.0,square metre,CLBM_Masterdata.xml
2014-07,monthly,material_wholesale_price,"High tensile steel bars, 10mm to 40mm",4781.0,tonne,CLBM_Masterdata.xml
2014-07,monthly,material_wholesale_price,"Mild steel round bars, 6mm to 20mm",5645.0,tonne,CLBM_Masterdata.xml
2014-07,monthly,material_wholesale_price,"Non-slip tile, 200mm x 200mm",162.0,square metre,CLBM_Masterdata.xml
2014-07,monthly,material_wholesale_price,"Plywood, formwork, 19mm thick",75.0,square metre,CLBM_Masterdata.xml
2014-07,monthly,material_wholesale_price,Portland cement (ordinary),725.0,tonne,CLBM_Masterdata.xml
2014-07,monthly,material_wholesale_price,Sand,118.0,tonne,CLBM_Masterdata.xml
2014-07,monthly,material_wholesale_price,"Sawn hardwood, 25mm thick plank",3814.0,cubic metre,CLBM_Masterdata.xml
2014-07,monthly,material_wholesale_price,"Sawn hardwood, 50 x 75mm column",5707.0,cubic metre,CLBM_Masterdata.xml
2014-07,monthly,material_wholesale_price,Steel angles,11951.0,tonne,CLBM_Masterdata.xml
2014-07,monthly,material_wholesale_price,Steel flats,10219.0,tonne,CLBM_Masterdata.xml
2014-07,monthly,material_wholesale_price,"Steel plate, 4mm thick",5614.0,tonne,CLBM_Masterdata.xml
2014-07,monthly,material_wholesale_price,Steel plates,9511.0,tonne,CLBM_Masterdata.xml
2014-07,monthly,material_wholesale_price,"Unglazed tiles, 18mm x 18mm",114.0,square metre,CLBM_Masterdata.xml
2014-07,monthly,material_wholesale_price,"White tiles, 108mm x 108mm",233.0,100 pieces,CLBM_Masterdata.xml
2014-08,monthly,material_wholesale_price,"32 mm diameter pipes, 4m long",56.0,no.,CLBM_Masterdata.xml
2014-08,monthly,material_wholesale_price,Acrylic paint,49.0,litre,CLBM_Masterdata.xml
2014-08,monthly,material_wholesale_price,Aggregates,70.0,tonne,CLBM_Masterdata.xml
2014-08,monthly,material_wholesale_price,Bitumen,8400.0,tonne,CLBM_Masterdata.xml
2014-08,monthly,material_wholesale_price,"Clear sheet glass, 5mm thick",156.0,square metre,CLBM_Masterdata.xml
2014-08,monthly,material_wholesale_price,"Colour tiles, 200mm x 200mm",401.0,100 pieces,CLBM_Masterdata.xml
2014-08,monthly,material_wholesale_price,"Concrete blocks, 100mm thick",77.0,square metre,CLBM_Masterdata.xml
2014-08,monthly,material_wholesale_price,Emulsion paint,52.0,litre,CLBM_Masterdata.xml
2014-08,monthly,material_wholesale_price,For industrial use (light),2116.0,200-litre drum,CLBM_Masterdata.xml
2014-08,monthly,material_wholesale_price,For road use,1086.0,100 litre,CLBM_Masterdata.xml
2014-08,monthly,material_wholesale_price,"Glass tiles, 25mm x 25mm",50.0,square metre,CLBM_Masterdata.xml
2014-08,monthly,material_wholesale_price,"Glazed tiles, 45mm x 45mm",132.0,square metre,CLBM_Masterdata.xml
2014-08,monthly,material_wholesale_price,"High tensile steel bars, 10mm to 40mm",4688.0,tonne,CLBM_Masterdata.xml
2014-08,monthly,material_wholesale_price,"Mild steel round bars, 6mm to 20mm",5605.0,tonne,CLBM_Masterdata.xml
2014-08,monthly,material_wholesale_price,"Non-slip tile, 200mm x 200mm",160.0,square metre,CLBM_Masterdata.xml
2014-08,monthly,material_wholesale_price,"Plywood, formwork, 19mm thick",75.0,square metre,CLBM_Masterdata.xml
2014-08,monthly,material_wholesale_price,Portland cement (ordinary),727.0,tonne,CLBM_Masterdata.xml
2014-08,monthly,material_wholesale_price,Sand,118.0,tonne,CLBM_Masterdata.xml
2014-08,monthly,material_wholesale_price,"Sawn hardwood, 25mm thick plank",3814.0,cubic metre,CLBM_Masterdata.xml
2014-08,monthly,material_wholesale_price,"Sawn hardwood, 50 x 75mm column",5707.0,cubic metre,CLBM_Masterdata.xml
2014-08,monthly,material_wholesale_price,Steel angles,11951.0,tonne,CLBM_Masterdata.xml
2014-08,monthly,material_wholesale_price,Steel flats,10311.0,tonne,CLBM_Masterdata.xml
2014-08,monthly,material_wholesale_price,"Steel plate, 4mm thick",5614.0,tonne,CLBM_Masterdata.xml
2014-08,monthly,material_wholesale_price,Steel plates,9516.0,tonne,CLBM_Masterdata.xml
2014-08,monthly,material_wholesale_price,"Unglazed tiles, 18mm x 18mm",114.0,square metre,CLBM_Masterdata.xml
2014-08,monthly,material_wholesale_price,"White tiles, 108mm x 108mm",233.0,100 pieces,CLBM_Masterdata.xml
2014-09,monthly,material_wholesale_price,"32 mm diameter pipes, 4m long",56.0,no.,CLBM_Masterdata.xml
2014-09,monthly,material_wholesale_price,Acrylic paint,49.0,litre,CLBM_Masterdata.xml
2014-09,monthly,material_wholesale_price,Aggregates,75.0,tonne,CLBM_Masterdata.xml
2014-09,monthly,material_wholesale_price,Bitumen,8350.0,tonne,CLBM_Masterdata.xml
2014-09,monthly,material_wholesale_price,"Clear sheet glass, 5mm thick",157.0,square metre,CLBM_Masterdata.xml
2014-09,monthly,material_wholesale_price,"Colour tiles, 200mm x 200mm",401.0,100 pieces,CLBM_Masterdata.xml
2014-09,monthly,material_wholesale_price,"Concrete blocks, 100mm thick",77.0,square metre,CLBM_Masterdata.xml
2014-09,monthly,material_wholesale_price,Emulsion paint,52.0,litre,CLBM_Masterdata.xml
2014-09,monthly,material_wholesale_price,For industrial use (light),2099.0,200-litre drum,CLBM_Masterdata.xml
2014-09,monthly,material_wholesale_price,For road use,1072.0,100 litre,CLBM_Masterdata.xml
2014-09,monthly,material_wholesale_price,"Glass tiles, 25mm x 25mm",50.0,square metre,CLBM_Masterdata.xml
2014-09,monthly,material_wholesale_price,"Glazed tiles, 45mm x 45mm",132.0,square metre,CLBM_Masterdata.xml
2014-09,monthly,material_wholesale_price,"High tensile steel bars, 10mm to 40mm",4573.0,tonne,CLBM_Masterdata.xml
2014-09,monthly,material_wholesale_price,"Mild steel round bars, 6mm to 20mm",5585.0,tonne,CLBM_Masterdata.xml
2014-09,monthly,material_wholesale_price,"Non-slip tile, 200mm x 200mm",160.0,square metre,CLBM_Masterdata.xml
2014-09,monthly,material_wholesale_price,"Plywood, formwork, 19mm thick",75.0,square metre,CLBM_Masterdata.xml
2014-09,monthly,material_wholesale_price,Portland cement (ordinary),727.0,tonne,CLBM_Masterdata.xml
2014-09,monthly,material_wholesale_price,Sand,118.0,tonne,CLBM_Masterdata.xml
2014-09,monthly,material_wholesale_price,"Sawn hardwood, 25mm thick plank",3814.0,cubic metre,CLBM_Masterdata.xml
2014-09,monthly,material_wholesale_price,"Sawn hardwood, 50 x 75mm column",5707.0,cubic metre,CLBM_Masterdata.xml
2014-09,monthly,material_wholesale_price,Steel angles,11967.0,tonne,CLBM_Masterdata.xml
2014-09,monthly,material_wholesale_price,Steel flats,10540.0,tonne,CLBM_Masterdata.xml
2014-09,monthly,material_wholesale_price,"Steel plate, 4mm thick",5728.0,tonne,CLBM_Masterdata.xml
2014-09,monthly,material_wholesale_price,Steel plates,9531.0,tonne,CLBM_Masterdata.xml
2014-09,monthly,material_wholesale_price,"Unglazed tiles, 18mm x 18mm",114.0,square metre,CLBM_Masterdata.xml
2014-09,monthly,material_wholesale_price,"White tiles, 108mm x 108mm",233.0,100 pieces,CLBM_Masterdata.xml
2014-10,monthly,material_wholesale_price,"32 mm diameter pipes, 4m long",56.0,no.,CLBM_Masterdata.xml
2014-10,monthly,material_wholesale_price,Acrylic paint,49.0,litre,CLBM_Masterdata.xml
2014-10,monthly,material_wholesale_price,Aggregates,75.0,tonne,CLBM_Masterdata.xml
2014-10,monthly,material_wholesale_price,Bitumen,8350.0,tonne,CLBM_Masterdata.xml
2014-10,monthly,material_wholesale_price,"Clear sheet glass, 5mm thick",157.0,square metre,CLBM_Masterdata.xml
2014-10,monthly,material_wholesale_price,"Colour tiles, 200mm x 200mm",401.0,100 pieces,CLBM_Masterdata.xml
2014-10,monthly,material_wholesale_price,"Concrete blocks, 100mm thick",77.0,square metre,CLBM_Masterdata.xml
2014-10,monthly,material_wholesale_price,Emulsion paint,52.0,litre,CLBM_Masterdata.xml
2014-10,monthly,material_wholesale_price,For industrial use (light),2054.0,200-litre drum,CLBM_Masterdata.xml
2014-10,monthly,material_wholesale_price,For road use,1044.0,100 litre,CLBM_Masterdata.xml
2014-10,monthly,material_wholesale_price,"Glass tiles, 25mm x 25mm",50.0,square metre,CLBM_Masterdata.xml
2014-10,monthly,material_wholesale_price,"Glazed tiles, 45mm x 45mm",132.0,square metre,CLBM_Masterdata.xml
2014-10,monthly,material_wholesale_price,"High tensile steel bars, 10mm to 40mm",4462.0,tonne,CLBM_Masterdata.xml
2014-10,monthly,material_wholesale_price,"Mild steel round bars, 6mm to 20mm",5490.0,tonne,CLBM_Masterdata.xml
2014-10,monthly,material_wholesale_price,"Non-slip tile, 200mm x 200mm",160.0,square metre,CLBM_Masterdata.xml
2014-10,monthly,material_wholesale_price,"Plywood, formwork, 19mm thick",75.0,square metre,CLBM_Masterdata.xml
2014-10,monthly,material_wholesale_price,Portland cement (ordinary),727.0,tonne,CLBM_Masterdata.xml
2014-10,monthly,material_wholesale_price,Sand,118.0,tonne,CLBM_Masterdata.xml
2014-10,monthly,material_wholesale_price,"Sawn hardwood, 25mm thick plank",3814.0,cubic metre,CLBM_Masterdata.xml
2014-10,monthly,material_wholesale_price,"Sawn hardwood, 50 x 75mm column",5707.0,cubic metre,CLBM_Masterdata.xml
2014-10,monthly,material_wholesale_price,Steel angles,11951.0,tonne,CLBM_Masterdata.xml
2014-10,monthly,material_wholesale_price,Steel flats,10402.0,tonne,CLBM_Masterdata.xml
2014-10,monthly,material_wholesale_price,"Steel plate, 4mm thick",5708.0,tonne,CLBM_Masterdata.xml
2014-10,monthly,material_wholesale_price,Steel plates,9511.0,tonne,CLBM_Masterdata.xml
2014-10,monthly,material_wholesale_price,"Unglazed tiles, 18mm x 18mm",114.0,square metre,CLBM_Masterdata.xml
2014-10,monthly,material_wholesale_price,"White tiles, 108mm x 108mm",233.0,100 pieces,CLBM_Masterdata.xml
2014-11,monthly,material_wholesale_price,"32 mm diameter pipes, 4m long",56.0,no.,CLBM_Masterdata.xml
2014-11,monthly,material_wholesale_price,Acrylic paint,49.0,litre,CLBM_Masterdata.xml
2014-11,monthly,material_wholesale_price,Aggregates,75.0,tonne,CLBM_Masterdata.xml
2014-11,monthly,material_wholesale_price,Bitumen,8350.0,tonne,CLBM_Masterdata.xml
2014-11,monthly,material_wholesale_price,"Clear sheet glass, 5mm thick",157.0,square metre,CLBM_Masterdata.xml
2014-11,monthly,material_wholesale_price,"Colour tiles, 200mm x 200mm",401.0,100 pieces,CLBM_Masterdata.xml
2014-11,monthly,material_wholesale_price,"Concrete blocks, 100mm thick",77.0,square metre,CLBM_Masterdata.xml
2014-11,monthly,material_wholesale_price,Emulsion paint,52.0,litre,CLBM_Masterdata.xml
2014-11,monthly,material_wholesale_price,For industrial use (light),1995.0,200-litre drum,CLBM_Masterdata.xml
2014-11,monthly,material_wholesale_price,For road use,1008.0,100 litre,CLBM_Masterdata.xml
2014-11,monthly,material_wholesale_price,"Glass tiles, 25mm x 25mm",50.0,square metre,CLBM_Masterdata.xml
2014-11,monthly,material_wholesale_price,"Glazed tiles, 45mm x 45mm",132.0,square metre,CLBM_Masterdata.xml
2014-11,monthly,material_wholesale_price,"High tensile steel bars, 10mm to 40mm",4427.0,tonne,CLBM_Masterdata.xml
2014-11,monthly,material_wholesale_price,"Mild steel round bars, 6mm to 20mm",5490.0,tonne,CLBM_Masterdata.xml
2014-11,monthly,material_wholesale_price,"Non-slip tile, 200mm x 200mm",160.0,square metre,CLBM_Masterdata.xml
2014-11,monthly,material_wholesale_price,"Plywood, formwork, 19mm thick",75.0,square metre,CLBM_Masterdata.xml
2014-11,monthly,material_wholesale_price,Portland cement (ordinary),727.0,tonne,CLBM_Masterdata.xml
2014-11,monthly,material_wholesale_price,Sand,118.0,tonne,CLBM_Masterdata.xml
2014-11,monthly,material_wholesale_price,"Sawn hardwood, 25mm thick plank",3814.0,cubic metre,CLBM_Masterdata.xml
2014-11,monthly,material_wholesale_price,"Sawn hardwood, 50 x 75mm column",5707.0,cubic metre,CLBM_Masterdata.xml
2014-11,monthly,material_wholesale_price,Steel angles,11984.0,tonne,CLBM_Masterdata.xml
2014-11,monthly,material_wholesale_price,Steel flats,10319.0,tonne,CLBM_Masterdata.xml
2014-11,monthly,material_wholesale_price,"Steel plate, 4mm thick",5731.0,tonne,CLBM_Masterdata.xml
2014-11,monthly,material_wholesale_price,Steel plates,9589.0,tonne,CLBM_Masterdata.xml
2014-11,monthly,material_wholesale_price,"Unglazed tiles, 18mm x 18mm",119.0,square metre,CLBM_Masterdata.xml
2014-11,monthly,material_wholesale_price,"White tiles, 108mm x 108mm",233.0,100 pieces,CLBM_Masterdata.xml
2014-12,monthly,material_wholesale_price,"32 mm diameter pipes, 4m long",55.0,no.,CLBM_Masterdata.xml
2014-12,monthly,material_wholesale_price,Acrylic paint,49.0,litre,CLBM_Masterdata.xml
2014-12,monthly,material_wholesale_price,Aggregates,75.0,tonne,CLBM_Masterdata.xml
2014-12,monthly,material_wholesale_price,Bitumen,8250.0,tonne,CLBM_Masterdata.xml
2014-12,monthly,material_wholesale_price,"Clear sheet glass, 5mm thick",157.0,square metre,CLBM_Masterdata.xml
2014-12,monthly,material_wholesale_price,"Colour tiles, 200mm x 200mm",401.0,100 pieces,CLBM_Masterdata.xml
2014-12,monthly,material_wholesale_price,"Concrete blocks, 100mm thick",77.0,square metre,CLBM_Masterdata.xml
2014-12,monthly,material_wholesale_price,Emulsion paint,52.0,litre,CLBM_Masterdata.xml
2014-12,monthly,material_wholesale_price,For industrial use (light),1957.0,200-litre drum,CLBM_Masterdata.xml
2014-12,monthly,material_wholesale_price,For road use,941.0,100 litre,CLBM_Masterdata.xml
2014-12,monthly,material_wholesale_price,"Glass tiles, 25mm x 25mm",50.0,square metre,CLBM_Masterdata.xml
2014-12,monthly,material_wholesale_price,"Glazed tiles, 45mm x 45mm",132.0,square metre,CLBM_Masterdata.xml
2014-12,monthly,material_wholesale_price,"High tensile steel bars, 10mm to 40mm",4349.0,tonne,CLBM_Masterdata.xml
2014-12,monthly,material_wholesale_price,"Mild steel round bars, 6mm to 20mm",5470.0,tonne,CLBM_Masterdata.xml
2014-12,monthly,material_wholesale_price,"Non-slip tile, 200mm x 200mm",160.0,square metre,CLBM_Masterdata.xml
2014-12,monthly,material_wholesale_price,"Plywood, formwork, 19mm thick",75.0,square metre,CLBM_Masterdata.xml
2014-12,monthly,material_wholesale_price,Portland cement (ordinary),729.0,tonne,CLBM_Masterdata.xml
2014-12,monthly,material_wholesale_price,Sand,119.0,tonne,CLBM_Masterdata.xml
2014-12,monthly,material_wholesale_price,"Sawn hardwood, 25mm thick plank",3814.0,cubic metre,CLBM_Masterdata.xml
2014-12,monthly,material_wholesale_price,"Sawn hardwood, 50 x 75mm column",5707.0,cubic metre,CLBM_Masterdata.xml
2014-12,monthly,material_wholesale_price,Steel angles,11967.0,tonne,CLBM_Masterdata.xml
2014-12,monthly,material_wholesale_price,Steel flats,10319.0,tonne,CLBM_Masterdata.xml
2014-12,monthly,material_wholesale_price,"Steel plate, 4mm thick",5683.0,tonne,CLBM_Masterdata.xml
2014-12,monthly,material_wholesale_price,Steel plates,9577.0,tonne,CLBM_Masterdata.xml
2014-12,monthly,material_wholesale_price,"Unglazed tiles, 18mm x 18mm",119.0,square metre,CLBM_Masterdata.xml
2014-12,monthly,material_wholesale_price,"White tiles, 108mm x 108mm",233.0,100 pieces,CLBM_Masterdata.xml
2015-01,monthly,material_wholesale_price,"32 mm diameter pipes, 4m long",54.0,no.,CLBM_Masterdata.xml
2015-01,monthly,material_wholesale_price,Acrylic paint,49.0,litre,CLBM_Masterdata.xml
2015-01,monthly,material_wholesale_price,Aggregates,77.0,tonne,CLBM_Masterdata.xml
2015-01,monthly,material_wholesale_price,Bitumen,8200.0,tonne,CLBM_Masterdata.xml
2015-01,monthly,material_wholesale_price,"Clear sheet glass, 5mm thick",157.0,square metre,CLBM_Masterdata.xml
2015-01,monthly,material_wholesale_price,"Colour tiles, 200mm x 200mm",407.0,100 pieces,CLBM_Masterdata.xml
2015-01,monthly,material_wholesale_price,"Concrete blocks, 100mm thick",77.0,square metre,CLBM_Masterdata.xml
2015-01,monthly,material_wholesale_price,Emulsion paint,52.0,litre,CLBM_Masterdata.xml
2015-01,monthly,material_wholesale_price,For industrial use (light),1878.0,200-litre drum,CLBM_Masterdata.xml
2015-01,monthly,material_wholesale_price,For road use,883.0,100 litre,CLBM_Masterdata.xml
2015-01,monthly,material_wholesale_price,"Glass tiles, 25mm x 25mm",50.0,square metre,CLBM_Masterdata.xml
2015-01,monthly,material_wholesale_price,"Glazed tiles, 45mm x 45mm",132.0,square metre,CLBM_Masterdata.xml
2015-01,monthly,material_wholesale_price,"High tensile steel bars, 10mm to 40mm",4208.0,tonne,CLBM_Masterdata.xml
2015-01,monthly,material_wholesale_price,"Mild steel round bars, 6mm to 20mm",5438.0,tonne,CLBM_Masterdata.xml
2015-01,monthly,material_wholesale_price,"Non-slip tile, 200mm x 200mm",160.0,square metre,CLBM_Masterdata.xml
2015-01,monthly,material_wholesale_price,"Plywood, formwork, 19mm thick",75.0,square metre,CLBM_Masterdata.xml
2015-01,monthly,material_wholesale_price,Portland cement (ordinary),736.0,tonne,CLBM_Masterdata.xml
2015-01,monthly,material_wholesale_price,Sand,120.0,tonne,CLBM_Masterdata.xml
2015-01,monthly,material_wholesale_price,"Sawn hardwood, 25mm thick plank",3814.0,cubic metre,CLBM_Masterdata.xml
2015-01,monthly,material_wholesale_price,"Sawn hardwood, 50 x 75mm column",5707.0,cubic metre,CLBM_Masterdata.xml
2015-01,monthly,material_wholesale_price,Steel angles,11967.0,tonne,CLBM_Masterdata.xml
2015-01,monthly,material_wholesale_price,Steel flats,10319.0,tonne,CLBM_Masterdata.xml
2015-01,monthly,material_wholesale_price,"Steel plate, 4mm thick",5680.0,tonne,CLBM_Masterdata.xml
2015-01,monthly,material_wholesale_price,Steel plates,9570.0,tonne,CLBM_Masterdata.xml
2015-01,monthly,material_wholesale_price,"Unglazed tiles, 18mm x 18mm",119.0,square metre,CLBM_Masterdata.xml
2015-01,monthly,material_wholesale_price,"White tiles, 108mm x 108mm",233.0,100 pieces,CLBM_Masterdata.xml
2015-02,monthly,material_wholesale_price,"32 mm diameter pipes, 4m long",54.0,no.,CLBM_Masterdata.xml
2015-02,monthly,material_wholesale_price,Acrylic paint,49.0,litre,CLBM_Masterdata.xml
2015-02,monthly,material_wholesale_price,Aggregates,79.0,tonne,CLBM_Masterdata.xml
2015-02,monthly,material_wholesale_price,Bitumen,7950.0,tonne,CLBM_Masterdata.xml
2015-02,monthly,material_wholesale_price,"Clear sheet glass, 5mm thick",157.0,square metre,CLBM_Masterdata.xml
2015-02,monthly,material_wholesale_price,"Colour tiles, 200mm x 200mm",407.0,100 pieces,CLBM_Masterdata.xml
2015-02,monthly,material_wholesale_price,"Concrete blocks, 100mm thick",78.0,square metre,CLBM_Masterdata.xml
2015-02,monthly,material_wholesale_price,Emulsion paint,52.0,litre,CLBM_Masterdata.xml
2015-02,monthly,material_wholesale_price,For industrial use (light),1833.0,200-litre drum,CLBM_Masterdata.xml
2015-02,monthly,material_wholesale_price,For road use,872.0,100 litre,CLBM_Masterdata.xml
2015-02,monthly,material_wholesale_price,"Glass tiles, 25mm x 25mm",50.0,square metre,CLBM_Masterdata.xml
2015-02,monthly,material_wholesale_price,"Glazed tiles, 45mm x 45mm",132.0,square metre,CLBM_Masterdata.xml
2015-02,monthly,material_wholesale_price,"High tensile steel bars, 10mm to 40mm",4073.0,tonne,CLBM_Masterdata.xml
2015-02,monthly,material_wholesale_price,"Mild steel round bars, 6mm to 20mm",5360.0,tonne,CLBM_Masterdata.xml
2015-02,monthly,material_wholesale_price,"Non-slip tile, 200mm x 200mm",160.0,square metre,CLBM_Masterdata.xml
2015-02,monthly,material_wholesale_price,"Plywood, formwork, 19mm thick",75.0,square metre,CLBM_Masterdata.xml
2015-02,monthly,material_wholesale_price,Portland cement (ordinary),739.0,tonne,CLBM_Masterdata.xml
2015-02,monthly,material_wholesale_price,Sand,129.0,tonne,CLBM_Masterdata.xml
2015-02,monthly,material_wholesale_price,"Sawn hardwood, 25mm thick plank",3814.0,cubic metre,CLBM_Masterdata.xml
2015-02,monthly,material_wholesale_price,"Sawn hardwood, 50 x 75mm column",5707.0,cubic metre,CLBM_Masterdata.xml
2015-02,monthly,material_wholesale_price,Steel angles,11956.0,tonne,CLBM_Masterdata.xml
2015-02,monthly,material_wholesale_price,Steel flats,10319.0,tonne,CLBM_Masterdata.xml
2015-02,monthly,material_wholesale_price,"Steel plate, 4mm thick",5533.0,tonne,CLBM_Masterdata.xml
2015-02,monthly,material_wholesale_price,Steel plates,9564.0,tonne,CLBM_Masterdata.xml
2015-02,monthly,material_wholesale_price,"Unglazed tiles, 18mm x 18mm",119.0,square metre,CLBM_Masterdata.xml
2015-02,monthly,material_wholesale_price,"White tiles, 108mm x 108mm",233.0,100 pieces,CLBM_Masterdata.xml
2015-03,monthly,material_wholesale_price,"32 mm diameter pipes, 4m long",54.0,no.,CLBM_Masterdata.xml
2015-03,monthly,material_wholesale_price,Acrylic paint,49.0,litre,CLBM_Masterdata.xml
2015-03,monthly,material_wholesale_price,Aggregates,74.0,tonne,CLBM_Masterdata.xml
2015-03,monthly,material_wholesale_price,Bitumen,7900.0,tonne,CLBM_Masterdata.xml
2015-03,monthly,material_wholesale_price,"Clear sheet glass, 5mm thick",157.0,square metre,CLBM_Masterdata.xml
2015-03,monthly,material_wholesale_price,"Colour tiles, 200mm x 200mm",422.0,100 pieces,CLBM_Masterdata.xml
2015-03,monthly,material_wholesale_price,"Concrete blocks, 100mm thick",80.0,square metre,CLBM_Masterdata.xml
2015-03,monthly,material_wholesale_price,Emulsion paint,53.0,litre,CLBM_Masterdata.xml
2015-03,monthly,material_wholesale_price,For industrial use (light),1853.0,200-litre drum,CLBM_Masterdata.xml
2015-03,monthly,material_wholesale_price,For road use,902.0,100 litre,CLBM_Masterdata.xml
2015-03,monthly,material_wholesale_price,"Glass tiles, 25mm x 25mm",50.0,square metre,CLBM_Masterdata.xml
2015-03,monthly,material_wholesale_price,"Glazed tiles, 45mm x 45mm",132.0,square metre,CLBM_Masterdata.xml
2015-03,monthly,material_wholesale_price,"High tensile steel bars, 10mm to 40mm",3970.0,tonne,CLBM_Masterdata.xml
2015-03,monthly,material_wholesale_price,"Mild steel round bars, 6mm to 20mm",5291.0,tonne,CLBM_Masterdata.xml
2015-03,monthly,material_wholesale_price,"Non-slip tile, 200mm x 200mm",160.0,square metre,CLBM_Masterdata.xml
2015-03,monthly,material_wholesale_price,"Plywood, formwork, 19mm thick",75.0,square metre,CLBM_Masterdata.xml
2015-03,monthly,material_wholesale_price,Portland cement (ordinary),738.0,tonne,CLBM_Masterdata.xml
2015-03,monthly,material_wholesale_price,Sand,145.0,tonne,CLBM_Masterdata.xml
2015-03,monthly,material_wholesale_price,"Sawn hardwood, 25mm thick plank",3814.0,cubic metre,CLBM_Masterdata.xml
2015-03,monthly,material_wholesale_price,"Sawn hardwood, 50 x 75mm column",5707.0,cubic metre,CLBM_Masterdata.xml
2015-03,monthly,material_wholesale_price,Steel angles,11917.0,tonne,CLBM_Masterdata.xml
2015-03,monthly,material_wholesale_price,Steel flats,10305.0,tonne,CLBM_Masterdata.xml
2015-03,monthly,material_wholesale_price,"Steel plate, 4mm thick",5438.0,tonne,CLBM_Masterdata.xml
2015-03,monthly,material_wholesale_price,Steel plates,9533.0,tonne,CLBM_Masterdata.xml
2015-03,monthly,material_wholesale_price,"Unglazed tiles, 18mm x 18mm",119.0,square metre,CLBM_Masterdata.xml
2015-03,monthly,material_wholesale_price,"White tiles, 108mm x 108mm",233.0,100 pieces,CLBM_Masterdata.xml
2015-04,monthly,material_wholesale_price,"32 mm diameter pipes, 4m long",54.0,no.,CLBM_Masterdata.xml
2015-04,monthly,material_wholesale_price,Acrylic paint,49.0,litre,CLBM_Masterdata.xml
2015-04,monthly,material_wholesale_price,Aggregates,79.0,tonne,CLBM_Masterdata.xml
2015-04,monthly,material_wholesale_price,Bitumen,7900.0,tonne,CLBM_Masterdata.xml
2015-04,monthly,material_wholesale_price,"Clear sheet glass, 5mm thick",157.0,square metre,CLBM_Masterdata.xml
2015-04,monthly,material_wholesale_price,"Colour tiles, 200mm x 200mm",443.0,100 pieces,CLBM_Masterdata.xml
2015-04,monthly,material_wholesale_price,"Concrete blocks, 100mm thick",81.0,square metre,CLBM_Masterdata.xml
2015-04,monthly,material_wholesale_price,Emulsion paint,53.0,litre,CLBM_Masterdata.xml
2015-04,monthly,material_wholesale_price,For industrial use (light),1878.0,200-litre drum,CLBM_Masterdata.xml
2015-04,monthly,material_wholesale_price,For road use,899.0,100 litre,CLBM_Masterdata.xml
2015-04,monthly,material_wholesale_price,"Glass tiles, 25mm x 25mm",50.0,square metre,CLBM_Masterdata.xml
2015-04,monthly,material_wholesale_price,"Glazed tiles, 45mm x 45mm",132.0,square metre,CLBM_Masterdata.xml
2015-04,monthly,material_wholesale_price,"High tensile steel bars, 10mm to 40mm",3930.0,tonne,CLBM_Masterdata.xml
2015-04,monthly,material_wholesale_price,"Mild steel round bars, 6mm to 20mm",5270.0,tonne,CLBM_Masterdata.xml
2015-04,monthly,material_wholesale_price,"Non-slip tile, 200mm x 200mm",160.0,square metre,CLBM_Masterdata.xml
2015-04,monthly,material_wholesale_price,"Plywood, formwork, 19mm thick",75.0,square metre,CLBM_Masterdata.xml
2015-04,monthly,material_wholesale_price,Portland cement (ordinary),742.0,tonne,CLBM_Masterdata.xml
2015-04,monthly,material_wholesale_price,Sand,145.0,tonne,CLBM_Masterdata.xml
2015-04,monthly,material_wholesale_price,"Sawn hardwood, 25mm thick plank",3814.0,cubic metre,CLBM_Masterdata.xml
2015-04,monthly,material_wholesale_price,"Sawn hardwood, 50 x 75mm column",5707.0,cubic metre,CLBM_Masterdata.xml
2015-04,monthly,material_wholesale_price,Steel angles,11909.0,tonne,CLBM_Masterdata.xml
2015-04,monthly,material_wholesale_price,Steel flats,10177.0,tonne,CLBM_Masterdata.xml
2015-04,monthly,material_wholesale_price,"Steel plate, 4mm thick",5333.0,tonne,CLBM_Masterdata.xml
2015-04,monthly,material_wholesale_price,Steel plates,9527.0,tonne,CLBM_Masterdata.xml
2015-04,monthly,material_wholesale_price,"Unglazed tiles, 18mm x 18mm",119.0,square metre,CLBM_Masterdata.xml
2015-04,monthly,material_wholesale_price,"White tiles, 108mm x 108mm",233.0,100 pieces,CLBM_Masterdata.xml
2015-05,monthly,material_wholesale_price,"32 mm diameter pipes, 4m long",54.0,no.,CLBM_Masterdata.xml
2015-05,monthly,material_wholesale_price,Acrylic paint,50.0,litre,CLBM_Masterdata.xml
2015-05,monthly,material_wholesale_price,Aggregates,83.0,tonne,CLBM_Masterdata.xml
2015-05,monthly,material_wholesale_price,Bitumen,7900.0,tonne,CLBM_Masterdata.xml
2015-05,monthly,material_wholesale_price,"Clear sheet glass, 5mm thick",157.0,square metre,CLBM_Masterdata.xml
2015-05,monthly,material_wholesale_price,"Colour tiles, 200mm x 200mm",443.0,100 pieces,CLBM_Masterdata.xml
2015-05,monthly,material_wholesale_price,"Concrete blocks, 100mm thick",81.0,square metre,CLBM_Masterdata.xml
2015-05,monthly,material_wholesale_price,Emulsion paint,53.0,litre,CLBM_Masterdata.xml
2015-05,monthly,material_wholesale_price,For industrial use (light),1936.0,200-litre drum,CLBM_Masterdata.xml
2015-05,monthly,material_wholesale_price,For road use,937.0,100 litre,CLBM_Masterdata.xml
2015-05,monthly,material_wholesale_price,"Glass tiles, 25mm x 25mm",50.0,square metre,CLBM_Masterdata.xml
2015-05,monthly,material_wholesale_price,"Glazed tiles, 45mm x 45mm",132.0,square metre,CLBM_Masterdata.xml
2015-05,monthly,material_wholesale_price,"High tensile steel bars, 10mm to 40mm",3900.0,tonne,CLBM_Masterdata.xml
2015-05,monthly,material_wholesale_price,"Mild steel round bars, 6mm to 20mm",5285.0,tonne,CLBM_Masterdata.xml
2015-05,monthly,material_wholesale_price,"Non-slip tile, 200mm x 200mm",160.0,square metre,CLBM_Masterdata.xml
2015-05,monthly,material_wholesale_price,"Plywood, formwork, 19mm thick",75.0,square metre,CLBM_Masterdata.xml
2015-05,monthly,material_wholesale_price,Portland cement (ordinary),742.0,tonne,CLBM_Masterdata.xml
2015-05,monthly,material_wholesale_price,Sand,148.0,tonne,CLBM_Masterdata.xml
2015-05,monthly,material_wholesale_price,"Sawn hardwood, 25mm thick plank",3814.0,cubic metre,CLBM_Masterdata.xml
2015-05,monthly,material_wholesale_price,"Sawn hardwood, 50 x 75mm column",5707.0,cubic metre,CLBM_Masterdata.xml
2015-05,monthly,material_wholesale_price,Steel angles,11837.0,tonne,CLBM_Masterdata.xml
2015-05,monthly,material_wholesale_price,Steel flats,10063.0,tonne,CLBM_Masterdata.xml
2015-05,monthly,material_wholesale_price,"Steel plate, 4mm thick",5184.0,tonne,CLBM_Masterdata.xml
2015-05,monthly,material_wholesale_price,Steel plates,9514.0,tonne,CLBM_Masterdata.xml
2015-05,monthly,material_wholesale_price,"Unglazed tiles, 18mm x 18mm",119.0,square metre,CLBM_Masterdata.xml
2015-05,monthly,material_wholesale_price,"White tiles, 108mm x 108mm",233.0,100 pieces,CLBM_Masterdata.xml
2015-06,monthly,material_wholesale_price,"32 mm diameter pipes, 4m long",54.0,no.,CLBM_Masterdata.xml
2015-06,monthly,material_wholesale_price,Acrylic paint,50.0,litre,CLBM_Masterdata.xml
2015-06,monthly,material_wholesale_price,Aggregates,84.0,tonne,CLBM_Masterdata.xml
2015-06,monthly,material_wholesale_price,Bitumen,8000.0,tonne,CLBM_Masterdata.xml
2015-06,monthly,material_wholesale_price,"Clear sheet glass, 5mm thick",157.0,square metre,CLBM_Masterdata.xml
2015-06,monthly,material_wholesale_price,"Colour tiles, 200mm x 200mm",443.0,100 pieces,CLBM_Masterdata.xml
2015-06,monthly,material_wholesale_price,"Concrete blocks, 100mm thick",81.0,square metre,CLBM_Masterdata.xml
2015-06,monthly,material_wholesale_price,Emulsion paint,53.0,litre,CLBM_Masterdata.xml
2015-06,monthly,material_wholesale_price,For industrial use (light),1940.0,200-litre drum,CLBM_Masterdata.xml
2015-06,monthly,material_wholesale_price,For road use,937.0,100 litre,CLBM_Masterdata.xml
2015-06,monthly,material_wholesale_price,"Glass tiles, 25mm x 25mm",50.0,square metre,CLBM_Masterdata.xml
2015-06,monthly,material_wholesale_price,"Glazed tiles, 45mm x 45mm",132.0,square metre,CLBM_Masterdata.xml
2015-06,monthly,material_wholesale_price,"High tensile steel bars, 10mm to 40mm",3792.0,tonne,CLBM_Masterdata.xml
2015-06,monthly,material_wholesale_price,"Mild steel round bars, 6mm to 20mm",5270.0,tonne,CLBM_Masterdata.xml
2015-06,monthly,material_wholesale_price,"Non-slip tile, 200mm x 200mm",160.0,square metre,CLBM_Masterdata.xml
2015-06,monthly,material_wholesale_price,"Plywood, formwork, 19mm thick",75.0,square metre,CLBM_Masterdata.xml
2015-06,monthly,material_wholesale_price,Portland cement (ordinary),740.0,tonne,CLBM_Masterdata.xml
2015-06,monthly,material_wholesale_price,Sand,146.0,tonne,CLBM_Masterdata.xml
2015-06,monthly,material_wholesale_price,"Sawn hardwood, 25mm thick plank",3814.0,cubic metre,CLBM_Masterdata.xml
2015-06,monthly,material_wholesale_price,"Sawn hardwood, 50 x 75mm column",5707.0,cubic metre,CLBM_Masterdata.xml
2015-06,monthly,material_wholesale_price,Steel angles,11817.0,tonne,CLBM_Masterdata.xml
2015-06,monthly,material_wholesale_price,Steel flats,10134.0,tonne,CLBM_Masterdata.xml
2015-06,monthly,material_wholesale_price,"Steel plate, 4mm thick",5170.0,tonne,CLBM_Masterdata.xml
2015-06,monthly,material_wholesale_price,Steel plates,9483.0,tonne,CLBM_Masterdata.xml
2015-06,monthly,material_wholesale_price,"Unglazed tiles, 18mm x 18mm",119.0,square metre,CLBM_Masterdata.xml
2015-06,monthly,material_wholesale_price,"White tiles, 108mm x 108mm",233.0,100 pieces,CLBM_Masterdata.xml
2015-07,monthly,material_wholesale_price,"32 mm diameter pipes, 4m long",53.0,no.,CLBM_Masterdata.xml
2015-07,monthly,material_wholesale_price,Acrylic paint,50.0,litre,CLBM_Masterdata.xml
2015-07,monthly,material_wholesale_price,Aggregates,83.0,tonne,CLBM_Masterdata.xml
2015-07,monthly,material_wholesale_price,Bitumen,8000.0,tonne,CLBM_Masterdata.xml
2015-07,monthly,material_wholesale_price,"Clear sheet glass, 5mm thick",157.0,square metre,CLBM_Masterdata.xml
2015-07,monthly,material_wholesale_price,"Colour tiles, 200mm x 200mm",443.0,100 pieces,CLBM_Masterdata.xml
2015-07,monthly,material_wholesale_price,"Concrete blocks, 100mm thick",81.0,square metre,CLBM_Masterdata.xml
2015-07,monthly,material_wholesale_price,Emulsion paint,53.0,litre,CLBM_Masterdata.xml
2015-07,monthly,material_wholesale_price,For industrial use (light),1923.0,200-litre drum,CLBM_Masterdata.xml
2015-07,monthly,material_wholesale_price,For road use,910.0,100 litre,CLBM_Masterdata.xml
2015-07,monthly,material_wholesale_price,"Glass tiles, 25mm x 25mm",50.0,square metre,CLBM_Masterdata.xml
2015-07,monthly,material_wholesale_price,"Glazed tiles, 45mm x 45mm",132.0,square metre,CLBM_Masterdata.xml
2015-07,monthly,material_wholesale_price,"High tensile steel bars, 10mm to 40mm",3713.0,tonne,CLBM_Masterdata.xml
2015-07,monthly,material_wholesale_price,"Mild steel round bars, 6mm to 20mm",5215.0,tonne,CLBM_Masterdata.xml
2015-07,monthly,material_wholesale_price,"Non-slip tile, 200mm x 200mm",160.0,square metre,CLBM_Masterdata.xml
2015-07,monthly,material_wholesale_price,"Plywood, formwork, 19mm thick",75.0,square metre,CLBM_Masterdata.xml
2015-07,monthly,material_wholesale_price,Portland cement (ordinary),739.0,tonne,CLBM_Masterdata.xml
2015-07,monthly,material_wholesale_price,Sand,140.0,tonne,CLBM_Masterdata.xml
2015-07,monthly,material_wholesale_price,"Sawn hardwood, 25mm thick plank",3814.0,cubic metre,CLBM_Masterdata.xml
2015-07,monthly,material_wholesale_price,"Sawn hardwood, 50 x 75mm column",5707.0,cubic metre,CLBM_Masterdata.xml
2015-07,monthly,material_wholesale_price,Steel angles,11801.0,tonne,CLBM_Masterdata.xml
2015-07,monthly,material_wholesale_price,Steel flats,10134.0,tonne,CLBM_Masterdata.xml
2015-07,monthly,material_wholesale_price,"Steel plate, 4mm thick",5102.0,tonne,CLBM_Masterdata.xml
2015-07,monthly,material_wholesale_price,Steel plates,9483.0,tonne,CLBM_Masterdata.xml
2015-07,monthly,material_wholesale_price,"Unglazed tiles, 18mm x 18mm",119.0,square metre,CLBM_Masterdata.xml
2015-07,monthly,material_wholesale_price,"White tiles, 108mm x 108mm",233.0,100 pieces,CLBM_Masterdata.xml
2015-08,monthly,material_wholesale_price,"32 mm diameter pipes, 4m long",53.0,no.,CLBM_Masterdata.xml
2015-08,monthly,material_wholesale_price,Acrylic paint,50.0,litre,CLBM_Masterdata.xml
2015-08,monthly,material_wholesale_price,Aggregates,81.0,tonne,CLBM_Masterdata.xml
2015-08,monthly,material_wholesale_price,Bitumen,7917.0,tonne,CLBM_Masterdata.xml
2015-08,monthly,material_wholesale_price,"Clear sheet glass, 5mm thick",157.0,square metre,CLBM_Masterdata.xml
2015-08,monthly,material_wholesale_price,"Colour tiles, 200mm x 200mm",443.0,100 pieces,CLBM_Masterdata.xml
2015-08,monthly,material_wholesale_price,"Concrete blocks, 100mm thick",79.0,square metre,CLBM_Masterdata.xml
2015-08,monthly,material_wholesale_price,Emulsion paint,53.0,litre,CLBM_Masterdata.xml
2015-08,monthly,material_wholesale_price,For industrial use (light),1876.0,200-litre drum,CLBM_Masterdata.xml
2015-08,monthly,material_wholesale_price,For road use,864.0,100 litre,CLBM_Masterdata.xml
2015-08,monthly,material_wholesale_price,"Glass tiles, 25mm x 25mm",50.0,square metre,CLBM_Masterdata.xml
2015-08,monthly,material_wholesale_price,"Glazed tiles, 45mm x 45mm",134.0,square metre,CLBM_Masterdata.xml
2015-08,monthly,material_wholesale_price,"High tensile steel bars, 10mm to 40mm",3643.0,tonne,CLBM_Masterdata.xml
2015-08,monthly,material_wholesale_price,"Mild steel round bars, 6mm to 20mm",5180.0,tonne,CLBM_Masterdata.xml
2015-08,monthly,material_wholesale_price,"Non-slip tile, 200mm x 200mm",160.0,square metre,CLBM_Masterdata.xml
2015-08,monthly,material_wholesale_price,"Plywood, formwork, 19mm thick",75.0,square metre,CLBM_Masterdata.xml
2015-08,monthly,material_wholesale_price,Portland cement (ordinary),739.0,tonne,CLBM_Masterdata.xml
2015-08,monthly,material_wholesale_price,Sand,141.0,tonne,CLBM_Masterdata.xml
2015-08,monthly,material_wholesale_price,"Sawn hardwood, 25mm thick plank",3814.0,cubic metre,CLBM_Masterdata.xml
2015-08,monthly,material_wholesale_price,"Sawn hardwood, 50 x 75mm column",5707.0,cubic metre,CLBM_Masterdata.xml
2015-08,monthly,material_wholesale_price,Steel angles,11601.0,tonne,CLBM_Masterdata.xml
2015-08,monthly,material_wholesale_price,Steel flats,10134.0,tonne,CLBM_Masterdata.xml
2015-08,monthly,material_wholesale_price,"Steel plate, 4mm thick",5074.0,tonne,CLBM_Masterdata.xml
2015-08,monthly,material_wholesale_price,Steel plates,8701.0,tonne,CLBM_Masterdata.xml
2015-08,monthly,material_wholesale_price,"Unglazed tiles, 18mm x 18mm",119.0,square metre,CLBM_Masterdata.xml
2015-08,monthly,material_wholesale_price,"White tiles, 108mm x 108mm",233.0,100 pieces,CLBM_Masterdata.xml
2015-09,monthly,material_wholesale_price,"32 mm diameter pipes, 4m long",53.0,no.,CLBM_Masterdata.xml
2015-09,monthly,material_wholesale_price,Acrylic paint,50.0,litre,CLBM_Masterdata.xml
2015-09,monthly,material_wholesale_price,Aggregates,78.0,tonne,CLBM_Masterdata.xml
2015-09,monthly,material_wholesale_price,Bitumen,7850.0,tonne,CLBM_Masterdata.xml
2015-09,monthly,material_wholesale_price,"Clear sheet glass, 5mm thick",157.0,square metre,CLBM_Masterdata.xml
2015-09,monthly,material_wholesale_price,"Colour tiles, 200mm x 200mm",443.0,100 pieces,CLBM_Masterdata.xml
2015-09,monthly,material_wholesale_price,"Concrete blocks, 100mm thick",75.0,square metre,CLBM_Masterdata.xml
2015-09,monthly,material_wholesale_price,Emulsion paint,53.0,litre,CLBM_Masterdata.xml
2015-09,monthly,material_wholesale_price,For industrial use (light),1855.0,200-litre drum,CLBM_Masterdata.xml
2015-09,monthly,material_wholesale_price,For road use,859.0,100 litre,CLBM_Masterdata.xml
2015-09,monthly,material_wholesale_price,"Glass tiles, 25mm x 25mm",50.0,square metre,CLBM_Masterdata.xml
2015-09,monthly,material_wholesale_price,"Glazed tiles, 45mm x 45mm",134.0,square metre,CLBM_Masterdata.xml
2015-09,monthly,material_wholesale_price,"High tensile steel bars, 10mm to 40mm",3524.0,tonne,CLBM_Masterdata.xml
2015-09,monthly,material_wholesale_price,"Mild steel round bars, 6mm to 20mm",5165.0,tonne,CLBM_Masterdata.xml
2015-09,monthly,material_wholesale_price,"Non-slip tile, 200mm x 200mm",160.0,square metre,CLBM_Masterdata.xml
2015-09,monthly,material_wholesale_price,"Plywood, formwork, 19mm thick",75.0,square metre,CLBM_Masterdata.xml
2015-09,monthly,material_wholesale_price,Portland cement (ordinary),739.0,tonne,CLBM_Masterdata.xml
2015-09,monthly,material_wholesale_price,Sand,138.0,tonne,CLBM_Masterdata.xml
2015-09,monthly,material_wholesale_price,"Sawn hardwood, 25mm thick plank",4026.0,cubic metre,CLBM_Masterdata.xml
2015-09,monthly,material_wholesale_price,"Sawn hardwood, 50 x 75mm column",5707.0,cubic metre,CLBM_Masterdata.xml
2015-09,monthly,material_wholesale_price,Steel angles,11623.0,tonne,CLBM_Masterdata.xml
2015-09,monthly,material_wholesale_price,Steel flats,10118.0,tonne,CLBM_Masterdata.xml
2015-09,monthly,material_wholesale_price,"Steel plate, 4mm thick",4853.0,tonne,CLBM_Masterdata.xml
2015-09,monthly,material_wholesale_price,Steel plates,8703.0,tonne,CLBM_Masterdata.xml
2015-09,monthly,material_wholesale_price,"Unglazed tiles, 18mm x 18mm",119.0,square metre,CLBM_Masterdata.xml
2015-09,monthly,material_wholesale_price,"White tiles, 108mm x 108mm",233.0,100 pieces,CLBM_Masterdata.xml
2015-10,monthly,material_wholesale_price,"32 mm diameter pipes, 4m long",53.0,no.,CLBM_Masterdata.xml
2015-10,monthly,material_wholesale_price,Acrylic paint,50.0,litre,CLBM_Masterdata.xml
2015-10,monthly,material_wholesale_price,Aggregates,75.0,tonne,CLBM_Masterdata.xml
2015-10,monthly,material_wholesale_price,Bitumen,7750.0,tonne,CLBM_Masterdata.xml
2015-10,monthly,material_wholesale_price,"Clear sheet glass, 5mm thick",157.0,square metre,CLBM_Masterdata.xml
2015-10,monthly,material_wholesale_price,"Colour tiles, 200mm x 200mm",443.0,100 pieces,CLBM_Masterdata.xml
2015-10,monthly,material_wholesale_price,"Concrete blocks, 100mm thick",75.0,square metre,CLBM_Masterdata.xml
2015-10,monthly,material_wholesale_price,Emulsion paint,53.0,litre,CLBM_Masterdata.xml
2015-10,monthly,material_wholesale_price,For industrial use (light),1866.0,200-litre drum,CLBM_Masterdata.xml
2015-10,monthly,material_wholesale_price,For road use,876.0,100 litre,CLBM_Masterdata.xml
2015-10,monthly,material_wholesale_price,"Glass tiles, 25mm x 25mm",50.0,square metre,CLBM_Masterdata.xml
2015-10,monthly,material_wholesale_price,"Glazed tiles, 45mm x 45mm",134.0,square metre,CLBM_Masterdata.xml
2015-10,monthly,material_wholesale_price,"High tensile steel bars, 10mm to 40mm",3355.0,tonne,CLBM_Masterdata.xml
2015-10,monthly,material_wholesale_price,"Mild steel round bars, 6mm to 20mm",5125.0,tonne,CLBM_Masterdata.xml
2015-10,monthly,material_wholesale_price,"Non-slip tile, 200mm x 200mm",160.0,square metre,CLBM_Masterdata.xml
2015-10,monthly,material_wholesale_price,"Plywood, formwork, 19mm thick",75.0,square metre,CLBM_Masterdata.xml
2015-10,monthly,material_wholesale_price,Portland cement (ordinary),739.0,tonne,CLBM_Masterdata.xml
2015-10,monthly,material_wholesale_price,Sand,153.0,tonne,CLBM_Masterdata.xml
2015-10,monthly,material_wholesale_price,"Sawn hardwood, 25mm thick plank",4026.0,cubic metre,CLBM_Masterdata.xml
2015-10,monthly,material_wholesale_price,"Sawn hardwood, 50 x 75mm column",5707.0,cubic metre,CLBM_Masterdata.xml
2015-10,monthly,material_wholesale_price,Steel angles,11620.0,tonne,CLBM_Masterdata.xml
2015-10,monthly,material_wholesale_price,Steel flats,10112.0,tonne,CLBM_Masterdata.xml
2015-10,monthly,material_wholesale_price,"Steel plate, 4mm thick",4826.0,tonne,CLBM_Masterdata.xml
2015-10,monthly,material_wholesale_price,Steel plates,8690.0,tonne,CLBM_Masterdata.xml
2015-10,monthly,material_wholesale_price,"Unglazed tiles, 18mm x 18mm",119.0,square metre,CLBM_Masterdata.xml
2015-10,monthly,material_wholesale_price,"White tiles, 108mm x 108mm",233.0,100 pieces,CLBM_Masterdata.xml
2015-11,monthly,material_wholesale_price,"32 mm diameter pipes, 4m long",53.0,no.,CLBM_Masterdata.xml
2015-11,monthly,material_wholesale_price,Acrylic paint,50.0,litre,CLBM_Masterdata.xml
2015-11,monthly,material_wholesale_price,Aggregates,74.0,tonne,CLBM_Masterdata.xml
2015-11,monthly,material_wholesale_price,Bitumen,7600.0,tonne,CLBM_Masterdata.xml
2015-11,monthly,material_wholesale_price,"Clear sheet glass, 5mm thick",157.0,square metre,CLBM_Masterdata.xml
2015-11,monthly,material_wholesale_price,"Colour tiles, 200mm x 200mm",443.0,100 pieces,CLBM_Masterdata.xml
2015-11,monthly,material_wholesale_price,"Concrete blocks, 100mm thick",76.0,square metre,CLBM_Masterdata.xml
2015-11,monthly,material_wholesale_price,Emulsion paint,53.0,litre,CLBM_Masterdata.xml
2015-11,monthly,material_wholesale_price,For industrial use (light),1872.0,200-litre drum,CLBM_Masterdata.xml
2015-11,monthly,material_wholesale_price,For road use,868.0,100 litre,CLBM_Masterdata.xml
2015-11,monthly,material_wholesale_price,"Glass tiles, 25mm x 25mm",50.0,square metre,CLBM_Masterdata.xml
2015-11,monthly,material_wholesale_price,"Glazed tiles, 45mm x 45mm",134.0,square metre,CLBM_Masterdata.xml
2015-11,monthly,material_wholesale_price,"High tensile steel bars, 10mm to 40mm",3333.0,tonne,CLBM_Masterdata.xml
2015-11,monthly,material_wholesale_price,"Mild steel round bars, 6mm to 20mm",5090.0,tonne,CLBM_Masterdata.xml
2015-11,monthly,material_wholesale_price,"Non-slip tile, 200mm x 200mm",160.0,square metre,CLBM_Masterdata.xml
2015-11,monthly,material_wholesale_price,"Plywood, formwork, 19mm thick",75.0,square metre,CLBM_Masterdata.xml
2015-11,monthly,material_wholesale_price,Portland cement (ordinary),739.0,tonne,CLBM_Masterdata.xml
2015-11,monthly,material_wholesale_price,Sand,165.0,tonne,CLBM_Masterdata.xml
2015-11,monthly,material_wholesale_price,"Sawn hardwood, 25mm thick plank",4026.0,cubic metre,CLBM_Masterdata.xml
2015-11,monthly,material_wholesale_price,"Sawn hardwood, 50 x 75mm column",5707.0,cubic metre,CLBM_Masterdata.xml
2015-11,monthly,material_wholesale_price,Steel angles,11613.0,tonne,CLBM_Masterdata.xml
2015-11,monthly,material_wholesale_price,Steel flats,10112.0,tonne,CLBM_Masterdata.xml
2015-11,monthly,material_wholesale_price,"Steel plate, 4mm thick",4701.0,tonne,CLBM_Masterdata.xml
2015-11,monthly,material_wholesale_price,Steel plates,8663.0,tonne,CLBM_Masterdata.xml
2015-11,monthly,material_wholesale_price,"Unglazed tiles, 18mm x 18mm",119.0,square metre,CLBM_Masterdata.xml
2015-11,monthly,material_wholesale_price,"White tiles, 108mm x 108mm",233.0,100 pieces,CLBM_Masterdata.xml
2015-12,monthly,material_wholesale_price,"32 mm diameter pipes, 4m long",52.0,no.,CLBM_Masterdata.xml
2015-12,monthly,material_wholesale_price,Acrylic paint,51.0,litre,CLBM_Masterdata.xml
2015-12,monthly,material_wholesale_price,Aggregates,76.0,tonne,CLBM_Masterdata.xml
2015-12,monthly,material_wholesale_price,Bitumen,7150.0,tonne,CLBM_Masterdata.xml
2015-12,monthly,material_wholesale_price,"Clear sheet glass, 5mm thick",157.0,square metre,CLBM_Masterdata.xml
2015-12,monthly,material_wholesale_price,"Colour tiles, 200mm x 200mm",443.0,100 pieces,CLBM_Masterdata.xml
2015-12,monthly,material_wholesale_price,"Concrete blocks, 100mm thick",76.0,square metre,CLBM_Masterdata.xml
2015-12,monthly,material_wholesale_price,Emulsion paint,53.0,litre,CLBM_Masterdata.xml
2015-12,monthly,material_wholesale_price,For industrial use (light),1843.0,200-litre drum,CLBM_Masterdata.xml
2015-12,monthly,material_wholesale_price,For road use,840.0,100 litre,CLBM_Masterdata.xml
2015-12,monthly,material_wholesale_price,"Glass tiles, 25mm x 25mm",50.0,square metre,CLBM_Masterdata.xml
2015-12,monthly,material_wholesale_price,"Glazed tiles, 45mm x 45mm",134.0,square metre,CLBM_Masterdata.xml
2015-12,monthly,material_wholesale_price,"High tensile steel bars, 10mm to 40mm",3242.0,tonne,CLBM_Masterdata.xml
2015-12,monthly,material_wholesale_price,"Mild steel round bars, 6mm to 20mm",5073.0,tonne,CLBM_Masterdata.xml
2015-12,monthly,material_wholesale_price,"Non-slip tile, 200mm x 200mm",160.0,square metre,CLBM_Masterdata.xml
2015-12,monthly,material_wholesale_price,"Plywood, formwork, 19mm thick",75.0,square metre,CLBM_Masterdata.xml
2015-12,monthly,material_wholesale_price,Portland cement (ordinary),738.0,tonne,CLBM_Masterdata.xml
2015-12,monthly,material_wholesale_price,Sand,189.0,tonne,CLBM_Masterdata.xml
2015-12,monthly,material_wholesale_price,"Sawn hardwood, 25mm thick plank",4026.0,cubic metre,CLBM_Masterdata.xml
2015-12,monthly,material_wholesale_price,"Sawn hardwood, 50 x 75mm column",5707.0,cubic metre,CLBM_Masterdata.xml
2015-12,monthly,material_wholesale_price,Steel angles,11469.0,tonne,CLBM_Masterdata.xml
2015-12,monthly,material_wholesale_price,Steel flats,9926.0,tonne,CLBM_Masterdata.xml
2015-12,monthly,material_wholesale_price,"Steel plate, 4mm thick",4615.0,tonne,CLBM_Masterdata.xml
2015-12,monthly,material_wholesale_price,Steel plates,8578.0,tonne,CLBM_Masterdata.xml
2015-12,monthly,material_wholesale_price,"Unglazed tiles, 18mm x 18mm",119.0,square metre,CLBM_Masterdata.xml
2015-12,monthly,material_wholesale_price,"White tiles, 108mm x 108mm",233.0,100 pieces,CLBM_Masterdata.xml
2016-01,monthly,material_wholesale_price,"32 mm diameter pipes, 4m long",52.0,no.,CLBM_Masterdata.xml
2016-01,monthly,material_wholesale_price,Acrylic paint,51.0,litre,CLBM_Masterdata.xml
2016-01,monthly,material_wholesale_price,Aggregates,72.0,tonne,CLBM_Masterdata.xml
2016-01,monthly,material_wholesale_price,Bitumen,7017.0,tonne,CLBM_Masterdata.xml
2016-01,monthly,material_wholesale_price,"Clear sheet glass, 5mm thick",157.0,square metre,CLBM_Masterdata.xml
2016-01,monthly,material_wholesale_price,"Colour tiles, 200mm x 200mm",443.0,100 pieces,CLBM_Masterdata.xml
2016-01,monthly,material_wholesale_price,"Concrete blocks, 100mm thick",76.0,square metre,CLBM_Masterdata.xml
2016-01,monthly,material_wholesale_price,Emulsion paint,53.0,litre,CLBM_Masterdata.xml
2016-01,monthly,material_wholesale_price,For industrial use (light),1792.0,200-litre drum,CLBM_Masterdata.xml
2016-01,monthly,material_wholesale_price,For road use,791.0,100 litre,CLBM_Masterdata.xml
2016-01,monthly,material_wholesale_price,"Glass tiles, 25mm x 25mm",50.0,square metre,CLBM_Masterdata.xml
2016-01,monthly,material_wholesale_price,"Glazed tiles, 45mm x 45mm",134.0,square metre,CLBM_Masterdata.xml
2016-01,monthly,material_wholesale_price,"High tensile steel bars, 10mm to 40mm",3157.0,tonne,CLBM_Masterdata.xml
2016-01,monthly,material_wholesale_price,"Mild steel round bars, 6mm to 20mm",5054.0,tonne,CLBM_Masterdata.xml
2016-01,monthly,material_wholesale_price,"Non-slip tile, 200mm x 200mm",161.0,square metre,CLBM_Masterdata.xml
2016-01,monthly,material_wholesale_price,"Plywood, formwork, 19mm thick",75.0,square metre,CLBM_Masterdata.xml
2016-01,monthly,material_wholesale_price,Portland cement (ordinary),726.0,tonne,CLBM_Masterdata.xml
2016-01,monthly,material_wholesale_price,Sand,138.0,tonne,CLBM_Masterdata.xml
2016-01,monthly,material_wholesale_price,"Sawn hardwood, 25mm thick plank",4379.0,cubic metre,CLBM_Masterdata.xml
2016-01,monthly,material_wholesale_price,"Sawn hardwood, 50 x 75mm column",5707.0,cubic metre,CLBM_Masterdata.xml
2016-01,monthly,material_wholesale_price,Steel angles,11474.0,tonne,CLBM_Masterdata.xml
2016-01,monthly,material_wholesale_price,Steel flats,9940.0,tonne,CLBM_Masterdata.xml
2016-01,monthly,material_wholesale_price,"Steel plate, 4mm thick",4662.0,tonne,CLBM_Masterdata.xml
2016-01,monthly,material_wholesale_price,Steel plates,8603.0,tonne,CLBM_Masterdata.xml
2016-01,monthly,material_wholesale_price,"Unglazed tiles, 18mm x 18mm",119.0,square metre,CLBM_Masterdata.xml
2016-01,monthly,material_wholesale_price,"White tiles, 108mm x 108mm",233.0,100 pieces,CLBM_Masterdata.xml
2016-02,monthly,material_wholesale_price,"32 mm diameter pipes, 4m long",52.0,no.,CLBM_Masterdata.xml
2016-02,monthly,material_wholesale_price,Acrylic paint,51.0,litre,CLBM_Masterdata.xml
2016-02,monthly,material_wholesale_price,Aggregates,71.0,tonne,CLBM_Masterdata.xml
2016-02,monthly,material_wholesale_price,Bitumen,6750.0,tonne,CLBM_Masterdata.xml
2016-02,monthly,material_wholesale_price,"Clear sheet glass, 5mm thick",157.0,square metre,CLBM_Masterdata.xml
2016-02,monthly,material_wholesale_price,"Colour tiles, 200mm x 200mm",443.0,100 pieces,CLBM_Masterdata.xml
2016-02,monthly,material_wholesale_price,"Concrete blocks, 100mm thick",76.0,square metre,CLBM_Masterdata.xml
2016-02,monthly,material_wholesale_price,Emulsion paint,53.0,litre,CLBM_Masterdata.xml
2016-02,monthly,material_wholesale_price,For industrial use (light),1771.0,200-litre drum,CLBM_Masterdata.xml
2016-02,monthly,material_wholesale_price,For road use,777.0,100 litre,CLBM_Masterdata.xml
2016-02,monthly,material_wholesale_price,"Glass tiles, 25mm x 25mm",50.0,square metre,CLBM_Masterdata.xml
2016-02,monthly,material_wholesale_price,"Glazed tiles, 45mm x 45mm",134.0,square metre,CLBM_Masterdata.xml
2016-02,monthly,material_wholesale_price,"High tensile steel bars, 10mm to 40mm",3200.0,tonne,CLBM_Masterdata.xml
2016-02,monthly,material_wholesale_price,"Mild steel round bars, 6mm to 20mm",5059.0,tonne,CLBM_Masterdata.xml
2016-02,monthly,material_wholesale_price,"Non-slip tile, 200mm x 200mm",161.0,square metre,CLBM_Masterdata.xml
2016-02,monthly,material_wholesale_price,"Plywood, formwork, 19mm thick",76.0,square metre,CLBM_Masterdata.xml
2016-02,monthly,material_wholesale_price,Portland cement (ordinary),720.0,tonne,CLBM_Masterdata.xml
2016-02,monthly,material_wholesale_price,Sand,107.0,tonne,CLBM_Masterdata.xml
2016-02,monthly,material_wholesale_price,"Sawn hardwood, 25mm thick plank",4379.0,cubic metre,CLBM_Masterdata.xml
2016-02,monthly,material_wholesale_price,"Sawn hardwood, 50 x 75mm column",5707.0,cubic metre,CLBM_Masterdata.xml
2016-02,monthly,material_wholesale_price,Steel angles,11474.0,tonne,CLBM_Masterdata.xml
2016-02,monthly,material_wholesale_price,Steel flats,9940.0,tonne,CLBM_Masterdata.xml
2016-02,monthly,material_wholesale_price,"Steel plate, 4mm thick",4627.0,tonne,CLBM_Masterdata.xml
2016-02,monthly,material_wholesale_price,Steel plates,8603.0,tonne,CLBM_Masterdata.xml
2016-02,monthly,material_wholesale_price,"Unglazed tiles, 18mm x 18mm",119.0,square metre,CLBM_Masterdata.xml
2016-02,monthly,material_wholesale_price,"White tiles, 108mm x 108mm",233.0,100 pieces,CLBM_Masterdata.xml
2016-03,monthly,material_wholesale_price,"32 mm diameter pipes, 4m long",52.0,no.,CLBM_Masterdata.xml
2016-03,monthly,material_wholesale_price,Acrylic paint,51.0,litre,CLBM_Masterdata.xml
2016-03,monthly,material_wholesale_price,Aggregates,70.0,tonne,CLBM_Masterdata.xml
2016-03,monthly,material_wholesale_price,Bitumen,6583.0,tonne,CLBM_Masterdata.xml
2016-03,monthly,material_wholesale_price,"Clear sheet glass, 5mm thick",157.0,square metre,CLBM_Masterdata.xml
2016-03,monthly,material_wholesale_price,"Colour tiles, 200mm x 200mm",443.0,100 pieces,CLBM_Masterdata.xml
2016-03,monthly,material_wholesale_price,"Concrete blocks, 100mm thick",76.0,square metre,CLBM_Masterdata.xml
2016-03,monthly,material_wholesale_price,Emulsion paint,53.0,litre,CLBM_Masterdata.xml
2016-03,monthly,material_wholesale_price,For industrial use (light),1798.0,200-litre drum,CLBM_Masterdata.xml
2016-03,monthly,material_wholesale_price,For road use,808.0,100 litre,CLBM_Masterdata.xml
2016-03,monthly,material_wholesale_price,"Glass tiles, 25mm x 25mm",50.0,square metre,CLBM_Masterdata.xml
2016-03,monthly,material_wholesale_price,"Glazed tiles, 45mm x 45mm",135.0,square metre,CLBM_Masterdata.xml
2016-03,monthly,material_wholesale_price,"High tensile steel bars, 10mm to 40mm",3466.0,tonne,CLBM_Masterdata.xml
2016-03,monthly,material_wholesale_price,"Mild steel round bars, 6mm to 20mm",5270.0,tonne,CLBM_Masterdata.xml
2016-03,monthly,material_wholesale_price,"Non-slip tile, 200mm x 200mm",161.0,square metre,CLBM_Masterdata.xml
2016-03,monthly,material_wholesale_price,"Plywood, formwork, 19mm thick",76.0,square metre,CLBM_Masterdata.xml
2016-03,monthly,material_wholesale_price,Portland cement (ordinary),714.0,tonne,CLBM_Masterdata.xml
2016-03,monthly,material_wholesale_price,Sand,119.0,tonne,CLBM_Masterdata.xml
2016-03,monthly,material_wholesale_price,"Sawn hardwood, 25mm thick plank",4379.0,cubic metre,CLBM_Masterdata.xml
2016-03,monthly,material_wholesale_price,"Sawn hardwood, 50 x 75mm column",5707.0,cubic metre,CLBM_Masterdata.xml
2016-03,monthly,material_wholesale_price,Steel angles,11430.0,tonne,CLBM_Masterdata.xml
2016-03,monthly,material_wholesale_price,Steel flats,10229.0,tonne,CLBM_Masterdata.xml
2016-03,monthly,material_wholesale_price,"Steel plate, 4mm thick",4837.0,tonne,CLBM_Masterdata.xml
2016-03,monthly,material_wholesale_price,Steel plates,8640.0,tonne,CLBM_Masterdata.xml
2016-03,monthly,material_wholesale_price,"Unglazed tiles, 18mm x 18mm",119.0,square metre,CLBM_Masterdata.xml
2016-03,monthly,material_wholesale_price,"White tiles, 108mm x 108mm",233.0,100 pieces,CLBM_Masterdata.xml
2016-04,monthly,material_wholesale_price,"32 mm diameter pipes, 4m long",52.0,no.,CLBM_Masterdata.xml
2016-04,monthly,material_wholesale_price,Acrylic paint,51.0,litre,CLBM_Masterdata.xml
2016-04,monthly,material_wholesale_price,Aggregates,71.0,tonne,CLBM_Masterdata.xml
2016-04,monthly,material_wholesale_price,Bitumen,6167.0,tonne,CLBM_Masterdata.xml
2016-04,monthly,material_wholesale_price,"Clear sheet glass, 5mm thick",157.0,square metre,CLBM_Masterdata.xml
2016-04,monthly,material_wholesale_price,"Colour tiles, 200mm x 200mm",443.0,100 pieces,CLBM_Masterdata.xml
2016-04,monthly,material_wholesale_price,"Concrete blocks, 100mm thick",76.0,square metre,CLBM_Masterdata.xml
2016-04,monthly,material_wholesale_price,Emulsion paint,53.0,litre,CLBM_Masterdata.xml
2016-04,monthly,material_wholesale_price,For industrial use (light),1832.0,200-litre drum,CLBM_Masterdata.xml
2016-04,monthly,material_wholesale_price,For road use,818.0,100 litre,CLBM_Masterdata.xml
2016-04,monthly,material_wholesale_price,"Glass tiles, 25mm x 25mm",50.0,square metre,CLBM_Masterdata.xml
2016-04,monthly,material_wholesale_price,"Glazed tiles, 45mm x 45mm",135.0,square metre,CLBM_Masterdata.xml
2016-04,monthly,material_wholesale_price,"High tensile steel bars, 10mm to 40mm",3905.0,tonne,CLBM_Masterdata.xml
2016-04,monthly,material_wholesale_price,"Mild steel round bars, 6mm to 20mm",5380.0,tonne,CLBM_Masterdata.xml
2016-04,monthly,material_wholesale_price,"Non-slip tile, 200mm x 200mm",161.0,square metre,CLBM_Masterdata.xml
2016-04,monthly,material_wholesale_price,"Plywood, formwork, 19mm thick",76.0,square metre,CLBM_Masterdata.xml
2016-04,monthly,material_wholesale_price,Portland cement (ordinary),713.0,tonne,CLBM_Masterdata.xml
2016-04,monthly,material_wholesale_price,Sand,122.0,tonne,CLBM_Masterdata.xml
2016-04,monthly,material_wholesale_price,"Sawn hardwood, 25mm thick plank",4379.0,cubic metre,CLBM_Masterdata.xml
2016-04,monthly,material_wholesale_price,"Sawn hardwood, 50 x 75mm column",5707.0,cubic metre,CLBM_Masterdata.xml
2016-04,monthly,material_wholesale_price,Steel angles,12307.0,tonne,CLBM_Masterdata.xml
2016-04,monthly,material_wholesale_price,Steel flats,10266.0,tonne,CLBM_Masterdata.xml
2016-04,monthly,material_wholesale_price,"Steel plate, 4mm thick",4882.0,tonne,CLBM_Masterdata.xml
2016-04,monthly,material_wholesale_price,Steel plates,8771.0,tonne,CLBM_Masterdata.xml
2016-04,monthly,material_wholesale_price,"Unglazed tiles, 18mm x 18mm",119.0,square metre,CLBM_Masterdata.xml
2016-04,monthly,material_wholesale_price,"White tiles, 108mm x 108mm",233.0,100 pieces,CLBM_Masterdata.xml
2016-05,monthly,material_wholesale_price,"32 mm diameter pipes, 4m long",52.0,no.,CLBM_Masterdata.xml
2016-05,monthly,material_wholesale_price,Acrylic paint,51.0,litre,CLBM_Masterdata.xml
2016-05,monthly,material_wholesale_price,Aggregates,69.0,tonne,CLBM_Masterdata.xml
2016-05,monthly,material_wholesale_price,Bitumen,5650.0,tonne,CLBM_Masterdata.xml
2016-05,monthly,material_wholesale_price,"Clear sheet glass, 5mm thick",157.0,square metre,CLBM_Masterdata.xml
2016-05,monthly,material_wholesale_price,"Colour tiles, 200mm x 200mm",443.0,100 pieces,CLBM_Masterdata.xml
2016-05,monthly,material_wholesale_price,"Concrete blocks, 100mm thick",76.0,square metre,CLBM_Masterdata.xml
2016-05,monthly,material_wholesale_price,Emulsion paint,53.0,litre,CLBM_Masterdata.xml
2016-05,monthly,material_wholesale_price,For industrial use (light),1871.0,200-litre drum,CLBM_Masterdata.xml
2016-05,monthly,material_wholesale_price,For road use,851.0,100 litre,CLBM_Masterdata.xml
2016-05,monthly,material_wholesale_price,"Glass tiles, 25mm x 25mm",50.0,square metre,CLBM_Masterdata.xml
2016-05,monthly,material_wholesale_price,"Glazed tiles, 45mm x 45mm",135.0,square metre,CLBM_Masterdata.xml
2016-05,monthly,material_wholesale_price,"High tensile steel bars, 10mm to 40mm",3844.0,tonne,CLBM_Masterdata.xml
2016-05,monthly,material_wholesale_price,"Mild steel round bars, 6mm to 20mm",5450.0,tonne,CLBM_Masterdata.xml
2016-05,monthly,material_wholesale_price,"Non-slip tile, 200mm x 200mm",161.0,square metre,CLBM_Masterdata.xml
2016-05,monthly,material_wholesale_price,"Plywood, formwork, 19mm thick",76.0,square metre,CLBM_Masterdata.xml
2016-05,monthly,material_wholesale_price,Portland cement (ordinary),712.0,tonne,CLBM_Masterdata.xml
2016-05,monthly,material_wholesale_price,Sand,122.0,tonne,CLBM_Masterdata.xml
2016-05,monthly,material_wholesale_price,"Sawn hardwood, 25mm thick plank",4379.0,cubic metre,CLBM_Masterdata.xml
2016-05,monthly,material_wholesale_price,"Sawn hardwood, 50 x 75mm column",5707.0,cubic metre,CLBM_Masterdata.xml
2016-05,monthly,material_wholesale_price,Steel angles,11299.0,tonne,CLBM_Masterdata.xml
2016-05,monthly,material_wholesale_price,Steel flats,10266.0,tonne,CLBM_Masterdata.xml
2016-05,monthly,material_wholesale_price,"Steel plate, 4mm thick",4889.0,tonne,CLBM_Masterdata.xml
2016-05,monthly,material_wholesale_price,Steel plates,8771.0,tonne,CLBM_Masterdata.xml
2016-05,monthly,material_wholesale_price,"Unglazed tiles, 18mm x 18mm",119.0,square metre,CLBM_Masterdata.xml
2016-05,monthly,material_wholesale_price,"White tiles, 108mm x 108mm",233.0,100 pieces,CLBM_Masterdata.xml
2016-06,monthly,material_wholesale_price,"32 mm diameter pipes, 4m long",52.0,no.,CLBM_Masterdata.xml
2016-06,monthly,material_wholesale_price,Acrylic paint,51.0,litre,CLBM_Masterdata.xml
2016-06,monthly,material_wholesale_price,Aggregates,68.0,tonne,CLBM_Masterdata.xml
2016-06,monthly,material_wholesale_price,Bitumen,5450.0,tonne,CLBM_Masterdata.xml
2016-06,monthly,material_wholesale_price,"Clear sheet glass, 5mm thick",157.0,square metre,CLBM_Masterdata.xml
2016-06,monthly,material_wholesale_price,"Colour tiles, 200mm x 200mm",443.0,100 pieces,CLBM_Masterdata.xml
2016-06,monthly,material_wholesale_price,"Concrete blocks, 100mm thick",76.0,square metre,CLBM_Masterdata.xml
2016-06,monthly,material_wholesale_price,Emulsion paint,53.0,litre,CLBM_Masterdata.xml
2016-06,monthly,material_wholesale_price,For industrial use (light),1914.0,200-litre drum,CLBM_Masterdata.xml
2016-06,monthly,material_wholesale_price,For road use,890.0,100 litre,CLBM_Masterdata.xml
2016-06,monthly,material_wholesale_price,"Glass tiles, 25mm x 25mm",50.0,square metre,CLBM_Masterdata.xml
2016-06,monthly,material_wholesale_price,"Glazed tiles, 45mm x 45mm",138.0,square metre,CLBM_Masterdata.xml
2016-06,monthly,material_wholesale_price,"High tensile steel bars, 10mm to 40mm",3570.0,tonne,CLBM_Masterdata.xml
2016-06,monthly,material_wholesale_price,"Mild steel round bars, 6mm to 20mm",5255.0,tonne,CLBM_Masterdata.xml
2016-06,monthly,material_wholesale_price,"Non-slip tile, 200mm x 200mm",163.0,square metre,CLBM_Masterdata.xml
2016-06,monthly,material_wholesale_price,"Plywood, formwork, 19mm thick",73.0,square metre,CLBM_Masterdata.xml
2016-06,monthly,material_wholesale_price,Portland cement (ordinary),712.0,tonne,CLBM_Masterdata.xml
2016-06,monthly,material_wholesale_price,Sand,122.0,tonne,CLBM_Masterdata.xml
2016-06,monthly,material_wholesale_price,"Sawn hardwood, 25mm thick plank",4556.0,cubic metre,CLBM_Masterdata.xml
2016-06,monthly,material_wholesale_price,"Sawn hardwood, 50 x 75mm column",5707.0,cubic metre,CLBM_Masterdata.xml
2016-06,monthly,material_wholesale_price,Steel angles,11303.0,tonne,CLBM_Masterdata.xml
2016-06,monthly,material_wholesale_price,Steel flats,10266.0,tonne,CLBM_Masterdata.xml
2016-06,monthly,material_wholesale_price,"Steel plate, 4mm thick",4822.0,tonne,CLBM_Masterdata.xml
2016-06,monthly,material_wholesale_price,Steel plates,8740.0,tonne,CLBM_Masterdata.xml
2016-06,monthly,material_wholesale_price,"Unglazed tiles, 18mm x 18mm",119.0,square metre,CLBM_Masterdata.xml
2016-06,monthly,material_wholesale_price,"White tiles, 108mm x 108mm",236.0,100 pieces,CLBM_Masterdata.xml
2016-07,monthly,material_wholesale_price,"32 mm diameter pipes, 4m long",52.0,no.,CLBM_Masterdata.xml
2016-07,monthly,material_wholesale_price,Acrylic paint,51.0,litre,CLBM_Masterdata.xml
2016-07,monthly,material_wholesale_price,Aggregates,68.0,tonne,CLBM_Masterdata.xml
2016-07,monthly,material_wholesale_price,Bitumen,5450.0,tonne,CLBM_Masterdata.xml
2016-07,monthly,material_wholesale_price,"Clear sheet glass, 5mm thick",157.0,square metre,CLBM_Masterdata.xml
2016-07,monthly,material_wholesale_price,"Colour tiles, 200mm x 200mm",443.0,100 pieces,CLBM_Masterdata.xml
2016-07,monthly,material_wholesale_price,"Concrete blocks, 100mm thick",76.0,square metre,CLBM_Masterdata.xml
2016-07,monthly,material_wholesale_price,Emulsion paint,53.0,litre,CLBM_Masterdata.xml
2016-07,monthly,material_wholesale_price,For industrial use (light),1934.0,200-litre drum,CLBM_Masterdata.xml
2016-07,monthly,material_wholesale_price,For road use,895.0,100 litre,CLBM_Masterdata.xml
2016-07,monthly,material_wholesale_price,"Glass tiles, 25mm x 25mm",50.0,square metre,CLBM_Masterdata.xml
2016-07,monthly,material_wholesale_price,"Glazed tiles, 45mm x 45mm",143.0,square metre,CLBM_Masterdata.xml
2016-07,monthly,material_wholesale_price,"High tensile steel bars, 10mm to 40mm",3558.0,tonne,CLBM_Masterdata.xml
2016-07,monthly,material_wholesale_price,"Mild steel round bars, 6mm to 20mm",5275.0,tonne,CLBM_Masterdata.xml
2016-07,monthly,material_wholesale_price,"Non-slip tile, 200mm x 200mm",163.0,square metre,CLBM_Masterdata.xml
2016-07,monthly,material_wholesale_price,"Plywood, formwork, 19mm thick",73.0,square metre,CLBM_Masterdata.xml
2016-07,monthly,material_wholesale_price,Portland cement (ordinary),710.0,tonne,CLBM_Masterdata.xml
2016-07,monthly,material_wholesale_price,Sand,132.0,tonne,CLBM_Masterdata.xml
2016-07,monthly,material_wholesale_price,"Sawn hardwood, 25mm thick plank",4556.0,cubic metre,CLBM_Masterdata.xml
2016-07,monthly,material_wholesale_price,"Sawn hardwood, 50 x 75mm column",5707.0,cubic metre,CLBM_Masterdata.xml
2016-07,monthly,material_wholesale_price,Steel angles,11292.0,tonne,CLBM_Masterdata.xml
2016-07,monthly,material_wholesale_price,Steel flats,10177.0,tonne,CLBM_Masterdata.xml
2016-07,monthly,material_wholesale_price,"Steel plate, 4mm thick",4830.0,tonne,CLBM_Masterdata.xml
2016-07,monthly,material_wholesale_price,Steel plates,8734.0,tonne,CLBM_Masterdata.xml
2016-07,monthly,material_wholesale_price,"Unglazed tiles, 18mm x 18mm",119.0,square metre,CLBM_Masterdata.xml
2016-07,monthly,material_wholesale_price,"White tiles, 108mm x 108mm",243.0,100 pieces,CLBM_Masterdata.xml
2016-08,monthly,material_wholesale_price,"32 mm diameter pipes, 4m long",52.0,no.,CLBM_Masterdata.xml
2016-08,monthly,material_wholesale_price,Acrylic paint,51.0,litre,CLBM_Masterdata.xml
2016-08,monthly,material_wholesale_price,Aggregates,66.0,tonne,CLBM_Masterdata.xml
2016-08,monthly,material_wholesale_price,Bitumen,5117.0,tonne,CLBM_Masterdata.xml
2016-08,monthly,material_wholesale_price,"Clear sheet glass, 5mm thick",157.0,square metre,CLBM_Masterdata.xml
2016-08,monthly,material_wholesale_price,"Colour tiles, 200mm x 200mm",443.0,100 pieces,CLBM_Masterdata.xml
2016-08,monthly,material_wholesale_price,"Concrete blocks, 100mm thick",76.0,square metre,CLBM_Masterdata.xml
2016-08,monthly,material_wholesale_price,Emulsion paint,53.0,litre,CLBM_Masterdata.xml
2016-08,monthly,material_wholesale_price,For industrial use (light),1902.0,200-litre drum,CLBM_Masterdata.xml
2016-08,monthly,material_wholesale_price,For road use,881.0,100 litre,CLBM_Masterdata.xml
2016-08,monthly,material_wholesale_price,"Glass tiles, 25mm x 25mm",50.0,square metre,CLBM_Masterdata.xml
2016-08,monthly,material_wholesale_price,"Glazed tiles, 45mm x 45mm",143.0,square metre,CLBM_Masterdata.xml
2016-08,monthly,material_wholesale_price,"High tensile steel bars, 10mm to 40mm",3692.0,tonne,CLBM_Masterdata.xml
2016-08,monthly,material_wholesale_price,"Mild steel round bars, 6mm to 20mm",5330.0,tonne,CLBM_Masterdata.xml
2016-08,monthly,material_wholesale_price,"Non-slip tile, 200mm x 200mm",163.0,square metre,CLBM_Masterdata.xml
2016-08,monthly,material_wholesale_price,"Plywood, formwork, 19mm thick",73.0,square metre,CLBM_Masterdata.xml
2016-08,monthly,material_wholesale_price,Portland cement (ordinary),715.0,tonne,CLBM_Masterdata.xml
2016-08,monthly,material_wholesale_price,Sand,148.0,tonne,CLBM_Masterdata.xml
2016-08,monthly,material_wholesale_price,"Sawn hardwood, 25mm thick plank",4556.0,cubic metre,CLBM_Masterdata.xml
2016-08,monthly,material_wholesale_price,"Sawn hardwood, 50 x 75mm column",5707.0,cubic metre,CLBM_Masterdata.xml
2016-08,monthly,material_wholesale_price,Steel angles,11297.0,tonne,CLBM_Masterdata.xml
2016-08,monthly,material_wholesale_price,Steel flats,10177.0,tonne,CLBM_Masterdata.xml
2016-08,monthly,material_wholesale_price,"Steel plate, 4mm thick",4845.0,tonne,CLBM_Masterdata.xml
2016-08,monthly,material_wholesale_price,Steel plates,8721.0,tonne,CLBM_Masterdata.xml
2016-08,monthly,material_wholesale_price,"Unglazed tiles, 18mm x 18mm",119.0,square metre,CLBM_Masterdata.xml
2016-08,monthly,material_wholesale_price,"White tiles, 108mm x 108mm",243.0,100 pieces,CLBM_Masterdata.xml
2016-09,monthly,material_wholesale_price,"32 mm diameter pipes, 4m long",52.0,no.,CLBM_Masterdata.xml
2016-09,monthly,material_wholesale_price,Acrylic paint,51.0,litre,CLBM_Masterdata.xml
2016-09,monthly,material_wholesale_price,Aggregates,67.0,tonne,CLBM_Masterdata.xml
2016-09,monthly,material_wholesale_price,Bitumen,4850.0,tonne,CLBM_Masterdata.xml
2016-09,monthly,material_wholesale_price,"Clear sheet glass, 5mm thick",157.0,square metre,CLBM_Masterdata.xml
2016-09,monthly,material_wholesale_price,"Colour tiles, 200mm x 200mm",443.0,100 pieces,CLBM_Masterdata.xml
2016-09,monthly,material_wholesale_price,"Concrete blocks, 100mm thick",76.0,square metre,CLBM_Masterdata.xml
2016-09,monthly,material_wholesale_price,Emulsion paint,53.0,litre,CLBM_Masterdata.xml
2016-09,monthly,material_wholesale_price,For industrial use (light),1918.0,200-litre drum,CLBM_Masterdata.xml
2016-09,monthly,material_wholesale_price,For road use,895.0,100 litre,CLBM_Masterdata.xml
2016-09,monthly,material_wholesale_price,"Glass tiles, 25mm x 25mm",50.0,square metre,CLBM_Masterdata.xml
2016-09,monthly,material_wholesale_price,"Glazed tiles, 45mm x 45mm",143.0,square metre,CLBM_Masterdata.xml
2016-09,monthly,material_wholesale_price,"High tensile steel bars, 10mm to 40mm",3730.0,tonne,CLBM_Masterdata.xml
2016-09,monthly,material_wholesale_price,"Mild steel round bars, 6mm to 20mm",5395.0,tonne,CLBM_Masterdata.xml
2016-09,monthly,material_wholesale_price,"Non-slip tile, 200mm x 200mm",163.0,square metre,CLBM_Masterdata.xml
2016-09,monthly,material_wholesale_price,"Plywood, formwork, 19mm thick",73.0,square metre,CLBM_Masterdata.xml
2016-09,monthly,material_wholesale_price,Portland cement (ordinary),715.0,tonne,CLBM_Masterdata.xml
2016-09,monthly,material_wholesale_price,Sand,153.0,tonne,CLBM_Masterdata.xml
2016-09,monthly,material_wholesale_price,"Sawn hardwood, 25mm thick plank",4556.0,cubic metre,CLBM_Masterdata.xml
2016-09,monthly,material_wholesale_price,"Sawn hardwood, 50 x 75mm column",5707.0,cubic metre,CLBM_Masterdata.xml
2016-09,monthly,material_wholesale_price,Steel angles,11263.0,tonne,CLBM_Masterdata.xml
2016-09,monthly,material_wholesale_price,Steel flats,10177.0,tonne,CLBM_Masterdata.xml
2016-09,monthly,material_wholesale_price,"Steel plate, 4mm thick",4830.0,tonne,CLBM_Masterdata.xml
2016-09,monthly,material_wholesale_price,Steel plates,8728.0,tonne,CLBM_Masterdata.xml
2016-09,monthly,material_wholesale_price,"Unglazed tiles, 18mm x 18mm",119.0,square metre,CLBM_Masterdata.xml
2016-09,monthly,material_wholesale_price,"White tiles, 108mm x 108mm",243.0,100 pieces,CLBM_Masterdata.xml
2016-10,monthly,material_wholesale_price,"32 mm diameter pipes, 4m long",53.0,no.,CLBM_Masterdata.xml
2016-10,monthly,material_wholesale_price,Acrylic paint,50.0,litre,CLBM_Masterdata.xml
2016-10,monthly,material_wholesale_price,Aggregates,64.0,tonne,CLBM_Masterdata.xml
2016-10,monthly,material_wholesale_price,Bitumen,4850.0,tonne,CLBM_Masterdata.xml
2016-10,monthly,material_wholesale_price,"Clear sheet glass, 5mm thick",157.0,square metre,CLBM_Masterdata.xml
2016-10,monthly,material_wholesale_price,"Colour tiles, 200mm x 200mm",440.0,100 pieces,CLBM_Masterdata.xml
2016-10,monthly,material_wholesale_price,"Concrete blocks, 100mm thick",76.0,square metre,CLBM_Masterdata.xml
2016-10,monthly,material_wholesale_price,Emulsion paint,53.0,litre,CLBM_Masterdata.xml
2016-10,monthly,material_wholesale_price,For industrial use (light),1940.0,200-litre drum,CLBM_Masterdata.xml
2016-10,monthly,material_wholesale_price,For road use,917.0,100 litre,CLBM_Masterdata.xml
2016-10,monthly,material_wholesale_price,"Glass tiles, 25mm x 25mm",50.0,square metre,CLBM_Masterdata.xml
2016-10,monthly,material_wholesale_price,"Glazed tiles, 45mm x 45mm",143.0,square metre,CLBM_Masterdata.xml
2016-10,monthly,material_wholesale_price,"High tensile steel bars, 10mm to 40mm",3700.0,tonne,CLBM_Masterdata.xml
2016-10,monthly,material_wholesale_price,"Mild steel round bars, 6mm to 20mm",5320.0,tonne,CLBM_Masterdata.xml
2016-10,monthly,material_wholesale_price,"Non-slip tile, 200mm x 200mm",163.0,square metre,CLBM_Masterdata.xml
2016-10,monthly,material_wholesale_price,"Plywood, formwork, 19mm thick",73.0,square metre,CLBM_Masterdata.xml
2016-10,monthly,material_wholesale_price,Portland cement (ordinary),713.0,tonne,CLBM_Masterdata.xml
2016-10,monthly,material_wholesale_price,Sand,141.0,tonne,CLBM_Masterdata.xml
2016-10,monthly,material_wholesale_price,"Sawn hardwood, 25mm thick plank",4556.0,cubic metre,CLBM_Masterdata.xml
2016-10,monthly,material_wholesale_price,"Sawn hardwood, 50 x 75mm column",5707.0,cubic metre,CLBM_Masterdata.xml
2016-10,monthly,material_wholesale_price,Steel angles,11266.0,tonne,CLBM_Masterdata.xml
2016-10,monthly,material_wholesale_price,Steel flats,10177.0,tonne,CLBM_Masterdata.xml
2016-10,monthly,material_wholesale_price,"Steel plate, 4mm thick",4830.0,tonne,CLBM_Masterdata.xml
2016-10,monthly,material_wholesale_price,Steel plates,8728.0,tonne,CLBM_Masterdata.xml
2016-10,monthly,material_wholesale_price,"Unglazed tiles, 18mm x 18mm",119.0,square metre,CLBM_Masterdata.xml
2016-10,monthly,material_wholesale_price,"White tiles, 108mm x 108mm",243.0,100 pieces,CLBM_Masterdata.xml
2016-11,monthly,material_wholesale_price,"32 mm diameter pipes, 4m long",53.0,no.,CLBM_Masterdata.xml
2016-11,monthly,material_wholesale_price,Acrylic paint,50.0,litre,CLBM_Masterdata.xml
2016-11,monthly,material_wholesale_price,Aggregates,64.0,tonne,CLBM_Masterdata.xml
2016-11,monthly,material_wholesale_price,Bitumen,4883.0,tonne,CLBM_Masterdata.xml
2016-11,monthly,material_wholesale_price,"Clear sheet glass, 5mm thick",157.0,square metre,CLBM_Masterdata.xml
2016-11,monthly,material_wholesale_price,"Colour tiles, 200mm x 200mm",440.0,100 pieces,CLBM_Masterdata.xml
2016-11,monthly,material_wholesale_price,"Concrete blocks, 100mm thick",76.0,square metre,CLBM_Masterdata.xml
2016-11,monthly,material_wholesale_price,Emulsion paint,53.0,litre,CLBM_Masterdata.xml
2016-11,monthly,material_wholesale_price,For industrial use (light),1953.0,200-litre drum,CLBM_Masterdata.xml
2016-11,monthly,material_wholesale_price,For road use,913.0,100 litre,CLBM_Masterdata.xml
2016-11,monthly,material_wholesale_price,"Glass tiles, 25mm x 25mm",50.0,square metre,CLBM_Masterdata.xml
2016-11,monthly,material_wholesale_price,"Glazed tiles, 45mm x 45mm",143.0,square metre,CLBM_Masterdata.xml
2016-11,monthly,material_wholesale_price,"High tensile steel bars, 10mm to 40mm",3985.0,tonne,CLBM_Masterdata.xml
2016-11,monthly,material_wholesale_price,"Mild steel round bars, 6mm to 20mm",5550.0,tonne,CLBM_Masterdata.xml
2016-11,monthly,material_wholesale_price,"Non-slip tile, 200mm x 200mm",163.0,square metre,CLBM_Masterdata.xml
2016-11,monthly,material_wholesale_price,"Plywood, formwork, 19mm thick",73.0,square metre,CLBM_Masterdata.xml
2016-11,monthly,material_wholesale_price,Portland cement (ordinary),713.0,tonne,CLBM_Masterdata.xml
2016-11,monthly,material_wholesale_price,Sand,170.0,tonne,CLBM_Masterdata.xml
2016-11,monthly,material_wholesale_price,"Sawn hardwood, 25mm thick plank",4556.0,cubic metre,CLBM_Masterdata.xml
2016-11,monthly,material_wholesale_price,"Sawn hardwood, 50 x 75mm column",5707.0,cubic metre,CLBM_Masterdata.xml
2016-11,monthly,material_wholesale_price,Steel angles,11669.0,tonne,CLBM_Masterdata.xml
2016-11,monthly,material_wholesale_price,Steel flats,10255.0,tonne,CLBM_Masterdata.xml
2016-11,monthly,material_wholesale_price,"Steel plate, 4mm thick",4890.0,tonne,CLBM_Masterdata.xml
2016-11,monthly,material_wholesale_price,Steel plates,8753.0,tonne,CLBM_Masterdata.xml
2016-11,monthly,material_wholesale_price,"Unglazed tiles, 18mm x 18mm",119.0,square metre,CLBM_Masterdata.xml
2016-11,monthly,material_wholesale_price,"White tiles, 108mm x 108mm",243.0,100 pieces,CLBM_Masterdata.xml
2016-12,monthly,material_wholesale_price,"32 mm diameter pipes, 4m long",53.0,no.,CLBM_Masterdata.xml
2016-12,monthly,material_wholesale_price,Acrylic paint,50.0,litre,CLBM_Masterdata.xml
2016-12,monthly,material_wholesale_price,Aggregates,63.0,tonne,CLBM_Masterdata.xml
2016-12,monthly,material_wholesale_price,Bitumen,4983.0,tonne,CLBM_Masterdata.xml
2016-12,monthly,material_wholesale_price,"Clear sheet glass, 5mm thick",157.0,square metre,CLBM_Masterdata.xml
2016-12,monthly,material_wholesale_price,"Colour tiles, 200mm x 200mm",440.0,100 pieces,CLBM_Masterdata.xml
2016-12,monthly,material_wholesale_price,"Concrete blocks, 100mm thick",76.0,square metre,CLBM_Masterdata.xml
2016-12,monthly,material_wholesale_price,Emulsion paint,53.0,litre,CLBM_Masterdata.xml
2016-12,monthly,material_wholesale_price,For industrial use (light),1962.0,200-litre drum,CLBM_Masterdata.xml
2016-12,monthly,material_wholesale_price,For road use,934.0,100 litre,CLBM_Masterdata.xml
2016-12,monthly,material_wholesale_price,"Glass tiles, 25mm x 25mm",50.0,square metre,CLBM_Masterdata.xml
2016-12,monthly,material_wholesale_price,"Glazed tiles, 45mm x 45mm",143.0,square metre,CLBM_Masterdata.xml
2016-12,monthly,material_wholesale_price,"High tensile steel bars, 10mm to 40mm",4264.0,tonne,CLBM_Masterdata.xml
2016-12,monthly,material_wholesale_price,"Mild steel round bars, 6mm to 20mm",5675.0,tonne,CLBM_Masterdata.xml
2016-12,monthly,material_wholesale_price,"Non-slip tile, 200mm x 200mm",163.0,square metre,CLBM_Masterdata.xml
2016-12,monthly,material_wholesale_price,"Plywood, formwork, 19mm thick",73.0,square metre,CLBM_Masterdata.xml
2016-12,monthly,material_wholesale_price,Portland cement (ordinary),713.0,tonne,CLBM_Masterdata.xml
2016-12,monthly,material_wholesale_price,Sand,180.0,tonne,CLBM_Masterdata.xml
2016-12,monthly,material_wholesale_price,"Sawn hardwood, 25mm thick plank",4556.0,cubic metre,CLBM_Masterdata.xml
2016-12,monthly,material_wholesale_price,"Sawn hardwood, 50 x 75mm column",5707.0,cubic metre,CLBM_Masterdata.xml
2016-12,monthly,material_wholesale_price,Steel angles,12716.0,tonne,CLBM_Masterdata.xml
2016-12,monthly,material_wholesale_price,Steel flats,10255.0,tonne,CLBM_Masterdata.xml
2016-12,monthly,material_wholesale_price,"Steel plate, 4mm thick",4941.0,tonne,CLBM_Masterdata.xml
2016-12,monthly,material_wholesale_price,Steel plates,9139.0,tonne,CLBM_Masterdata.xml
2016-12,monthly,material_wholesale_price,"Unglazed tiles, 18mm x 18mm",119.0,square metre,CLBM_Masterdata.xml
2016-12,monthly,material_wholesale_price,"White tiles, 108mm x 108mm",243.0,100 pieces,CLBM_Masterdata.xml
2017-01,monthly,material_wholesale_price,"32 mm diameter pipes, 4m long",53.0,no.,CLBM_Masterdata.xml
2017-01,monthly,material_wholesale_price,Acrylic paint,50.0,litre,CLBM_Masterdata.xml
2017-01,monthly,material_wholesale_price,Aggregates,56.0,tonne,CLBM_Masterdata.xml
2017-01,monthly,material_wholesale_price,Bitumen,5050.0,tonne,CLBM_Masterdata.xml
2017-01,monthly,material_wholesale_price,"Clear sheet glass, 5mm thick",157.0,square metre,CLBM_Masterdata.xml
2017-01,monthly,material_wholesale_price,"Colour tiles, 200mm x 200mm",440.0,100 pieces,CLBM_Masterdata.xml
2017-01,monthly,material_wholesale_price,"Concrete blocks, 100mm thick",76.0,square metre,CLBM_Masterdata.xml
2017-01,monthly,material_wholesale_price,Emulsion paint,53.0,litre,CLBM_Masterdata.xml
2017-01,monthly,material_wholesale_price,For industrial use (light),2012.0,200-litre drum,CLBM_Masterdata.xml
2017-01,monthly,material_wholesale_price,For road use,958.0,100 litre,CLBM_Masterdata.xml
2017-01,monthly,material_wholesale_price,"Glass tiles, 25mm x 25mm",50.0,square metre,CLBM_Masterdata.xml
2017-01,monthly,material_wholesale_price,"Glazed tiles, 45mm x 45mm",143.0,square metre,CLBM_Masterdata.xml
2017-01,monthly,material_wholesale_price,"High tensile steel bars, 10mm to 40mm",4272.0,tonne,CLBM_Masterdata.xml
2017-01,monthly,material_wholesale_price,"Mild steel round bars, 6mm to 20mm",5610.0,tonne,CLBM_Masterdata.xml
2017-01,monthly,material_wholesale_price,"Non-slip tile, 200mm x 200mm",164.0,square metre,CLBM_Masterdata.xml
2017-01,monthly,material_wholesale_price,"Plywood, formwork, 19mm thick",74.0,square metre,CLBM_Masterdata.xml
2017-01,monthly,material_wholesale_price,Portland cement (ordinary),712.0,tonne,CLBM_Masterdata.xml
2017-01,monthly,material_wholesale_price,Sand,124.0,tonne,CLBM_Masterdata.xml
2017-01,monthly,material_wholesale_price,"Sawn hardwood, 25mm thick plank",4556.0,cubic metre,CLBM_Masterdata.xml
2017-01,monthly,material_wholesale_price,"Sawn hardwood, 50 x 75mm column",5707.0,cubic metre,CLBM_Masterdata.xml
2017-01,monthly,material_wholesale_price,Steel angles,12739.0,tonne,CLBM_Masterdata.xml
2017-01,monthly,material_wholesale_price,Steel flats,10371.0,tonne,CLBM_Masterdata.xml
2017-01,monthly,material_wholesale_price,"Steel plate, 4mm thick",4972.0,tonne,CLBM_Masterdata.xml
2017-01,monthly,material_wholesale_price,Steel plates,9158.0,tonne,CLBM_Masterdata.xml
2017-01,monthly,material_wholesale_price,"Unglazed tiles, 18mm x 18mm",119.0,square metre,CLBM_Masterdata.xml
2017-01,monthly,material_wholesale_price,"White tiles, 108mm x 108mm",243.0,100 pieces,CLBM_Masterdata.xml
2017-02,monthly,material_wholesale_price,"32 mm diameter pipes, 4m long",53.0,no.,CLBM_Masterdata.xml
2017-02,monthly,material_wholesale_price,Acrylic paint,50.0,litre,CLBM_Masterdata.xml
2017-02,monthly,material_wholesale_price,Aggregates,60.0,tonne,CLBM_Masterdata.xml
2017-02,monthly,material_wholesale_price,Bitumen,5683.0,tonne,CLBM_Masterdata.xml
2017-02,monthly,material_wholesale_price,"Clear sheet glass, 5mm thick",157.0,square metre,CLBM_Masterdata.xml
2017-02,monthly,material_wholesale_price,"Colour tiles, 200mm x 200mm",440.0,100 pieces,CLBM_Masterdata.xml
2017-02,monthly,material_wholesale_price,"Concrete blocks, 100mm thick",76.0,square metre,CLBM_Masterdata.xml
2017-02,monthly,material_wholesale_price,Emulsion paint,53.0,litre,CLBM_Masterdata.xml
2017-02,monthly,material_wholesale_price,For industrial use (light),2035.0,200-litre drum,CLBM_Masterdata.xml
2017-02,monthly,material_wholesale_price,For road use,967.0,100 litre,CLBM_Masterdata.xml
2017-02,monthly,material_wholesale_price,"Glass tiles, 25mm x 25mm",50.0,square metre,CLBM_Masterdata.xml
2017-02,monthly,material_wholesale_price,"Glazed tiles, 45mm x 45mm",143.0,square metre,CLBM_Masterdata.xml
2017-02,monthly,material_wholesale_price,"High tensile steel bars, 10mm to 40mm",4304.0,tonne,CLBM_Masterdata.xml
2017-02,monthly,material_wholesale_price,"Mild steel round bars, 6mm to 20mm",5600.0,tonne,CLBM_Masterdata.xml
2017-02,monthly,material_wholesale_price,"Non-slip tile, 200mm x 200mm",165.0,square metre,CLBM_Masterdata.xml
2017-02,monthly,material_wholesale_price,"Plywood, formwork, 19mm thick",74.0,square metre,CLBM_Masterdata.xml
2017-02,monthly,material_wholesale_price,Portland cement (ordinary),711.0,tonne,CLBM_Masterdata.xml
2017-02,monthly,material_wholesale_price,Sand,121.0,tonne,CLBM_Masterdata.xml
2017-02,monthly,material_wholesale_price,"Sawn hardwood, 25mm thick plank",4556.0,cubic metre,CLBM_Masterdata.xml
2017-02,monthly,material_wholesale_price,"Sawn hardwood, 50 x 75mm column",5814.0,cubic metre,CLBM_Masterdata.xml
2017-02,monthly,material_wholesale_price,Steel angles,13873.0,tonne,CLBM_Masterdata.xml
2017-02,monthly,material_wholesale_price,Steel flats,10879.0,tonne,CLBM_Masterdata.xml
2017-02,monthly,material_wholesale_price,"Steel plate, 4mm thick",5017.0,tonne,CLBM_Masterdata.xml
2017-02,monthly,material_wholesale_price,Steel plates,9227.0,tonne,CLBM_Masterdata.xml
2017-02,monthly,material_wholesale_price,"Unglazed tiles, 18mm x 18mm",119.0,square metre,CLBM_Masterdata.xml
2017-02,monthly,material_wholesale_price,"White tiles, 108mm x 108mm",243.0,100 pieces,CLBM_Masterdata.xml
2017-03,monthly,material_wholesale_price,"32 mm diameter pipes, 4m long",52.0,no.,CLBM_Masterdata.xml
2017-03,monthly,material_wholesale_price,Acrylic paint,50.0,litre,CLBM_Masterdata.xml
2017-03,monthly,material_wholesale_price,Aggregates,60.0,tonne,CLBM_Masterdata.xml
2017-03,monthly,material_wholesale_price,Bitumen,5950.0,tonne,CLBM_Masterdata.xml
2017-03,monthly,material_wholesale_price,"Clear sheet glass, 5mm thick",157.0,square metre,CLBM_Masterdata.xml
2017-03,monthly,material_wholesale_price,"Colour tiles, 200mm x 200mm",440.0,100 pieces,CLBM_Masterdata.xml
2017-03,monthly,material_wholesale_price,"Concrete blocks, 100mm thick",76.0,square metre,CLBM_Masterdata.xml
2017-03,monthly,material_wholesale_price,Emulsion paint,53.0,litre,CLBM_Masterdata.xml
2017-03,monthly,material_wholesale_price,For industrial use (light),2038.0,200-litre drum,CLBM_Masterdata.xml
2017-03,monthly,material_wholesale_price,For road use,968.0,100 litre,CLBM_Masterdata.xml
2017-03,monthly,material_wholesale_price,"Glass tiles, 25mm x 25mm",50.0,square metre,CLBM_Masterdata.xml
2017-03,monthly,material_wholesale_price,"Glazed tiles, 45mm x 45mm",145.0,square metre,CLBM_Masterdata.xml
2017-03,monthly,material_wholesale_price,"High tensile steel bars, 10mm to 40mm",4437.0,tonne,CLBM_Masterdata.xml
2017-03,monthly,material_wholesale_price,"Mild steel round bars, 6mm to 20mm",5660.0,tonne,CLBM_Masterdata.xml
2017-03,monthly,material_wholesale_price,"Non-slip tile, 200mm x 200mm",166.0,square metre,CLBM_Masterdata.xml
2017-03,monthly,material_wholesale_price,"Plywood, formwork, 19mm thick",74.0,square metre,CLBM_Masterdata.xml
2017-03,monthly,material_wholesale_price,Portland cement (ordinary),707.0,tonne,CLBM_Masterdata.xml
2017-03,monthly,material_wholesale_price,Sand,121.0,tonne,CLBM_Masterdata.xml
2017-03,monthly,material_wholesale_price,"Sawn hardwood, 25mm thick plank",4556.0,cubic metre,CLBM_Masterdata.xml
2017-03,monthly,material_wholesale_price,"Sawn hardwood, 50 x 75mm column",5814.0,cubic metre,CLBM_Masterdata.xml
2017-03,monthly,material_wholesale_price,Steel angles,14623.0,tonne,CLBM_Masterdata.xml
2017-03,monthly,material_wholesale_price,Steel flats,11071.0,tonne,CLBM_Masterdata.xml
2017-03,monthly,material_wholesale_price,"Steel plate, 4mm thick",5295.0,tonne,CLBM_Masterdata.xml
2017-03,monthly,material_wholesale_price,Steel plates,10011.0,tonne,CLBM_Masterdata.xml
2017-03,monthly,material_wholesale_price,"Unglazed tiles, 18mm x 18mm",122.0,square metre,CLBM_Masterdata.xml
2017-03,monthly,material_wholesale_price,"White tiles, 108mm x 108mm",243.0,100 pieces,CLBM_Masterdata.xml
2017-04,monthly,material_wholesale_price,"32 mm diameter pipes, 4m long",52.0,no.,CLBM_Masterdata.xml
2017-04,monthly,material_wholesale_price,Acrylic paint,50.0,litre,CLBM_Masterdata.xml
2017-04,monthly,material_wholesale_price,Aggregates,57.0,tonne,CLBM_Masterdata.xml
2017-04,monthly,material_wholesale_price,Bitumen,6150.0,tonne,CLBM_Masterdata.xml
2017-04,monthly,material_wholesale_price,"Clear sheet glass, 5mm thick",157.0,square metre,CLBM_Masterdata.xml
2017-04,monthly,material_wholesale_price,"Colour tiles, 200mm x 200mm",440.0,100 pieces,CLBM_Masterdata.xml
2017-04,monthly,material_wholesale_price,"Concrete blocks, 100mm thick",78.0,square metre,CLBM_Masterdata.xml
2017-04,monthly,material_wholesale_price,Emulsion paint,53.0,litre,CLBM_Masterdata.xml
2017-04,monthly,material_wholesale_price,For industrial use (light),2039.0,200-litre drum,CLBM_Masterdata.xml
2017-04,monthly,material_wholesale_price,For road use,967.0,100 litre,CLBM_Masterdata.xml
2017-04,monthly,material_wholesale_price,"Glass tiles, 25mm x 25mm",50.0,square metre,CLBM_Masterdata.xml
2017-04,monthly,material_wholesale_price,"Glazed tiles, 45mm x 45mm",145.0,square metre,CLBM_Masterdata.xml
2017-04,monthly,material_wholesale_price,"High tensile steel bars, 10mm to 40mm",4295.0,tonne,CLBM_Masterdata.xml
2017-04,monthly,material_wholesale_price,"Mild steel round bars, 6mm to 20mm",5590.0,tonne,CLBM_Masterdata.xml
2017-04,monthly,material_wholesale_price,"Non-slip tile, 200mm x 200mm",167.0,square metre,CLBM_Masterdata.xml
2017-04,monthly,material_wholesale_price,"Plywood, formwork, 19mm thick",74.0,square metre,CLBM_Masterdata.xml
2017-04,monthly,material_wholesale_price,Portland cement (ordinary),702.0,tonne,CLBM_Masterdata.xml
2017-04,monthly,material_wholesale_price,Sand,120.0,tonne,CLBM_Masterdata.xml
2017-04,monthly,material_wholesale_price,"Sawn hardwood, 25mm thick plank",4556.0,cubic metre,CLBM_Masterdata.xml
2017-04,monthly,material_wholesale_price,"Sawn hardwood, 50 x 75mm column",5814.0,cubic metre,CLBM_Masterdata.xml
2017-04,monthly,material_wholesale_price,Steel angles,14632.0,tonne,CLBM_Masterdata.xml
2017-04,monthly,material_wholesale_price,Steel flats,11155.0,tonne,CLBM_Masterdata.xml
2017-04,monthly,material_wholesale_price,"Steel plate, 4mm thick",5288.0,tonne,CLBM_Masterdata.xml
2017-04,monthly,material_wholesale_price,Steel plates,10011.0,tonne,CLBM_Masterdata.xml
2017-04,monthly,material_wholesale_price,"Unglazed tiles, 18mm x 18mm",122.0,square metre,CLBM_Masterdata.xml
2017-04,monthly,material_wholesale_price,"White tiles, 108mm x 108mm",243.0,100 pieces,CLBM_Masterdata.xml
2017-05,monthly,material_wholesale_price,"32 mm diameter pipes, 4m long",52.0,no.,CLBM_Masterdata.xml
2017-05,monthly,material_wholesale_price,Acrylic paint,50.0,litre,CLBM_Masterdata.xml
2017-05,monthly,material_wholesale_price,Aggregates,59.0,tonne,CLBM_Masterdata.xml
2017-05,monthly,material_wholesale_price,Bitumen,6150.0,tonne,CLBM_Masterdata.xml
2017-05,monthly,material_wholesale_price,"Clear sheet glass, 5mm thick",157.0,square metre,CLBM_Masterdata.xml
2017-05,monthly,material_wholesale_price,"Colour tiles, 200mm x 200mm",440.0,100 pieces,CLBM_Masterdata.xml
2017-05,monthly,material_wholesale_price,"Concrete blocks, 100mm thick",78.0,square metre,CLBM_Masterdata.xml
2017-05,monthly,material_wholesale_price,Emulsion paint,53.0,litre,CLBM_Masterdata.xml
2017-05,monthly,material_wholesale_price,For industrial use (light),2050.0,200-litre drum,CLBM_Masterdata.xml
2017-05,monthly,material_wholesale_price,For road use,957.0,100 litre,CLBM_Masterdata.xml
2017-05,monthly,material_wholesale_price,"Glass tiles, 25mm x 25mm",50.0,square metre,CLBM_Masterdata.xml
2017-05,monthly,material_wholesale_price,"Glazed tiles, 45mm x 45mm",145.0,square metre,CLBM_Masterdata.xml
2017-05,monthly,material_wholesale_price,"High tensile steel bars, 10mm to 40mm",4270.0,tonne,CLBM_Masterdata.xml
2017-05,monthly,material_wholesale_price,"Mild steel round bars, 6mm to 20mm",5520.0,tonne,CLBM_Masterdata.xml
2017-05,monthly,material_wholesale_price,"Non-slip tile, 200mm x 200mm",168.0,square metre,CLBM_Masterdata.xml
2017-05,monthly,material_wholesale_price,"Plywood, formwork, 19mm thick",74.0,square metre,CLBM_Masterdata.xml
2017-05,monthly,material_wholesale_price,Portland cement (ordinary),702.0,tonne,CLBM_Masterdata.xml
2017-05,monthly,material_wholesale_price,Sand,113.0,tonne,CLBM_Masterdata.xml
2017-05,monthly,material_wholesale_price,"Sawn hardwood, 25mm thick plank",4556.0,cubic metre,CLBM_Masterdata.xml
2017-05,monthly,material_wholesale_price,"Sawn hardwood, 50 x 75mm column",5814.0,cubic metre,CLBM_Masterdata.xml
2017-05,monthly,material_wholesale_price,Steel angles,14605.0,tonne,CLBM_Masterdata.xml
2017-05,monthly,material_wholesale_price,Steel flats,11194.0,tonne,CLBM_Masterdata.xml
2017-05,monthly,material_wholesale_price,"Steel plate, 4mm thick",5284.0,tonne,CLBM_Masterdata.xml
2017-05,monthly,material_wholesale_price,Steel plates,10005.0,tonne,CLBM_Masterdata.xml
2017-05,monthly,material_wholesale_price,"Unglazed tiles, 18mm x 18mm",122.0,square metre,CLBM_Masterdata.xml
2017-05,monthly,material_wholesale_price,"White tiles, 108mm x 108mm",243.0,100 pieces,CLBM_Masterdata.xml
2017-06,monthly,material_wholesale_price,"32 mm diameter pipes, 4m long",52.0,no.,CLBM_Masterdata.xml
2017-06,monthly,material_wholesale_price,Acrylic paint,50.0,litre,CLBM_Masterdata.xml
2017-06,monthly,material_wholesale_price,Aggregates,57.0,tonne,CLBM_Masterdata.xml
2017-06,monthly,material_wholesale_price,Bitumen,6150.0,tonne,CLBM_Masterdata.xml
2017-06,monthly,material_wholesale_price,"Clear sheet glass, 5mm thick",157.0,square metre,CLBM_Masterdata.xml
2017-06,monthly,material_wholesale_price,"Colour tiles, 200mm x 200mm",440.0,100 pieces,CLBM_Masterdata.xml
2017-06,monthly,material_wholesale_price,"Concrete blocks, 100mm thick",77.0,square metre,CLBM_Masterdata.xml
2017-06,monthly,material_wholesale_price,Emulsion paint,53.0,litre,CLBM_Masterdata.xml
2017-06,monthly,material_wholesale_price,For industrial use (light),2048.0,200-litre drum,CLBM_Masterdata.xml
2017-06,monthly,material_wholesale_price,For road use,957.0,100 litre,CLBM_Masterdata.xml
2017-06,monthly,material_wholesale_price,"Glass tiles, 25mm x 25mm",50.0,square metre,CLBM_Masterdata.xml
2017-06,monthly,material_wholesale_price,"Glazed tiles, 45mm x 45mm",145.0,square metre,CLBM_Masterdata.xml
2017-06,monthly,material_wholesale_price,"High tensile steel bars, 10mm to 40mm",4303.0,tonne,CLBM_Masterdata.xml
2017-06,monthly,material_wholesale_price,"Mild steel round bars, 6mm to 20mm",5570.0,tonne,CLBM_Masterdata.xml
2017-06,monthly,material_wholesale_price,"Non-slip tile, 200mm x 200mm",168.0,square metre,CLBM_Masterdata.xml
2017-06,monthly,material_wholesale_price,"Plywood, formwork, 19mm thick",74.0,square metre,CLBM_Masterdata.xml
2017-06,monthly,material_wholesale_price,Portland cement (ordinary),695.0,tonne,CLBM_Masterdata.xml
2017-06,monthly,material_wholesale_price,Sand,120.0,tonne,CLBM_Masterdata.xml
2017-06,monthly,material_wholesale_price,"Sawn hardwood, 25mm thick plank",4556.0,cubic metre,CLBM_Masterdata.xml
2017-06,monthly,material_wholesale_price,"Sawn hardwood, 50 x 75mm column",5814.0,cubic metre,CLBM_Masterdata.xml
2017-06,monthly,material_wholesale_price,Steel angles,14605.0,tonne,CLBM_Masterdata.xml
2017-06,monthly,material_wholesale_price,Steel flats,11194.0,tonne,CLBM_Masterdata.xml
2017-06,monthly,material_wholesale_price,"Steel plate, 4mm thick",5284.0,tonne,CLBM_Masterdata.xml
2017-06,monthly,material_wholesale_price,Steel plates,10005.0,tonne,CLBM_Masterdata.xml
2017-06,monthly,material_wholesale_price,"Unglazed tiles, 18mm x 18mm",122.0,square metre,CLBM_Masterdata.xml
2017-06,monthly,material_wholesale_price,"White tiles, 108mm x 108mm",243.0,100 pieces,CLBM_Masterdata.xml
2017-07,monthly,material_wholesale_price,"32 mm diameter pipes, 4m long",52.0,no.,CLBM_Masterdata.xml
2017-07,monthly,material_wholesale_price,Acrylic paint,50.0,litre,CLBM_Masterdata.xml
2017-07,monthly,material_wholesale_price,Aggregates,67.0,tonne,CLBM_Masterdata.xml
2017-07,monthly,material_wholesale_price,Bitumen,6150.0,tonne,CLBM_Masterdata.xml
2017-07,monthly,material_wholesale_price,"Clear sheet glass, 5mm thick",157.0,square metre,CLBM_Masterdata.xml
2017-07,monthly,material_wholesale_price,"Colour tiles, 200mm x 200mm",440.0,100 pieces,CLBM_Masterdata.xml
2017-07,monthly,material_wholesale_price,"Concrete blocks, 100mm thick",76.0,square metre,CLBM_Masterdata.xml
2017-07,monthly,material_wholesale_price,Emulsion paint,53.0,litre,CLBM_Masterdata.xml
2017-07,monthly,material_wholesale_price,For industrial use (light),2039.0,200-litre drum,CLBM_Masterdata.xml
2017-07,monthly,material_wholesale_price,For road use,960.0,100 litre,CLBM_Masterdata.xml
2017-07,monthly,material_wholesale_price,"Glass tiles, 25mm x 25mm",50.0,square metre,CLBM_Masterdata.xml
2017-07,monthly,material_wholesale_price,"Glazed tiles, 45mm x 45mm",145.0,square metre,CLBM_Masterdata.xml
2017-07,monthly,material_wholesale_price,"High tensile steel bars, 10mm to 40mm",4562.0,tonne,CLBM_Masterdata.xml
2017-07,monthly,material_wholesale_price,"Mild steel round bars, 6mm to 20mm",5670.0,tonne,CLBM_Masterdata.xml
2017-07,monthly,material_wholesale_price,"Non-slip tile, 200mm x 200mm",168.0,square metre,CLBM_Masterdata.xml
2017-07,monthly,material_wholesale_price,"Plywood, formwork, 19mm thick",74.0,square metre,CLBM_Masterdata.xml
2017-07,monthly,material_wholesale_price,Portland cement (ordinary),695.0,tonne,CLBM_Masterdata.xml
2017-07,monthly,material_wholesale_price,Sand,124.0,tonne,CLBM_Masterdata.xml
2017-07,monthly,material_wholesale_price,"Sawn hardwood, 25mm thick plank",4556.0,cubic metre,CLBM_Masterdata.xml
2017-07,monthly,material_wholesale_price,"Sawn hardwood, 50 x 75mm column",5814.0,cubic metre,CLBM_Masterdata.xml
2017-07,monthly,material_wholesale_price,Steel angles,14762.0,tonne,CLBM_Masterdata.xml
2017-07,monthly,material_wholesale_price,Steel flats,11577.0,tonne,CLBM_Masterdata.xml
2017-07,monthly,material_wholesale_price,"Steel plate, 4mm thick",5332.0,tonne,CLBM_Masterdata.xml
2017-07,monthly,material_wholesale_price,Steel plates,10023.0,tonne,CLBM_Masterdata.xml
2017-07,monthly,material_wholesale_price,"Unglazed tiles, 18mm x 18mm",122.0,square metre,CLBM_Masterdata.xml
2017-07,monthly,material_wholesale_price,"White tiles, 108mm x 108mm",243.0,100 pieces,CLBM_Masterdata.xml
2017-08,monthly,material_wholesale_price,"32 mm diameter pipes, 4m long",52.0,no.,CLBM_Masterdata.xml
2017-08,monthly,material_wholesale_price,Acrylic paint,50.0,litre,CLBM_Masterdata.xml
2017-08,monthly,material_wholesale_price,Aggregates,63.0,tonne,CLBM_Masterdata.xml
2017-08,monthly,material_wholesale_price,Bitumen,6150.0,tonne,CLBM_Masterdata.xml
2017-08,monthly,material_wholesale_price,"Clear sheet glass, 5mm thick",157.0,square metre,CLBM_Masterdata.xml
2017-08,monthly,material_wholesale_price,"Colour tiles, 200mm x 200mm",440.0,100 pieces,CLBM_Masterdata.xml
2017-08,monthly,material_wholesale_price,"Concrete blocks, 100mm thick",76.0,square metre,CLBM_Masterdata.xml
2017-08,monthly,material_wholesale_price,Emulsion paint,53.0,litre,CLBM_Masterdata.xml
2017-08,monthly,material_wholesale_price,For industrial use (light),2066.0,200-litre drum,CLBM_Masterdata.xml
2017-08,monthly,material_wholesale_price,For road use,980.0,100 litre,CLBM_Masterdata.xml
2017-08,monthly,material_wholesale_price,"Glass tiles, 25mm x 25mm",50.0,square metre,CLBM_Masterdata.xml
2017-08,monthly,material_wholesale_price,"Glazed tiles, 45mm x 45mm",145.0,square metre,CLBM_Masterdata.xml
2017-08,monthly,material_wholesale_price,"High tensile steel bars, 10mm to 40mm",4933.0,tonne,CLBM_Masterdata.xml
2017-08,monthly,material_wholesale_price,"Mild steel round bars, 6mm to 20mm",5860.0,tonne,CLBM_Masterdata.xml
2017-08,monthly,material_wholesale_price,"Non-slip tile, 200mm x 200mm",169.0,square metre,CLBM_Masterdata.xml
2017-08,monthly,material_wholesale_price,"Plywood, formwork, 19mm thick",75.0,square metre,CLBM_Masterdata.xml
2017-08,monthly,material_wholesale_price,Portland cement (ordinary),695.0,tonne,CLBM_Masterdata.xml
2017-08,monthly,material_wholesale_price,Sand,122.0,tonne,CLBM_Masterdata.xml
2017-08,monthly,material_wholesale_price,"Sawn hardwood, 25mm thick plank",4556.0,cubic metre,CLBM_Masterdata.xml
2017-08,monthly,material_wholesale_price,"Sawn hardwood, 50 x 75mm column",5814.0,cubic metre,CLBM_Masterdata.xml
2017-08,monthly,material_wholesale_price,Steel angles,15824.0,tonne,CLBM_Masterdata.xml
2017-08,monthly,material_wholesale_price,Steel flats,11733.0,tonne,CLBM_Masterdata.xml
2017-08,monthly,material_wholesale_price,"Steel plate, 4mm thick",5396.0,tonne,CLBM_Masterdata.xml
2017-08,monthly,material_wholesale_price,Steel plates,10042.0,tonne,CLBM_Masterdata.xml
2017-08,monthly,material_wholesale_price,"Unglazed tiles, 18mm x 18mm",122.0,square metre,CLBM_Masterdata.xml
2017-08,monthly,material_wholesale_price,"White tiles, 108mm x 108mm",243.0,100 pieces,CLBM_Masterdata.xml
2017-09,monthly,material_wholesale_price,"32 mm diameter pipes, 4m long",52.0,no.,CLBM_Masterdata.xml
2017-09,monthly,material_wholesale_price,Acrylic paint,50.0,litre,CLBM_Masterdata.xml
2017-09,monthly,material_wholesale_price,Aggregates,57.0,tonne,CLBM_Masterdata.xml
2017-09,monthly,material_wholesale_price,Bitumen,6150.0,tonne,CLBM_Masterdata.xml
2017-09,monthly,material_wholesale_price,"Clear sheet glass, 5mm thick",157.0,square metre,CLBM_Masterdata.xml
2017-09,monthly,material_wholesale_price,"Colour tiles, 200mm x 200mm",440.0,100 pieces,CLBM_Masterdata.xml
2017-09,monthly,material_wholesale_price,"Concrete blocks, 100mm thick",76.0,square metre,CLBM_Masterdata.xml
2017-09,monthly,material_wholesale_price,Emulsion paint,53.0,litre,CLBM_Masterdata.xml
2017-09,monthly,material_wholesale_price,For industrial use (light),2095.0,200-litre drum,CLBM_Masterdata.xml
2017-09,monthly,material_wholesale_price,For road use,1007.0,100 litre,CLBM_Masterdata.xml
2017-09,monthly,material_wholesale_price,"Glass tiles, 25mm x 25mm",50.0,square metre,CLBM_Masterdata.xml
2017-09,monthly,material_wholesale_price,"Glazed tiles, 45mm x 45mm",145.0,square metre,CLBM_Masterdata.xml
2017-09,monthly,material_wholesale_price,"High tensile steel bars, 10mm to 40mm",4987.0,tonne,CLBM_Masterdata.xml
2017-09,monthly,material_wholesale_price,"Mild steel round bars, 6mm to 20mm",5940.0,tonne,CLBM_Masterdata.xml
2017-09,monthly,material_wholesale_price,"Non-slip tile, 200mm x 200mm",169.0,square metre,CLBM_Masterdata.xml
2017-09,monthly,material_wholesale_price,"Plywood, formwork, 19mm thick",74.0,square metre,CLBM_Masterdata.xml
2017-09,monthly,material_wholesale_price,Portland cement (ordinary),695.0,tonne,CLBM_Masterdata.xml
2017-09,monthly,material_wholesale_price,Sand,113.0,tonne,CLBM_Masterdata.xml
2017-09,monthly,material_wholesale_price,"Sawn hardwood, 25mm thick plank",4556.0,cubic metre,CLBM_Masterdata.xml
2017-09,monthly,material_wholesale_price,"Sawn hardwood, 50 x 75mm column",5814.0,cubic metre,CLBM_Masterdata.xml
2017-09,monthly,material_wholesale_price,Steel angles,16049.0,tonne,CLBM_Masterdata.xml
2017-09,monthly,material_wholesale_price,Steel flats,12055.0,tonne,CLBM_Masterdata.xml
2017-09,monthly,material_wholesale_price,"Steel plate, 4mm thick",5587.0,tonne,CLBM_Masterdata.xml
2017-09,monthly,material_wholesale_price,Steel plates,10123.0,tonne,CLBM_Masterdata.xml
2017-09,monthly,material_wholesale_price,"Unglazed tiles, 18mm x 18mm",122.0,square metre,CLBM_Masterdata.xml
2017-09,monthly,material_wholesale_price,"White tiles, 108mm x 108mm",243.0,100 pieces,CLBM_Masterdata.xml
2017-10,monthly,material_wholesale_price,"32 mm diameter pipes, 4m long",52.0,no.,CLBM_Masterdata.xml
2017-10,monthly,material_wholesale_price,Acrylic paint,50.0,litre,CLBM_Masterdata.xml
2017-10,monthly,material_wholesale_price,Aggregates,56.0,tonne,CLBM_Masterdata.xml
2017-10,monthly,material_wholesale_price,Bitumen,6350.0,tonne,CLBM_Masterdata.xml
2017-10,monthly,material_wholesale_price,"Clear sheet glass, 5mm thick",157.0,square metre,CLBM_Masterdata.xml
2017-10,monthly,material_wholesale_price,"Colour tiles, 200mm x 200mm",440.0,100 pieces,CLBM_Masterdata.xml
2017-10,monthly,material_wholesale_price,"Concrete blocks, 100mm thick",76.0,square metre,CLBM_Masterdata.xml
2017-10,monthly,material_wholesale_price,Emulsion paint,53.0,litre,CLBM_Masterdata.xml
2017-10,monthly,material_wholesale_price,For industrial use (light),2109.0,200-litre drum,CLBM_Masterdata.xml
2017-10,monthly,material_wholesale_price,For road use,1016.0,100 litre,CLBM_Masterdata.xml
2017-10,monthly,material_wholesale_price,"Glass tiles, 25mm x 25mm",50.0,square metre,CLBM_Masterdata.xml
2017-10,monthly,material_wholesale_price,"Glazed tiles, 45mm x 45mm",145.0,square metre,CLBM_Masterdata.xml
2017-10,monthly,material_wholesale_price,"High tensile steel bars, 10mm to 40mm",4896.0,tonne,CLBM_Masterdata.xml
2017-10,monthly,material_wholesale_price,"Mild steel round bars, 6mm to 20mm",5840.0,tonne,CLBM_Masterdata.xml
2017-10,monthly,material_wholesale_price,"Non-slip tile, 200mm x 200mm",169.0,square metre,CLBM_Masterdata.xml
2017-10,monthly,material_wholesale_price,"Plywood, formwork, 19mm thick",75.0,square metre,CLBM_Masterdata.xml
2017-10,monthly,material_wholesale_price,Portland cement (ordinary),695.0,tonne,CLBM_Masterdata.xml
2017-10,monthly,material_wholesale_price,Sand,128.0,tonne,CLBM_Masterdata.xml
2017-10,monthly,material_wholesale_price,"Sawn hardwood, 25mm thick plank",4556.0,cubic metre,CLBM_Masterdata.xml
2017-10,monthly,material_wholesale_price,"Sawn hardwood, 50 x 75mm column",5814.0,cubic metre,CLBM_Masterdata.xml
2017-10,monthly,material_wholesale_price,Steel angles,16049.0,tonne,CLBM_Masterdata.xml
2017-10,monthly,material_wholesale_price,Steel flats,12186.0,tonne,CLBM_Masterdata.xml
2017-10,monthly,material_wholesale_price,"Steel plate, 4mm thick",5662.0,tonne,CLBM_Masterdata.xml
2017-10,monthly,material_wholesale_price,Steel plates,10123.0,tonne,CLBM_Masterdata.xml
2017-10,monthly,material_wholesale_price,"Unglazed tiles, 18mm x 18mm",122.0,square metre,CLBM_Masterdata.xml
2017-10,monthly,material_wholesale_price,"White tiles, 108mm x 108mm",243.0,100 pieces,CLBM_Masterdata.xml
2017-11,monthly,material_wholesale_price,"32 mm diameter pipes, 4m long",52.0,no.,CLBM_Masterdata.xml
2017-11,monthly,material_wholesale_price,Acrylic paint,50.0,litre,CLBM_Masterdata.xml
2017-11,monthly,material_wholesale_price,Aggregates,59.0,tonne,CLBM_Masterdata.xml
2017-11,monthly,material_wholesale_price,Bitumen,6483.0,tonne,CLBM_Masterdata.xml
2017-11,monthly,material_wholesale_price,"Clear sheet glass, 5mm thick",157.0,square metre,CLBM_Masterdata.xml
2017-11,monthly,material_wholesale_price,"Colour tiles, 200mm x 200mm",440.0,100 pieces,CLBM_Masterdata.xml
2017-11,monthly,material_wholesale_price,"Concrete blocks, 100mm thick",76.0,square metre,CLBM_Masterdata.xml
2017-11,monthly,material_wholesale_price,Emulsion paint,53.0,litre,CLBM_Masterdata.xml
2017-11,monthly,material_wholesale_price,For industrial use (light),2140.0,200-litre drum,CLBM_Masterdata.xml
2017-11,monthly,material_wholesale_price,For road use,1031.0,100 litre,CLBM_Masterdata.xml
2017-11,monthly,material_wholesale_price,"Glass tiles, 25mm x 25mm",50.0,square metre,CLBM_Masterdata.xml
2017-11,monthly,material_wholesale_price,"Glazed tiles, 45mm x 45mm",145.0,square metre,CLBM_Masterdata.xml
2017-11,monthly,material_wholesale_price,"High tensile steel bars, 10mm to 40mm",4852.0,tonne,CLBM_Masterdata.xml
2017-11,monthly,material_wholesale_price,"Mild steel round bars, 6mm to 20mm",5770.0,tonne,CLBM_Masterdata.xml
2017-11,monthly,material_wholesale_price,"Non-slip tile, 200mm x 200mm",169.0,square metre,CLBM_Masterdata.xml
2017-11,monthly,material_wholesale_price,"Plywood, formwork, 19mm thick",75.0,square metre,CLBM_Masterdata.xml
2017-11,monthly,material_wholesale_price,Portland cement (ordinary),695.0,tonne,CLBM_Masterdata.xml
2017-11,monthly,material_wholesale_price,Sand,126.0,tonne,CLBM_Masterdata.xml
2017-11,monthly,material_wholesale_price,"Sawn hardwood, 25mm thick plank",4654.0,cubic metre,CLBM_Masterdata.xml
2017-11,monthly,material_wholesale_price,"Sawn hardwood, 50 x 75mm column",5814.0,cubic metre,CLBM_Masterdata.xml
2017-11,monthly,material_wholesale_price,Steel angles,16149.0,tonne,CLBM_Masterdata.xml
2017-11,monthly,material_wholesale_price,Steel flats,12097.0,tonne,CLBM_Masterdata.xml
2017-11,monthly,material_wholesale_price,"Steel plate, 4mm thick",5712.0,tonne,CLBM_Masterdata.xml
2017-11,monthly,material_wholesale_price,Steel plates,10148.0,tonne,CLBM_Masterdata.xml
2017-11,monthly,material_wholesale_price,"Unglazed tiles, 18mm x 18mm",122.0,square metre,CLBM_Masterdata.xml
2017-11,monthly,material_wholesale_price,"White tiles, 108mm x 108mm",243.0,100 pieces,CLBM_Masterdata.xml
2017-12,monthly,material_wholesale_price,"32 mm diameter pipes, 4m long",52.0,no.,CLBM_Masterdata.xml
2017-12,monthly,material_wholesale_price,Acrylic paint,50.0,litre,CLBM_Masterdata.xml
2017-12,monthly,material_wholesale_price,Aggregates,61.0,tonne,CLBM_Masterdata.xml
2017-12,monthly,material_wholesale_price,Bitumen,6550.0,tonne,CLBM_Masterdata.xml
2017-12,monthly,material_wholesale_price,"Clear sheet glass, 5mm thick",157.0,square metre,CLBM_Masterdata.xml
2017-12,monthly,material_wholesale_price,"Colour tiles, 200mm x 200mm",440.0,100 pieces,CLBM_Masterdata.xml
2017-12,monthly,material_wholesale_price,"Concrete blocks, 100mm thick",76.0,square metre,CLBM_Masterdata.xml
2017-12,monthly,material_wholesale_price,Emulsion paint,53.0,litre,CLBM_Masterdata.xml
2017-12,monthly,material_wholesale_price,For industrial use (light),2173.0,200-litre drum,CLBM_Masterdata.xml
2017-12,monthly,material_wholesale_price,For road use,1055.0,100 litre,CLBM_Masterdata.xml
2017-12,monthly,material_wholesale_price,"Glass tiles, 25mm x 25mm",50.0,square metre,CLBM_Masterdata.xml
2017-12,monthly,material_wholesale_price,"Glazed tiles, 45mm x 45mm",145.0,square metre,CLBM_Masterdata.xml
2017-12,monthly,material_wholesale_price,"High tensile steel bars, 10mm to 40mm",5035.0,tonne,CLBM_Masterdata.xml
2017-12,monthly,material_wholesale_price,"Mild steel round bars, 6mm to 20mm",5880.0,tonne,CLBM_Masterdata.xml
2017-12,monthly,material_wholesale_price,"Non-slip tile, 200mm x 200mm",170.0,square metre,CLBM_Masterdata.xml
2017-12,monthly,material_wholesale_price,"Plywood, formwork, 19mm thick",75.0,square metre,CLBM_Masterdata.xml
2017-12,monthly,material_wholesale_price,Portland cement (ordinary),695.0,tonne,CLBM_Masterdata.xml
2017-12,monthly,material_wholesale_price,Sand,125.0,tonne,CLBM_Masterdata.xml
2017-12,monthly,material_wholesale_price,"Sawn hardwood, 25mm thick plank",4654.0,cubic metre,CLBM_Masterdata.xml
2017-12,monthly,material_wholesale_price,"Sawn hardwood, 50 x 75mm column",5814.0,cubic metre,CLBM_Masterdata.xml
2017-12,monthly,material_wholesale_price,Steel angles,17397.0,tonne,CLBM_Masterdata.xml
2017-12,monthly,material_wholesale_price,Steel flats,12224.0,tonne,CLBM_Masterdata.xml
2017-12,monthly,material_wholesale_price,"Steel plate, 4mm thick",5741.0,tonne,CLBM_Masterdata.xml
2017-12,monthly,material_wholesale_price,Steel plates,10997.0,tonne,CLBM_Masterdata.xml
2017-12,monthly,material_wholesale_price,"Unglazed tiles, 18mm x 18mm",122.0,square metre,CLBM_Masterdata.xml
2017-12,monthly,material_wholesale_price,"White tiles, 108mm x 108mm",243.0,100 pieces,CLBM_Masterdata.xml
2018-01,monthly,material_wholesale_price,"32 mm diameter pipes, 4m long",52.0,no.,CLBM_Masterdata.xml
2018-01,monthly,material_wholesale_price,Acrylic paint,50.0,litre,CLBM_Masterdata.xml
2018-01,monthly,material_wholesale_price,Aggregates,61.0,tonne,CLBM_Masterdata.xml
2018-01,monthly,material_wholesale_price,Bitumen,6683.0,tonne,CLBM_Masterdata.xml
2018-01,monthly,material_wholesale_price,"Clear sheet glass, 5mm thick",159.0,square metre,CLBM_Masterdata.xml
2018-01,monthly,material_wholesale_price,"Colour tiles, 200mm x 200mm",440.0,100 pieces,CLBM_Masterdata.xml
2018-01,monthly,material_wholesale_price,"Concrete blocks, 100mm thick",77.0,square metre,CLBM_Masterdata.xml
2018-01,monthly,material_wholesale_price,Emulsion paint,53.0,litre,CLBM_Masterdata.xml
2018-01,monthly,material_wholesale_price,For industrial use (light),2314.0,200-litre drum,CLBM_Masterdata.xml
2018-01,monthly,material_wholesale_price,For road use,1082.0,100 litre,CLBM_Masterdata.xml
2018-01,monthly,material_wholesale_price,"Glass tiles, 25mm x 25mm",50.0,square metre,CLBM_Masterdata.xml
2018-01,monthly,material_wholesale_price,"Glazed tiles, 45mm x 45mm",145.0,square metre,CLBM_Masterdata.xml
2018-01,monthly,material_wholesale_price,"High tensile steel bars, 10mm to 40mm",5066.0,tonne,CLBM_Masterdata.xml
2018-01,monthly,material_wholesale_price,"Mild steel round bars, 6mm to 20mm",5860.0,tonne,CLBM_Masterdata.xml
2018-01,monthly,material_wholesale_price,"Non-slip tile, 200mm x 200mm",172.0,square metre,CLBM_Masterdata.xml
2018-01,monthly,material_wholesale_price,"Plywood, formwork, 19mm thick",76.0,square metre,CLBM_Masterdata.xml
2018-01,monthly,material_wholesale_price,Portland cement (ordinary),692.0,tonne,CLBM_Masterdata.xml
2018-01,monthly,material_wholesale_price,Sand,137.0,tonne,CLBM_Masterdata.xml
2018-01,monthly,material_wholesale_price,"Sawn hardwood, 25mm thick plank",4654.0,cubic metre,CLBM_Masterdata.xml
2018-01,monthly,material_wholesale_price,"Sawn hardwood, 50 x 75mm column",5814.0,cubic metre,CLBM_Masterdata.xml
2018-01,monthly,material_wholesale_price,Steel angles,17527.0,tonne,CLBM_Masterdata.xml
2018-01,monthly,material_wholesale_price,Steel flats,12224.0,tonne,CLBM_Masterdata.xml
2018-01,monthly,material_wholesale_price,"Steel plate, 4mm thick",5756.0,tonne,CLBM_Masterdata.xml
2018-01,monthly,material_wholesale_price,Steel plates,11464.0,tonne,CLBM_Masterdata.xml
2018-01,monthly,material_wholesale_price,"Unglazed tiles, 18mm x 18mm",122.0,square metre,CLBM_Masterdata.xml
2018-01,monthly,material_wholesale_price,"White tiles, 108mm x 108mm",243.0,100 pieces,CLBM_Masterdata.xml
2018-02,monthly,material_wholesale_price,"32 mm diameter pipes, 4m long",52.0,no.,CLBM_Masterdata.xml
2018-02,monthly,material_wholesale_price,Acrylic paint,51.0,litre,CLBM_Masterdata.xml
2018-02,monthly,material_wholesale_price,Aggregates,64.0,tonne,CLBM_Masterdata.xml
2018-02,monthly,material_wholesale_price,Bitumen,6750.0,tonne,CLBM_Masterdata.xml
2018-02,monthly,material_wholesale_price,"Clear sheet glass, 5mm thick",160.0,square metre,CLBM_Masterdata.xml
2018-02,monthly,material_wholesale_price,"Colour tiles, 200mm x 200mm",440.0,100 pieces,CLBM_Masterdata.xml
2018-02,monthly,material_wholesale_price,"Concrete blocks, 100mm thick",77.0,square metre,CLBM_Masterdata.xml
2018-02,monthly,material_wholesale_price,Emulsion paint,53.0,litre,CLBM_Masterdata.xml
2018-02,monthly,material_wholesale_price,For industrial use (light),2338.0,200-litre drum,CLBM_Masterdata.xml
2018-02,monthly,material_wholesale_price,For road use,1090.0,100 litre,CLBM_Masterdata.xml
2018-02,monthly,material_wholesale_price,"Glass tiles, 25mm x 25mm",50.0,square metre,CLBM_Masterdata.xml
2018-02,monthly,material_wholesale_price,"Glazed tiles, 45mm x 45mm",145.0,square metre,CLBM_Masterdata.xml
2018-02,monthly,material_wholesale_price,"High tensile steel bars, 10mm to 40mm",5091.0,tonne,CLBM_Masterdata.xml
2018-02,monthly,material_wholesale_price,"Mild steel round bars, 6mm to 20mm",5810.0,tonne,CLBM_Masterdata.xml
2018-02,monthly,material_wholesale_price,"Non-slip tile, 200mm x 200mm",173.0,square metre,CLBM_Masterdata.xml
2018-02,monthly,material_wholesale_price,"Plywood, formwork, 19mm thick",76.0,square metre,CLBM_Masterdata.xml
2018-02,monthly,material_wholesale_price,Portland cement (ordinary),692.0,tonne,CLBM_Masterdata.xml
2018-02,monthly,material_wholesale_price,Sand,142.0,tonne,CLBM_Masterdata.xml
2018-02,monthly,material_wholesale_price,"Sawn hardwood, 25mm thick plank",4654.0,cubic metre,CLBM_Masterdata.xml
2018-02,monthly,material_wholesale_price,"Sawn hardwood, 50 x 75mm column",5814.0,cubic metre,CLBM_Masterdata.xml
2018-02,monthly,material_wholesale_price,Steel angles,17527.0,tonne,CLBM_Masterdata.xml
2018-02,monthly,material_wholesale_price,Steel flats,12224.0,tonne,CLBM_Masterdata.xml
2018-02,monthly,material_wholesale_price,"Steel plate, 4mm thick",5764.0,tonne,CLBM_Masterdata.xml
2018-02,monthly,material_wholesale_price,Steel plates,11464.0,tonne,CLBM_Masterdata.xml
2018-02,monthly,material_wholesale_price,"Unglazed tiles, 18mm x 18mm",122.0,square metre,CLBM_Masterdata.xml
2018-02,monthly,material_wholesale_price,"White tiles, 108mm x 108mm",243.0,100 pieces,CLBM_Masterdata.xml
2018-03,monthly,material_wholesale_price,"32 mm diameter pipes, 4m long",52.0,no.,CLBM_Masterdata.xml
2018-03,monthly,material_wholesale_price,Acrylic paint,52.0,litre,CLBM_Masterdata.xml
2018-03,monthly,material_wholesale_price,Aggregates,67.0,tonne,CLBM_Masterdata.xml
2018-03,monthly,material_wholesale_price,Bitumen,6750.0,tonne,CLBM_Masterdata.xml
2018-03,monthly,material_wholesale_price,"Clear sheet glass, 5mm thick",160.0,square metre,CLBM_Masterdata.xml
2018-03,monthly,material_wholesale_price,"Colour tiles, 200mm x 200mm",440.0,100 pieces,CLBM_Masterdata.xml
2018-03,monthly,material_wholesale_price,"Concrete blocks, 100mm thick",77.0,square metre,CLBM_Masterdata.xml
2018-03,monthly,material_wholesale_price,Emulsion paint,54.0,litre,CLBM_Masterdata.xml
2018-03,monthly,material_wholesale_price,For industrial use (light),2335.0,200-litre drum,CLBM_Masterdata.xml
2018-03,monthly,material_wholesale_price,For road use,1095.0,100 litre,CLBM_Masterdata.xml
2018-03,monthly,material_wholesale_price,"Glass tiles, 25mm x 25mm",50.0,square metre,CLBM_Masterdata.xml
2018-03,monthly,material_wholesale_price,"Glazed tiles, 45mm x 45mm",145.0,square metre,CLBM_Masterdata.xml
2018-03,monthly,material_wholesale_price,"High tensile steel bars, 10mm to 40mm",5092.0,tonne,CLBM_Masterdata.xml
2018-03,monthly,material_wholesale_price,"Mild steel round bars, 6mm to 20mm",5900.0,tonne,CLBM_Masterdata.xml
2018-03,monthly,material_wholesale_price,"Non-slip tile, 200mm x 200mm",174.0,square metre,CLBM_Masterdata.xml
2018-03,monthly,material_wholesale_price,"Plywood, formwork, 19mm thick",76.0,square metre,CLBM_Masterdata.xml
2018-03,monthly,material_wholesale_price,Portland cement (ordinary),692.0,tonne,CLBM_Masterdata.xml
2018-03,monthly,material_wholesale_price,Sand,144.0,tonne,CLBM_Masterdata.xml
2018-03,monthly,material_wholesale_price,"Sawn hardwood, 25mm thick plank",4654.0,cubic metre,CLBM_Masterdata.xml
2018-03,monthly,material_wholesale_price,"Sawn hardwood, 50 x 75mm column",6105.0,cubic metre,CLBM_Masterdata.xml
2018-03,monthly,material_wholesale_price,Steel angles,17626.0,tonne,CLBM_Masterdata.xml
2018-03,monthly,material_wholesale_price,Steel flats,12308.0,tonne,CLBM_Masterdata.xml
2018-03,monthly,material_wholesale_price,"Steel plate, 4mm thick",5779.0,tonne,CLBM_Masterdata.xml
2018-03,monthly,material_wholesale_price,Steel plates,11986.0,tonne,CLBM_Masterdata.xml
2018-03,monthly,material_wholesale_price,"Unglazed tiles, 18mm x 18mm",122.0,square metre,CLBM_Masterdata.xml
2018-03,monthly,material_wholesale_price,"White tiles, 108mm x 108mm",243.0,100 pieces,CLBM_Masterdata.xml
2018-04,monthly,material_wholesale_price,"32 mm diameter pipes, 4m long",52.0,no.,CLBM_Masterdata.xml
2018-04,monthly,material_wholesale_price,Acrylic paint,52.0,litre,CLBM_Masterdata.xml
2018-04,monthly,material_wholesale_price,Aggregates,67.0,tonne,CLBM_Masterdata.xml
2018-04,monthly,material_wholesale_price,Bitumen,6750.0,tonne,CLBM_Masterdata.xml
2018-04,monthly,material_wholesale_price,"Clear sheet glass, 5mm thick",160.0,square metre,CLBM_Masterdata.xml
2018-04,monthly,material_wholesale_price,"Colour tiles, 200mm x 200mm",440.0,100 pieces,CLBM_Masterdata.xml
2018-04,monthly,material_wholesale_price,"Concrete blocks, 100mm thick",77.0,square metre,CLBM_Masterdata.xml
2018-04,monthly,material_wholesale_price,Emulsion paint,54.0,litre,CLBM_Masterdata.xml
2018-04,monthly,material_wholesale_price,For industrial use (light),2375.0,200-litre drum,CLBM_Masterdata.xml
2018-04,monthly,material_wholesale_price,For road use,1123.0,100 litre,CLBM_Masterdata.xml
2018-04,monthly,material_wholesale_price,"Glass tiles, 25mm x 25mm",50.0,square metre,CLBM_Masterdata.xml
2018-04,monthly,material_wholesale_price,"Glazed tiles, 45mm x 45mm",145.0,square metre,CLBM_Masterdata.xml
2018-04,monthly,material_wholesale_price,"High tensile steel bars, 10mm to 40mm",5043.0,tonne,CLBM_Masterdata.xml
2018-04,monthly,material_wholesale_price,"Mild steel round bars, 6mm to 20mm",5760.0,tonne,CLBM_Masterdata.xml
2018-04,monthly,material_wholesale_price,"Non-slip tile, 200mm x 200mm",174.0,square metre,CLBM_Masterdata.xml
2018-04,monthly,material_wholesale_price,"Plywood, formwork, 19mm thick",76.0,square metre,CLBM_Masterdata.xml
2018-04,monthly,material_wholesale_price,Portland cement (ordinary),692.0,tonne,CLBM_Masterdata.xml
2018-04,monthly,material_wholesale_price,Sand,138.0,tonne,CLBM_Masterdata.xml
2018-04,monthly,material_wholesale_price,"Sawn hardwood, 25mm thick plank",4654.0,cubic metre,CLBM_Masterdata.xml
2018-04,monthly,material_wholesale_price,"Sawn hardwood, 50 x 75mm column",6105.0,cubic metre,CLBM_Masterdata.xml
2018-04,monthly,material_wholesale_price,Steel angles,17663.0,tonne,CLBM_Masterdata.xml
2018-04,monthly,material_wholesale_price,Steel flats,12308.0,tonne,CLBM_Masterdata.xml
2018-04,monthly,material_wholesale_price,"Steel plate, 4mm thick",5801.0,tonne,CLBM_Masterdata.xml
2018-04,monthly,material_wholesale_price,Steel plates,11986.0,tonne,CLBM_Masterdata.xml
2018-04,monthly,material_wholesale_price,"Unglazed tiles, 18mm x 18mm",122.0,square metre,CLBM_Masterdata.xml
2018-04,monthly,material_wholesale_price,"White tiles, 108mm x 108mm",243.0,100 pieces,CLBM_Masterdata.xml
2018-05,monthly,material_wholesale_price,"32 mm diameter pipes, 4m long",52.0,no.,CLBM_Masterdata.xml
2018-05,monthly,material_wholesale_price,Acrylic paint,52.0,litre,CLBM_Masterdata.xml
2018-05,monthly,material_wholesale_price,Aggregates,63.0,tonne,CLBM_Masterdata.xml
2018-05,monthly,material_wholesale_price,Bitumen,6750.0,tonne,CLBM_Masterdata.xml
2018-05,monthly,material_wholesale_price,"Clear sheet glass, 5mm thick",160.0,square metre,CLBM_Masterdata.xml
2018-05,monthly,material_wholesale_price,"Colour tiles, 200mm x 200mm",440.0,100 pieces,CLBM_Masterdata.xml
2018-05,monthly,material_wholesale_price,"Concrete blocks, 100mm thick",77.0,square metre,CLBM_Masterdata.xml
2018-05,monthly,material_wholesale_price,Emulsion paint,54.0,litre,CLBM_Masterdata.xml
2018-05,monthly,material_wholesale_price,For industrial use (light),2428.0,200-litre drum,CLBM_Masterdata.xml
2018-05,monthly,material_wholesale_price,For road use,1163.0,100 litre,CLBM_Masterdata.xml
2018-05,monthly,material_wholesale_price,"Glass tiles, 25mm x 25mm",50.0,square metre,CLBM_Masterdata.xml
2018-05,monthly,material_wholesale_price,"Glazed tiles, 45mm x 45mm",145.0,square metre,CLBM_Masterdata.xml
2018-05,monthly,material_wholesale_price,"High tensile steel bars, 10mm to 40mm",5059.0,tonne,CLBM_Masterdata.xml
2018-05,monthly,material_wholesale_price,"Mild steel round bars, 6mm to 20mm",5795.0,tonne,CLBM_Masterdata.xml
2018-05,monthly,material_wholesale_price,"Non-slip tile, 200mm x 200mm",174.0,square metre,CLBM_Masterdata.xml
2018-05,monthly,material_wholesale_price,"Plywood, formwork, 19mm thick",76.0,square metre,CLBM_Masterdata.xml
2018-05,monthly,material_wholesale_price,Portland cement (ordinary),693.0,tonne,CLBM_Masterdata.xml
2018-05,monthly,material_wholesale_price,Sand,152.0,tonne,CLBM_Masterdata.xml
2018-05,monthly,material_wholesale_price,"Sawn hardwood, 25mm thick plank",4654.0,cubic metre,CLBM_Masterdata.xml
2018-05,monthly,material_wholesale_price,"Sawn hardwood, 50 x 75mm column",6260.0,cubic metre,CLBM_Masterdata.xml
2018-05,monthly,material_wholesale_price,Steel angles,17663.0,tonne,CLBM_Masterdata.xml
2018-05,monthly,material_wholesale_price,Steel flats,12308.0,tonne,CLBM_Masterdata.xml
2018-05,monthly,material_wholesale_price,"Steel plate, 4mm thick",5801.0,tonne,CLBM_Masterdata.xml
2018-05,monthly,material_wholesale_price,Steel plates,12003.0,tonne,CLBM_Masterdata.xml
2018-05,monthly,material_wholesale_price,"Unglazed tiles, 18mm x 18mm",122.0,square metre,CLBM_Masterdata.xml
2018-05,monthly,material_wholesale_price,"White tiles, 108mm x 108mm",243.0,100 pieces,CLBM_Masterdata.xml
2018-06,monthly,material_wholesale_price,"32 mm diameter pipes, 4m long",52.0,no.,CLBM_Masterdata.xml
2018-06,monthly,material_wholesale_price,Acrylic paint,52.0,litre,CLBM_Masterdata.xml
2018-06,monthly,material_wholesale_price,Aggregates,64.0,tonne,CLBM_Masterdata.xml
2018-06,monthly,material_wholesale_price,Bitumen,7100.0,tonne,CLBM_Masterdata.xml
2018-06,monthly,material_wholesale_price,"Clear sheet glass, 5mm thick",161.0,square metre,CLBM_Masterdata.xml
2018-06,monthly,material_wholesale_price,"Colour tiles, 200mm x 200mm",440.0,100 pieces,CLBM_Masterdata.xml
2018-06,monthly,material_wholesale_price,"Concrete blocks, 100mm thick",77.0,square metre,CLBM_Masterdata.xml
2018-06,monthly,material_wholesale_price,Emulsion paint,54.0,litre,CLBM_Masterdata.xml
2018-06,monthly,material_wholesale_price,For industrial use (light),2429.0,200-litre drum,CLBM_Masterdata.xml
2018-06,monthly,material_wholesale_price,For road use,1166.0,100 litre,CLBM_Masterdata.xml
2018-06,monthly,material_wholesale_price,"Glass tiles, 25mm x 25mm",50.0,square metre,CLBM_Masterdata.xml
2018-06,monthly,material_wholesale_price,"Glazed tiles, 45mm x 45mm",145.0,square metre,CLBM_Masterdata.xml
2018-06,monthly,material_wholesale_price,"High tensile steel bars, 10mm to 40mm",5129.0,tonne,CLBM_Masterdata.xml
2018-06,monthly,material_wholesale_price,"Mild steel round bars, 6mm to 20mm",5815.0,tonne,CLBM_Masterdata.xml
2018-06,monthly,material_wholesale_price,"Non-slip tile, 200mm x 200mm",174.0,square metre,CLBM_Masterdata.xml
2018-06,monthly,material_wholesale_price,"Plywood, formwork, 19mm thick",76.0,square metre,CLBM_Masterdata.xml
2018-06,monthly,material_wholesale_price,Portland cement (ordinary),693.0,tonne,CLBM_Masterdata.xml
2018-06,monthly,material_wholesale_price,Sand,169.0,tonne,CLBM_Masterdata.xml
2018-06,monthly,material_wholesale_price,"Sawn hardwood, 25mm thick plank",4654.0,cubic metre,CLBM_Masterdata.xml
2018-06,monthly,material_wholesale_price,"Sawn hardwood, 50 x 75mm column",6260.0,cubic metre,CLBM_Masterdata.xml
2018-06,monthly,material_wholesale_price,Steel angles,17663.0,tonne,CLBM_Masterdata.xml
2018-06,monthly,material_wholesale_price,Steel flats,12347.0,tonne,CLBM_Masterdata.xml
2018-06,monthly,material_wholesale_price,"Steel plate, 4mm thick",5808.0,tonne,CLBM_Masterdata.xml
2018-06,monthly,material_wholesale_price,Steel plates,12017.0,tonne,CLBM_Masterdata.xml
2018-06,monthly,material_wholesale_price,"Unglazed tiles, 18mm x 18mm",122.0,square metre,CLBM_Masterdata.xml
2018-06,monthly,material_wholesale_price,"White tiles, 108mm x 108mm",243.0,100 pieces,CLBM_Masterdata.xml
2018-07,monthly,material_wholesale_price,"32 mm diameter pipes, 4m long",52.0,no.,CLBM_Masterdata.xml
2018-07,monthly,material_wholesale_price,Acrylic paint,52.0,litre,CLBM_Masterdata.xml
2018-07,monthly,material_wholesale_price,Aggregates,64.0,tonne,CLBM_Masterdata.xml
2018-07,monthly,material_wholesale_price,Bitumen,7600.0,tonne,CLBM_Masterdata.xml
2018-07,monthly,material_wholesale_price,"Clear sheet glass, 5mm thick",161.0,square metre,CLBM_Masterdata.xml
2018-07,monthly,material_wholesale_price,"Colour tiles, 200mm x 200mm",440.0,100 pieces,CLBM_Masterdata.xml
2018-07,monthly,material_wholesale_price,"Concrete blocks, 100mm thick",77.0,square metre,CLBM_Masterdata.xml
2018-07,monthly,material_wholesale_price,Emulsion paint,54.0,litre,CLBM_Masterdata.xml
2018-07,monthly,material_wholesale_price,For industrial use (light),2406.0,200-litre drum,CLBM_Masterdata.xml
2018-07,monthly,material_wholesale_price,For road use,1155.0,100 litre,CLBM_Masterdata.xml
2018-07,monthly,material_wholesale_price,"Glass tiles, 25mm x 25mm",50.0,square metre,CLBM_Masterdata.xml
2018-07,monthly,material_wholesale_price,"Glazed tiles, 45mm x 45mm",145.0,square metre,CLBM_Masterdata.xml
2018-07,monthly,material_wholesale_price,"High tensile steel bars, 10mm to 40mm",5161.0,tonne,CLBM_Masterdata.xml
2018-07,monthly,material_wholesale_price,"Mild steel round bars, 6mm to 20mm",5830.0,tonne,CLBM_Masterdata.xml
2018-07,monthly,material_wholesale_price,"Non-slip tile, 200mm x 200mm",174.0,square metre,CLBM_Masterdata.xml
2018-07,monthly,material_wholesale_price,"Plywood, formwork, 19mm thick",76.0,square metre,CLBM_Masterdata.xml
2018-07,monthly,material_wholesale_price,Portland cement (ordinary),701.0,tonne,CLBM_Masterdata.xml
2018-07,monthly,material_wholesale_price,Sand,256.0,tonne,CLBM_Masterdata.xml
2018-07,monthly,material_wholesale_price,"Sawn hardwood, 25mm thick plank",4654.0,cubic metre,CLBM_Masterdata.xml
2018-07,monthly,material_wholesale_price,"Sawn hardwood, 50 x 75mm column",6260.0,cubic metre,CLBM_Masterdata.xml
2018-07,monthly,material_wholesale_price,Steel angles,17950.0,tonne,CLBM_Masterdata.xml
2018-07,monthly,material_wholesale_price,Steel flats,12302.0,tonne,CLBM_Masterdata.xml
2018-07,monthly,material_wholesale_price,"Steel plate, 4mm thick",5808.0,tonne,CLBM_Masterdata.xml
2018-07,monthly,material_wholesale_price,Steel plates,13047.0,tonne,CLBM_Masterdata.xml
2018-07,monthly,material_wholesale_price,"Unglazed tiles, 18mm x 18mm",122.0,square metre,CLBM_Masterdata.xml
2018-07,monthly,material_wholesale_price,"White tiles, 108mm x 108mm",243.0,100 pieces,CLBM_Masterdata.xml
2018-08,monthly,material_wholesale_price,"32 mm diameter pipes, 4m long",52.0,no.,CLBM_Masterdata.xml
2018-08,monthly,material_wholesale_price,Acrylic paint,52.0,litre,CLBM_Masterdata.xml
2018-08,monthly,material_wholesale_price,Aggregates,67.0,tonne,CLBM_Masterdata.xml
2018-08,monthly,material_wholesale_price,Bitumen,7600.0,tonne,CLBM_Masterdata.xml
2018-08,monthly,material_wholesale_price,"Clear sheet glass, 5mm thick",161.0,square metre,CLBM_Masterdata.xml
2018-08,monthly,material_wholesale_price,"Colour tiles, 200mm x 200mm",440.0,100 pieces,CLBM_Masterdata.xml
2018-08,monthly,material_wholesale_price,"Concrete blocks, 100mm thick",77.0,square metre,CLBM_Masterdata.xml
2018-08,monthly,material_wholesale_price,Emulsion paint,54.0,litre,CLBM_Masterdata.xml
2018-08,monthly,material_wholesale_price,For industrial use (light),2416.0,200-litre drum,CLBM_Masterdata.xml
2018-08,monthly,material_wholesale_price,For road use,1168.0,100 litre,CLBM_Masterdata.xml
2018-08,monthly,material_wholesale_price,"Glass tiles, 25mm x 25mm",50.0,square metre,CLBM_Masterdata.xml
2018-08,monthly,material_wholesale_price,"Glazed tiles, 45mm x 45mm",145.0,square metre,CLBM_Masterdata.xml
2018-08,monthly,material_wholesale_price,"High tensile steel bars, 10mm to 40mm",5144.0,tonne,CLBM_Masterdata.xml
2018-08,monthly,material_wholesale_price,"Mild steel round bars, 6mm to 20mm",5840.0,tonne,CLBM_Masterdata.xml
2018-08,monthly,material_wholesale_price,"Non-slip tile, 200mm x 200mm",175.0,square metre,CLBM_Masterdata.xml
2018-08,monthly,material_wholesale_price,"Plywood, formwork, 19mm thick",77.0,square metre,CLBM_Masterdata.xml
2018-08,monthly,material_wholesale_price,Portland cement (ordinary),702.0,tonne,CLBM_Masterdata.xml
2018-08,monthly,material_wholesale_price,Sand,273.0,tonne,CLBM_Masterdata.xml
2018-08,monthly,material_wholesale_price,"Sawn hardwood, 25mm thick plank",4654.0,cubic metre,CLBM_Masterdata.xml
2018-08,monthly,material_wholesale_price,"Sawn hardwood, 50 x 75mm column",6303.0,cubic metre,CLBM_Masterdata.xml
2018-08,monthly,material_wholesale_price,Steel angles,17912.0,tonne,CLBM_Masterdata.xml
2018-08,monthly,material_wholesale_price,Steel flats,12302.0,tonne,CLBM_Masterdata.xml
2018-08,monthly,material_wholesale_price,"Steel plate, 4mm thick",5808.0,tonne,CLBM_Masterdata.xml
2018-08,monthly,material_wholesale_price,Steel plates,13047.0,tonne,CLBM_Masterdata.xml
2018-08,monthly,material_wholesale_price,"Unglazed tiles, 18mm x 18mm",122.0,square metre,CLBM_Masterdata.xml
2018-08,monthly,material_wholesale_price,"White tiles, 108mm x 108mm",243.0,100 pieces,CLBM_Masterdata.xml
2018-09,monthly,material_wholesale_price,"32 mm diameter pipes, 4m long",52.0,no.,CLBM_Masterdata.xml
2018-09,monthly,material_wholesale_price,Acrylic paint,52.0,litre,CLBM_Masterdata.xml
2018-09,monthly,material_wholesale_price,Aggregates,70.0,tonne,CLBM_Masterdata.xml
2018-09,monthly,material_wholesale_price,Bitumen,7600.0,tonne,CLBM_Masterdata.xml
2018-09,monthly,material_wholesale_price,"Clear sheet glass, 5mm thick",161.0,square metre,CLBM_Masterdata.xml
2018-09,monthly,material_wholesale_price,"Colour tiles, 200mm x 200mm",440.0,100 pieces,CLBM_Masterdata.xml
2018-09,monthly,material_wholesale_price,"Concrete blocks, 100mm thick",77.0,square metre,CLBM_Masterdata.xml
2018-09,monthly,material_wholesale_price,Emulsion paint,54.0,litre,CLBM_Masterdata.xml
2018-09,monthly,material_wholesale_price,For industrial use (light),2454.0,200-litre drum,CLBM_Masterdata.xml
2018-09,monthly,material_wholesale_price,For road use,1193.0,100 litre,CLBM_Masterdata.xml
2018-09,monthly,material_wholesale_price,"Glass tiles, 25mm x 25mm",50.0,square metre,CLBM_Masterdata.xml
2018-09,monthly,material_wholesale_price,"Glazed tiles, 45mm x 45mm",145.0,square metre,CLBM_Masterdata.xml
2018-09,monthly,material_wholesale_price,"High tensile steel bars, 10mm to 40mm",5147.0,tonne,CLBM_Masterdata.xml
2018-09,monthly,material_wholesale_price,"Mild steel round bars, 6mm to 20mm",5805.0,tonne,CLBM_Masterdata.xml
2018-09,monthly,material_wholesale_price,"Non-slip tile, 200mm x 200mm",175.0,square metre,CLBM_Masterdata.xml
2018-09,monthly,material_wholesale_price,"Plywood, formwork, 19mm thick",77.0,square metre,CLBM_Masterdata.xml
2018-09,monthly,material_wholesale_price,Portland cement (ordinary),706.0,tonne,CLBM_Masterdata.xml
2018-09,monthly,material_wholesale_price,Sand,270.0,tonne,CLBM_Masterdata.xml
2018-09,monthly,material_wholesale_price,"Sawn hardwood, 25mm thick plank",4654.0,cubic metre,CLBM_Masterdata.xml
2018-09,monthly,material_wholesale_price,"Sawn hardwood, 50 x 75mm column",6303.0,cubic metre,CLBM_Masterdata.xml
2018-09,monthly,material_wholesale_price,Steel angles,17912.0,tonne,CLBM_Masterdata.xml
2018-09,monthly,material_wholesale_price,Steel flats,12302.0,tonne,CLBM_Masterdata.xml
2018-09,monthly,material_wholesale_price,"Steel plate, 4mm thick",5808.0,tonne,CLBM_Masterdata.xml
2018-09,monthly,material_wholesale_price,Steel plates,13047.0,tonne,CLBM_Masterdata.xml
2018-09,monthly,material_wholesale_price,"Unglazed tiles, 18mm x 18mm",122.0,square metre,CLBM_Masterdata.xml
2018-09,monthly,material_wholesale_price,"White tiles, 108mm x 108mm",243.0,100 pieces,CLBM_Masterdata.xml
2018-10,monthly,material_wholesale_price,"32 mm diameter pipes, 4m long",52.0,no.,CLBM_Masterdata.xml
2018-10,monthly,material_wholesale_price,Acrylic paint,52.0,litre,CLBM_Masterdata.xml
2018-10,monthly,material_wholesale_price,Aggregates,67.0,tonne,CLBM_Masterdata.xml
2018-10,monthly,material_wholesale_price,Bitumen,7700.0,tonne,CLBM_Masterdata.xml
2018-10,monthly,material_wholesale_price,"Clear sheet glass, 5mm thick",161.0,square metre,CLBM_Masterdata.xml
2018-10,monthly,material_wholesale_price,"Colour tiles, 200mm x 200mm",440.0,100 pieces,CLBM_Masterdata.xml
2018-10,monthly,material_wholesale_price,"Concrete blocks, 100mm thick",77.0,square metre,CLBM_Masterdata.xml
2018-10,monthly,material_wholesale_price,Emulsion paint,54.0,litre,CLBM_Masterdata.xml
2018-10,monthly,material_wholesale_price,For industrial use (light),2505.0,200-litre drum,CLBM_Masterdata.xml
2018-10,monthly,material_wholesale_price,For road use,1222.0,100 litre,CLBM_Masterdata.xml
2018-10,monthly,material_wholesale_price,"Glass tiles, 25mm x 25mm",50.0,square metre,CLBM_Masterdata.xml
2018-10,monthly,material_wholesale_price,"Glazed tiles, 45mm x 45mm",145.0,square metre,CLBM_Masterdata.xml
2018-10,monthly,material_wholesale_price,"High tensile steel bars, 10mm to 40mm",5105.0,tonne,CLBM_Masterdata.xml
2018-10,monthly,material_wholesale_price,"Mild steel round bars, 6mm to 20mm",5770.0,tonne,CLBM_Masterdata.xml
2018-10,monthly,material_wholesale_price,"Non-slip tile, 200mm x 200mm",175.0,square metre,CLBM_Masterdata.xml
2018-10,monthly,material_wholesale_price,"Plywood, formwork, 19mm thick",77.0,square metre,CLBM_Masterdata.xml
2018-10,monthly,material_wholesale_price,Portland cement (ordinary),706.0,tonne,CLBM_Masterdata.xml
2018-10,monthly,material_wholesale_price,Sand,265.0,tonne,CLBM_Masterdata.xml
2018-10,monthly,material_wholesale_price,"Sawn hardwood, 25mm thick plank",4654.0,cubic metre,CLBM_Masterdata.xml
2018-10,monthly,material_wholesale_price,"Sawn hardwood, 50 x 75mm column",6303.0,cubic metre,CLBM_Masterdata.xml
2018-10,monthly,material_wholesale_price,Steel angles,17912.0,tonne,CLBM_Masterdata.xml
2018-10,monthly,material_wholesale_price,Steel flats,12302.0,tonne,CLBM_Masterdata.xml
2018-10,monthly,material_wholesale_price,"Steel plate, 4mm thick",5808.0,tonne,CLBM_Masterdata.xml
2018-10,monthly,material_wholesale_price,Steel plates,13047.0,tonne,CLBM_Masterdata.xml
2018-10,monthly,material_wholesale_price,"Unglazed tiles, 18mm x 18mm",122.0,square metre,CLBM_Masterdata.xml
2018-10,monthly,material_wholesale_price,"White tiles, 108mm x 108mm",243.0,100 pieces,CLBM_Masterdata.xml
2018-11,monthly,material_wholesale_price,"32 mm diameter pipes, 4m long",52.0,no.,CLBM_Masterdata.xml
2018-11,monthly,material_wholesale_price,Acrylic paint,53.0,litre,CLBM_Masterdata.xml
2018-11,monthly,material_wholesale_price,Aggregates,65.0,tonne,CLBM_Masterdata.xml
2018-11,monthly,material_wholesale_price,Bitumen,7883.0,tonne,CLBM_Masterdata.xml
2018-11,monthly,material_wholesale_price,"Clear sheet glass, 5mm thick",161.0,square metre,CLBM_Masterdata.xml
2018-11,monthly,material_wholesale_price,"Colour tiles, 200mm x 200mm",440.0,100 pieces,CLBM_Masterdata.xml
2018-11,monthly,material_wholesale_price,"Concrete blocks, 100mm thick",77.0,square metre,CLBM_Masterdata.xml
2018-11,monthly,material_wholesale_price,Emulsion paint,55.0,litre,CLBM_Masterdata.xml
2018-11,monthly,material_wholesale_price,For industrial use (light),2470.0,200-litre drum,CLBM_Masterdata.xml
2018-11,monthly,material_wholesale_price,For road use,1188.0,100 litre,CLBM_Masterdata.xml
2018-11,monthly,material_wholesale_price,"Glass tiles, 25mm x 25mm",50.0,square metre,CLBM_Masterdata.xml
2018-11,monthly,material_wholesale_price,"Glazed tiles, 45mm x 45mm",145.0,square metre,CLBM_Masterdata.xml
2018-11,monthly,material_wholesale_price,"High tensile steel bars, 10mm to 40mm",4991.0,tonne,CLBM_Masterdata.xml
2018-11,monthly,material_wholesale_price,"Mild steel round bars, 6mm to 20mm",5730.0,tonne,CLBM_Masterdata.xml
2018-11,monthly,material_wholesale_price,"Non-slip tile, 200mm x 200mm",175.0,square metre,CLBM_Masterdata.xml
2018-11,monthly,material_wholesale_price,"Plywood, formwork, 19mm thick",77.0,square metre,CLBM_Masterdata.xml
2018-11,monthly,material_wholesale_price,Portland cement (ordinary),706.0,tonne,CLBM_Masterdata.xml
2018-11,monthly,material_wholesale_price,Sand,250.0,tonne,CLBM_Masterdata.xml
2018-11,monthly,material_wholesale_price,"Sawn hardwood, 25mm thick plank",4654.0,cubic metre,CLBM_Masterdata.xml
2018-11,monthly,material_wholesale_price,"Sawn hardwood, 50 x 75mm column",6303.0,cubic metre,CLBM_Masterdata.xml
2018-11,monthly,material_wholesale_price,Steel angles,18070.0,tonne,CLBM_Masterdata.xml
2018-11,monthly,material_wholesale_price,Steel flats,12302.0,tonne,CLBM_Masterdata.xml
2018-11,monthly,material_wholesale_price,"Steel plate, 4mm thick",5797.0,tonne,CLBM_Masterdata.xml
2018-11,monthly,material_wholesale_price,Steel plates,13613.0,tonne,CLBM_Masterdata.xml
2018-11,monthly,material_wholesale_price,"Unglazed tiles, 18mm x 18mm",122.0,square metre,CLBM_Masterdata.xml
2018-11,monthly,material_wholesale_price,"White tiles, 108mm x 108mm",243.0,100 pieces,CLBM_Masterdata.xml
2018-12,monthly,material_wholesale_price,"32 mm diameter pipes, 4m long",52.0,no.,CLBM_Masterdata.xml
2018-12,monthly,material_wholesale_price,Acrylic paint,53.0,litre,CLBM_Masterdata.xml
2018-12,monthly,material_wholesale_price,Aggregates,63.0,tonne,CLBM_Masterdata.xml
2018-12,monthly,material_wholesale_price,Bitumen,7850.0,tonne,CLBM_Masterdata.xml
2018-12,monthly,material_wholesale_price,"Clear sheet glass, 5mm thick",161.0,square metre,CLBM_Masterdata.xml
2018-12,monthly,material_wholesale_price,"Colour tiles, 200mm x 200mm",440.0,100 pieces,CLBM_Masterdata.xml
2018-12,monthly,material_wholesale_price,"Concrete blocks, 100mm thick",77.0,square metre,CLBM_Masterdata.xml
2018-12,monthly,material_wholesale_price,Emulsion paint,55.0,litre,CLBM_Masterdata.xml
2018-12,monthly,material_wholesale_price,For industrial use (light),2395.0,200-litre drum,CLBM_Masterdata.xml
2018-12,monthly,material_wholesale_price,For road use,1147.0,100 litre,CLBM_Masterdata.xml
2018-12,monthly,material_wholesale_price,"Glass tiles, 25mm x 25mm",50.0,square metre,CLBM_Masterdata.xml
2018-12,monthly,material_wholesale_price,"Glazed tiles, 45mm x 45mm",145.0,square metre,CLBM_Masterdata.xml
2018-12,monthly,material_wholesale_price,"High tensile steel bars, 10mm to 40mm",4928.0,tonne,CLBM_Masterdata.xml
2018-12,monthly,material_wholesale_price,"Mild steel round bars, 6mm to 20mm",6103.0,tonne,CLBM_Masterdata.xml
2018-12,monthly,material_wholesale_price,"Non-slip tile, 200mm x 200mm",175.0,square metre,CLBM_Masterdata.xml
2018-12,monthly,material_wholesale_price,"Plywood, formwork, 19mm thick",77.0,square metre,CLBM_Masterdata.xml
2018-12,monthly,material_wholesale_price,Portland cement (ordinary),707.0,tonne,CLBM_Masterdata.xml
2018-12,monthly,material_wholesale_price,Sand,257.0,tonne,CLBM_Masterdata.xml
2018-12,monthly,material_wholesale_price,"Sawn hardwood, 25mm thick plank",4654.0,cubic metre,CLBM_Masterdata.xml
2018-12,monthly,material_wholesale_price,"Sawn hardwood, 50 x 75mm column",6303.0,cubic metre,CLBM_Masterdata.xml
2018-12,monthly,material_wholesale_price,Steel angles,18388.0,tonne,CLBM_Masterdata.xml
2018-12,monthly,material_wholesale_price,Steel flats,12219.0,tonne,CLBM_Masterdata.xml
2018-12,monthly,material_wholesale_price,"Steel plate, 4mm thick",6047.0,tonne,CLBM_Masterdata.xml
2018-12,monthly,material_wholesale_price,Steel plates,14802.0,tonne,CLBM_Masterdata.xml
2018-12,monthly,material_wholesale_price,"Unglazed tiles, 18mm x 18mm",122.0,square metre,CLBM_Masterdata.xml
2018-12,monthly,material_wholesale_price,"White tiles, 108mm x 108mm",243.0,100 pieces,CLBM_Masterdata.xml
2019-01,monthly,material_wholesale_price,"32 mm diameter pipes, 4m long",52.0,no.,CLBM_Masterdata.xml
2019-01,monthly,material_wholesale_price,Acrylic paint,54.0,litre,CLBM_Masterdata.xml
2019-01,monthly,material_wholesale_price,Aggregates,61.0,tonne,CLBM_Masterdata.xml
2019-01,monthly,material_wholesale_price,Bitumen,7583.0,tonne,CLBM_Masterdata.xml
2019-01,monthly,material_wholesale_price,"Clear sheet glass, 5mm thick",161.0,square metre,CLBM_Masterdata.xml
2019-01,monthly,material_wholesale_price,"Colour tiles, 200mm x 200mm",440.0,100 pieces,CLBM_Masterdata.xml
2019-01,monthly,material_wholesale_price,"Concrete blocks, 100mm thick",77.0,square metre,CLBM_Masterdata.xml
2019-01,monthly,material_wholesale_price,Emulsion paint,55.0,litre,CLBM_Masterdata.xml
2019-01,monthly,material_wholesale_price,For industrial use (light),2362.0,200-litre drum,CLBM_Masterdata.xml
2019-01,monthly,material_wholesale_price,For road use,1134.0,100 litre,CLBM_Masterdata.xml
2019-01,monthly,material_wholesale_price,"Glass tiles, 25mm x 25mm",50.0,square metre,CLBM_Masterdata.xml
2019-01,monthly,material_wholesale_price,"Glazed tiles, 45mm x 45mm",145.0,square metre,CLBM_Masterdata.xml
2019-01,monthly,material_wholesale_price,"High tensile steel bars, 10mm to 40mm",4884.0,tonne,CLBM_Masterdata.xml
2019-01,monthly,material_wholesale_price,"Mild steel round bars, 6mm to 20mm",6065.0,tonne,CLBM_Masterdata.xml
2019-01,monthly,material_wholesale_price,"Non-slip tile, 200mm x 200mm",175.0,square metre,CLBM_Masterdata.xml
2019-01,monthly,material_wholesale_price,"Plywood, formwork, 19mm thick",77.0,square metre,CLBM_Masterdata.xml
2019-01,monthly,material_wholesale_price,Portland cement (ordinary),717.0,tonne,CLBM_Masterdata.xml
2019-01,monthly,material_wholesale_price,Sand,262.0,tonne,CLBM_Masterdata.xml
2019-01,monthly,material_wholesale_price,"Sawn hardwood, 25mm thick plank",4654.0,cubic metre,CLBM_Masterdata.xml
2019-01,monthly,material_wholesale_price,"Sawn hardwood, 50 x 75mm column",6303.0,cubic metre,CLBM_Masterdata.xml
2019-01,monthly,material_wholesale_price,Steel angles,18388.0,tonne,CLBM_Masterdata.xml
2019-01,monthly,material_wholesale_price,Steel flats,12219.0,tonne,CLBM_Masterdata.xml
2019-01,monthly,material_wholesale_price,"Steel plate, 4mm thick",6039.0,tonne,CLBM_Masterdata.xml
2019-01,monthly,material_wholesale_price,Steel plates,14802.0,tonne,CLBM_Masterdata.xml
2019-01,monthly,material_wholesale_price,"Unglazed tiles, 18mm x 18mm",122.0,square metre,CLBM_Masterdata.xml
2019-01,monthly,material_wholesale_price,"White tiles, 108mm x 108mm",243.0,100 pieces,CLBM_Masterdata.xml
2019-02,monthly,material_wholesale_price,"32 mm diameter pipes, 4m long",52.0,no.,CLBM_Masterdata.xml
2019-02,monthly,material_wholesale_price,Acrylic paint,55.0,litre,CLBM_Masterdata.xml
2019-02,monthly,material_wholesale_price,Aggregates,63.0,tonne,CLBM_Masterdata.xml
2019-02,monthly,material_wholesale_price,Bitumen,7450.0,tonne,CLBM_Masterdata.xml
2019-02,monthly,material_wholesale_price,"Clear sheet glass, 5mm thick",161.0,square metre,CLBM_Masterdata.xml
2019-02,monthly,material_wholesale_price,"Colour tiles, 200mm x 200mm",440.0,100 pieces,CLBM_Masterdata.xml
2019-02,monthly,material_wholesale_price,"Concrete blocks, 100mm thick",80.0,square metre,CLBM_Masterdata.xml
2019-02,monthly,material_wholesale_price,Emulsion paint,56.0,litre,CLBM_Masterdata.xml
2019-02,monthly,material_wholesale_price,For industrial use (light),2406.0,200-litre drum,CLBM_Masterdata.xml
2019-02,monthly,material_wholesale_price,For road use,1172.0,100 litre,CLBM_Masterdata.xml
2019-02,monthly,material_wholesale_price,"Glass tiles, 25mm x 25mm",50.0,square metre,CLBM_Masterdata.xml
2019-02,monthly,material_wholesale_price,"Glazed tiles, 45mm x 45mm",149.0,square metre,CLBM_Masterdata.xml
2019-02,monthly,material_wholesale_price,"High tensile steel bars, 10mm to 40mm",4966.0,tonne,CLBM_Masterdata.xml
2019-02,monthly,material_wholesale_price,"Mild steel round bars, 6mm to 20mm",6160.0,tonne,CLBM_Masterdata.xml
2019-02,monthly,material_wholesale_price,"Non-slip tile, 200mm x 200mm",175.0,square metre,CLBM_Masterdata.xml
2019-02,monthly,material_wholesale_price,"Plywood, formwork, 19mm thick",77.0,square metre,CLBM_Masterdata.xml
2019-02,monthly,material_wholesale_price,Portland cement (ordinary),728.0,tonne,CLBM_Masterdata.xml
2019-02,monthly,material_wholesale_price,Sand,275.0,tonne,CLBM_Masterdata.xml
2019-02,monthly,material_wholesale_price,"Sawn hardwood, 25mm thick plank",4654.0,cubic metre,CLBM_Masterdata.xml
2019-02,monthly,material_wholesale_price,"Sawn hardwood, 50 x 75mm column",6303.0,cubic metre,CLBM_Masterdata.xml
2019-02,monthly,material_wholesale_price,Steel angles,18388.0,tonne,CLBM_Masterdata.xml
2019-02,monthly,material_wholesale_price,Steel flats,12219.0,tonne,CLBM_Masterdata.xml
2019-02,monthly,material_wholesale_price,"Steel plate, 4mm thick",6117.0,tonne,CLBM_Masterdata.xml
2019-02,monthly,material_wholesale_price,Steel plates,14802.0,tonne,CLBM_Masterdata.xml
2019-02,monthly,material_wholesale_price,"Unglazed tiles, 18mm x 18mm",122.0,square metre,CLBM_Masterdata.xml
2019-02,monthly,material_wholesale_price,"White tiles, 108mm x 108mm",243.0,100 pieces,CLBM_Masterdata.xml
2019-03,monthly,material_wholesale_price,"32 mm diameter pipes, 4m long",52.0,no.,CLBM_Masterdata.xml
2019-03,monthly,material_wholesale_price,Acrylic paint,55.0,litre,CLBM_Masterdata.xml
2019-03,monthly,material_wholesale_price,Aggregates,55.0,tonne,CLBM_Masterdata.xml
2019-03,monthly,material_wholesale_price,Bitumen,7517.0,tonne,CLBM_Masterdata.xml
2019-03,monthly,material_wholesale_price,"Clear sheet glass, 5mm thick",161.0,square metre,CLBM_Masterdata.xml
2019-03,monthly,material_wholesale_price,"Colour tiles, 200mm x 200mm",440.0,100 pieces,CLBM_Masterdata.xml
2019-03,monthly,material_wholesale_price,"Concrete blocks, 100mm thick",80.0,square metre,CLBM_Masterdata.xml
2019-03,monthly,material_wholesale_price,Emulsion paint,56.0,litre,CLBM_Masterdata.xml
2019-03,monthly,material_wholesale_price,For industrial use (light),2448.0,200-litre drum,CLBM_Masterdata.xml
2019-03,monthly,material_wholesale_price,For road use,1215.0,100 litre,CLBM_Masterdata.xml
2019-03,monthly,material_wholesale_price,"Glass tiles, 25mm x 25mm",50.0,square metre,CLBM_Masterdata.xml
2019-03,monthly,material_wholesale_price,"Glazed tiles, 45mm x 45mm",149.0,square metre,CLBM_Masterdata.xml
2019-03,monthly,material_wholesale_price,"High tensile steel bars, 10mm to 40mm",4959.0,tonne,CLBM_Masterdata.xml
2019-03,monthly,material_wholesale_price,"Mild steel round bars, 6mm to 20mm",6150.0,tonne,CLBM_Masterdata.xml
2019-03,monthly,material_wholesale_price,"Non-slip tile, 200mm x 200mm",175.0,square metre,CLBM_Masterdata.xml
2019-03,monthly,material_wholesale_price,"Plywood, formwork, 19mm thick",77.0,square metre,CLBM_Masterdata.xml
2019-03,monthly,material_wholesale_price,Portland cement (ordinary),728.0,tonne,CLBM_Masterdata.xml
2019-03,monthly,material_wholesale_price,Sand,266.0,tonne,CLBM_Masterdata.xml
2019-03,monthly,material_wholesale_price,"Sawn hardwood, 25mm thick plank",4654.0,cubic metre,CLBM_Masterdata.xml
2019-03,monthly,material_wholesale_price,"Sawn hardwood, 50 x 75mm column",6303.0,cubic metre,CLBM_Masterdata.xml
2019-03,monthly,material_wholesale_price,Steel angles,18388.0,tonne,CLBM_Masterdata.xml
2019-03,monthly,material_wholesale_price,Steel flats,12219.0,tonne,CLBM_Masterdata.xml
2019-03,monthly,material_wholesale_price,"Steel plate, 4mm thick",6117.0,tonne,CLBM_Masterdata.xml
2019-03,monthly,material_wholesale_price,Steel plates,14802.0,tonne,CLBM_Masterdata.xml
2019-03,monthly,material_wholesale_price,"Unglazed tiles, 18mm x 18mm",122.0,square metre,CLBM_Masterdata.xml
2019-03,monthly,material_wholesale_price,"White tiles, 108mm x 108mm",243.0,100 pieces,CLBM_Masterdata.xml
2019-04,monthly,material_wholesale_price,"32 mm diameter pipes, 4m long",52.0,no.,CLBM_Masterdata.xml
2019-04,monthly,material_wholesale_price,Acrylic paint,55.0,litre,CLBM_Masterdata.xml
2019-04,monthly,material_wholesale_price,Aggregates,61.0,tonne,CLBM_Masterdata.xml
2019-04,monthly,material_wholesale_price,Bitumen,7650.0,tonne,CLBM_Masterdata.xml
2019-04,monthly,material_wholesale_price,"Clear sheet glass, 5mm thick",161.0,square metre,CLBM_Masterdata.xml
2019-04,monthly,material_wholesale_price,"Colour tiles, 200mm x 200mm",440.0,100 pieces,CLBM_Masterdata.xml
2019-04,monthly,material_wholesale_price,"Concrete blocks, 100mm thick",80.0,square metre,CLBM_Masterdata.xml
2019-04,monthly,material_wholesale_price,Emulsion paint,56.0,litre,CLBM_Masterdata.xml
2019-04,monthly,material_wholesale_price,For industrial use (light),2471.0,200-litre drum,CLBM_Masterdata.xml
2019-04,monthly,material_wholesale_price,For road use,1225.0,100 litre,CLBM_Masterdata.xml
2019-04,monthly,material_wholesale_price,"Glass tiles, 25mm x 25mm",50.0,square metre,CLBM_Masterdata.xml
2019-04,monthly,material_wholesale_price,"Glazed tiles, 45mm x 45mm",149.0,square metre,CLBM_Masterdata.xml
2019-04,monthly,material_wholesale_price,"High tensile steel bars, 10mm to 40mm",5009.0,tonne,CLBM_Masterdata.xml
2019-04,monthly,material_wholesale_price,"Mild steel round bars, 6mm to 20mm",6185.0,tonne,CLBM_Masterdata.xml
2019-04,monthly,material_wholesale_price,"Non-slip tile, 200mm x 200mm",175.0,square metre,CLBM_Masterdata.xml
2019-04,monthly,material_wholesale_price,"Plywood, formwork, 19mm thick",77.0,square metre,CLBM_Masterdata.xml
2019-04,monthly,material_wholesale_price,Portland cement (ordinary),728.0,tonne,CLBM_Masterdata.xml
2019-04,monthly,material_wholesale_price,Sand,277.0,tonne,CLBM_Masterdata.xml
2019-04,monthly,material_wholesale_price,"Sawn hardwood, 25mm thick plank",4654.0,cubic metre,CLBM_Masterdata.xml
2019-04,monthly,material_wholesale_price,"Sawn hardwood, 50 x 75mm column",6303.0,cubic metre,CLBM_Masterdata.xml
2019-04,monthly,material_wholesale_price,Steel angles,18338.0,tonne,CLBM_Masterdata.xml
2019-04,monthly,material_wholesale_price,Steel flats,12219.0,tonne,CLBM_Masterdata.xml
2019-04,monthly,material_wholesale_price,"Steel plate, 4mm thick",6117.0,tonne,CLBM_Masterdata.xml
2019-04,monthly,material_wholesale_price,Steel plates,14777.0,tonne,CLBM_Masterdata.xml
2019-04,monthly,material_wholesale_price,"Unglazed tiles, 18mm x 18mm",122.0,square metre,CLBM_Masterdata.xml
2019-04,monthly,material_wholesale_price,"White tiles, 108mm x 108mm",243.0,100 pieces,CLBM_Masterdata.xml
2019-05,monthly,material_wholesale_price,"32 mm diameter pipes, 4m long",52.0,no.,CLBM_Masterdata.xml
2019-05,monthly,material_wholesale_price,Acrylic paint,55.0,litre,CLBM_Masterdata.xml
2019-05,monthly,material_wholesale_price,Aggregates,60.0,tonne,CLBM_Masterdata.xml
2019-05,monthly,material_wholesale_price,Bitumen,7767.0,tonne,CLBM_Masterdata.xml
2019-05,monthly,material_wholesale_price,"Clear sheet glass, 5mm thick",161.0,square metre,CLBM_Masterdata.xml
2019-05,monthly,material_wholesale_price,"Colour tiles, 200mm x 200mm",440.0,100 pieces,CLBM_Masterdata.xml
2019-05,monthly,material_wholesale_price,"Concrete blocks, 100mm thick",80.0,square metre,CLBM_Masterdata.xml
2019-05,monthly,material_wholesale_price,Emulsion paint,56.0,litre,CLBM_Masterdata.xml
2019-05,monthly,material_wholesale_price,For industrial use (light),2512.0,200-litre drum,CLBM_Masterdata.xml
2019-05,monthly,material_wholesale_price,For road use,1241.0,100 litre,CLBM_Masterdata.xml
2019-05,monthly,material_wholesale_price,"Glass tiles, 25mm x 25mm",50.0,square metre,CLBM_Masterdata.xml
2019-05,monthly,material_wholesale_price,"Glazed tiles, 45mm x 45mm",149.0,square metre,CLBM_Masterdata.xml
2019-05,monthly,material_wholesale_price,"High tensile steel bars, 10mm to 40mm",4995.0,tonne,CLBM_Masterdata.xml
2019-05,monthly,material_wholesale_price,"Mild steel round bars, 6mm to 20mm",6175.0,tonne,CLBM_Masterdata.xml
2019-05,monthly,material_wholesale_price,"Non-slip tile, 200mm x 200mm",177.0,square metre,CLBM_Masterdata.xml
2019-05,monthly,material_wholesale_price,"Plywood, formwork, 19mm thick",77.0,square metre,CLBM_Masterdata.xml
2019-05,monthly,material_wholesale_price,Portland cement (ordinary),728.0,tonne,CLBM_Masterdata.xml
2019-05,monthly,material_wholesale_price,Sand,278.0,tonne,CLBM_Masterdata.xml
2019-05,monthly,material_wholesale_price,"Sawn hardwood, 25mm thick plank",4654.0,cubic metre,CLBM_Masterdata.xml
2019-05,monthly,material_wholesale_price,"Sawn hardwood, 50 x 75mm column",6303.0,cubic metre,CLBM_Masterdata.xml
2019-05,monthly,material_wholesale_price,Steel angles,18338.0,tonne,CLBM_Masterdata.xml
2019-05,monthly,material_wholesale_price,Steel flats,12208.0,tonne,CLBM_Masterdata.xml
2019-05,monthly,material_wholesale_price,"Steel plate, 4mm thick",6095.0,tonne,CLBM_Masterdata.xml
2019-05,monthly,material_wholesale_price,Steel plates,14771.0,tonne,CLBM_Masterdata.xml
2019-05,monthly,material_wholesale_price,"Unglazed tiles, 18mm x 18mm",122.0,square metre,CLBM_Masterdata.xml
2019-05,monthly,material_wholesale_price,"White tiles, 108mm x 108mm",243.0,100 pieces,CLBM_Masterdata.xml
2019-06,monthly,material_wholesale_price,"32 mm diameter pipes, 4m long",53.0,no.,CLBM_Masterdata.xml
2019-06,monthly,material_wholesale_price,Acrylic paint,55.0,litre,CLBM_Masterdata.xml
2019-06,monthly,material_wholesale_price,Aggregates,64.0,tonne,CLBM_Masterdata.xml
2019-06,monthly,material_wholesale_price,Bitumen,7800.0,tonne,CLBM_Masterdata.xml
2019-06,monthly,material_wholesale_price,"Clear sheet glass, 5mm thick",161.0,square metre,CLBM_Masterdata.xml
2019-06,monthly,material_wholesale_price,"Colour tiles, 200mm x 200mm",440.0,100 pieces,CLBM_Masterdata.xml
2019-06,monthly,material_wholesale_price,"Concrete blocks, 100mm thick",80.0,square metre,CLBM_Masterdata.xml
2019-06,monthly,material_wholesale_price,Emulsion paint,56.0,litre,CLBM_Masterdata.xml
2019-06,monthly,material_wholesale_price,For industrial use (light),2502.0,200-litre drum,CLBM_Masterdata.xml
2019-06,monthly,material_wholesale_price,For road use,1221.0,100 litre,CLBM_Masterdata.xml
2019-06,monthly,material_wholesale_price,"Glass tiles, 25mm x 25mm",50.0,square metre,CLBM_Masterdata.xml
2019-06,monthly,material_wholesale_price,"Glazed tiles, 45mm x 45mm",149.0,square metre,CLBM_Masterdata.xml
2019-06,monthly,material_wholesale_price,"High tensile steel bars, 10mm to 40mm",4959.0,tonne,CLBM_Masterdata.xml
2019-06,monthly,material_wholesale_price,"Mild steel round bars, 6mm to 20mm",6106.0,tonne,CLBM_Masterdata.xml
2019-06,monthly,material_wholesale_price,"Non-slip tile, 200mm x 200mm",177.0,square metre,CLBM_Masterdata.xml
2019-06,monthly,material_wholesale_price,"Plywood, formwork, 19mm thick",76.0,square metre,CLBM_Masterdata.xml
2019-06,monthly,material_wholesale_price,Portland cement (ordinary),724.0,tonne,CLBM_Masterdata.xml
2019-06,monthly,material_wholesale_price,Sand,276.0,tonne,CLBM_Masterdata.xml
2019-06,monthly,material_wholesale_price,"Sawn hardwood, 25mm thick plank",4654.0,cubic metre,CLBM_Masterdata.xml
2019-06,monthly,material_wholesale_price,"Sawn hardwood, 50 x 75mm column",6303.0,cubic metre,CLBM_Masterdata.xml
2019-06,monthly,material_wholesale_price,Steel angles,18338.0,tonne,CLBM_Masterdata.xml
2019-06,monthly,material_wholesale_price,Steel flats,12208.0,tonne,CLBM_Masterdata.xml
2019-06,monthly,material_wholesale_price,"Steel plate, 4mm thick",6095.0,tonne,CLBM_Masterdata.xml
2019-06,monthly,material_wholesale_price,Steel plates,14771.0,tonne,CLBM_Masterdata.xml
2019-06,monthly,material_wholesale_price,"Unglazed tiles, 18mm x 18mm",122.0,square metre,CLBM_Masterdata.xml
2019-06,monthly,material_wholesale_price,"White tiles, 108mm x 108mm",243.0,100 pieces,CLBM_Masterdata.xml
2019-07,monthly,material_wholesale_price,"32 mm diameter pipes, 4m long",53.0,no.,CLBM_Masterdata.xml
2019-07,monthly,material_wholesale_price,Acrylic paint,55.0,litre,CLBM_Masterdata.xml
2019-07,monthly,material_wholesale_price,Aggregates,72.0,tonne,CLBM_Masterdata.xml
2019-07,monthly,material_wholesale_price,Bitumen,7700.0,tonne,CLBM_Masterdata.xml
2019-07,monthly,material_wholesale_price,"Clear sheet glass, 5mm thick",161.0,square metre,CLBM_Masterdata.xml
2019-07,monthly,material_wholesale_price,"Colour tiles, 200mm x 200mm",440.0,100 pieces,CLBM_Masterdata.xml
2019-07,monthly,material_wholesale_price,"Concrete blocks, 100mm thick",80.0,square metre,CLBM_Masterdata.xml
2019-07,monthly,material_wholesale_price,Emulsion paint,56.0,litre,CLBM_Masterdata.xml
2019-07,monthly,material_wholesale_price,For industrial use (light),2518.0,200-litre drum,CLBM_Masterdata.xml
2019-07,monthly,material_wholesale_price,For road use,1235.0,100 litre,CLBM_Masterdata.xml
2019-07,monthly,material_wholesale_price,"Glass tiles, 25mm x 25mm",50.0,square metre,CLBM_Masterdata.xml
2019-07,monthly,material_wholesale_price,"Glazed tiles, 45mm x 45mm",149.0,square metre,CLBM_Masterdata.xml
2019-07,monthly,material_wholesale_price,"High tensile steel bars, 10mm to 40mm",4927.0,tonne,CLBM_Masterdata.xml
2019-07,monthly,material_wholesale_price,"Mild steel round bars, 6mm to 20mm",6134.0,tonne,CLBM_Masterdata.xml
2019-07,monthly,material_wholesale_price,"Non-slip tile, 200mm x 200mm",177.0,square metre,CLBM_Masterdata.xml
2019-07,monthly,material_wholesale_price,"Plywood, formwork, 19mm thick",76.0,square metre,CLBM_Masterdata.xml
2019-07,monthly,material_wholesale_price,Portland cement (ordinary),730.0,tonne,CLBM_Masterdata.xml
2019-07,monthly,material_wholesale_price,Sand,271.0,tonne,CLBM_Masterdata.xml
2019-07,monthly,material_wholesale_price,"Sawn hardwood, 25mm thick plank",4654.0,cubic metre,CLBM_Masterdata.xml
2019-07,monthly,material_wholesale_price,"Sawn hardwood, 50 x 75mm column",6303.0,cubic metre,CLBM_Masterdata.xml
2019-07,monthly,material_wholesale_price,Steel angles,18338.0,tonne,CLBM_Masterdata.xml
2019-07,monthly,material_wholesale_price,Steel flats,11999.0,tonne,CLBM_Masterdata.xml
2019-07,monthly,material_wholesale_price,"Steel plate, 4mm thick",6058.0,tonne,CLBM_Masterdata.xml
2019-07,monthly,material_wholesale_price,Steel plates,14740.0,tonne,CLBM_Masterdata.xml
2019-07,monthly,material_wholesale_price,"Unglazed tiles, 18mm x 18mm",121.0,square metre,CLBM_Masterdata.xml
2019-07,monthly,material_wholesale_price,"White tiles, 108mm x 108mm",243.0,100 pieces,CLBM_Masterdata.xml
2019-08,monthly,material_wholesale_price,"32 mm diameter pipes, 4m long",53.0,no.,CLBM_Masterdata.xml
2019-08,monthly,material_wholesale_price,Acrylic paint,55.0,litre,CLBM_Masterdata.xml
2019-08,monthly,material_wholesale_price,Aggregates,77.0,tonne,CLBM_Masterdata.xml
2019-08,monthly,material_wholesale_price,Bitumen,7800.0,tonne,CLBM_Masterdata.xml
2019-08,monthly,material_wholesale_price,"Clear sheet glass, 5mm thick",161.0,square metre,CLBM_Masterdata.xml
2019-08,monthly,material_wholesale_price,"Colour tiles, 200mm x 200mm",440.0,100 pieces,CLBM_Masterdata.xml
2019-08,monthly,material_wholesale_price,"Concrete blocks, 100mm thick",80.0,square metre,CLBM_Masterdata.xml
2019-08,monthly,material_wholesale_price,Emulsion paint,56.0,litre,CLBM_Masterdata.xml
2019-08,monthly,material_wholesale_price,For industrial use (light),2517.0,200-litre drum,CLBM_Masterdata.xml
2019-08,monthly,material_wholesale_price,For road use,1239.0,100 litre,CLBM_Masterdata.xml
2019-08,monthly,material_wholesale_price,"Glass tiles, 25mm x 25mm",50.0,square metre,CLBM_Masterdata.xml
2019-08,monthly,material_wholesale_price,"Glazed tiles, 45mm x 45mm",149.0,square metre,CLBM_Masterdata.xml
2019-08,monthly,material_wholesale_price,"High tensile steel bars, 10mm to 40mm",4846.0,tonne,CLBM_Masterdata.xml
2019-08,monthly,material_wholesale_price,"Mild steel round bars, 6mm to 20mm",6085.0,tonne,CLBM_Masterdata.xml
2019-08,monthly,material_wholesale_price,"Non-slip tile, 200mm x 200mm",179.0,square metre,CLBM_Masterdata.xml
2019-08,monthly,material_wholesale_price,"Plywood, formwork, 19mm thick",75.0,square metre,CLBM_Masterdata.xml
2019-08,monthly,material_wholesale_price,Portland cement (ordinary),730.0,tonne,CLBM_Masterdata.xml
2019-08,monthly,material_wholesale_price,Sand,270.0,tonne,CLBM_Masterdata.xml
2019-08,monthly,material_wholesale_price,"Sawn hardwood, 25mm thick plank",4654.0,cubic metre,CLBM_Masterdata.xml
2019-08,monthly,material_wholesale_price,"Sawn hardwood, 50 x 75mm column",6303.0,cubic metre,CLBM_Masterdata.xml
2019-08,monthly,material_wholesale_price,Steel angles,18322.0,tonne,CLBM_Masterdata.xml
2019-08,monthly,material_wholesale_price,Steel flats,11782.0,tonne,CLBM_Masterdata.xml
2019-08,monthly,material_wholesale_price,"Steel plate, 4mm thick",6014.0,tonne,CLBM_Masterdata.xml
2019-08,monthly,material_wholesale_price,Steel plates,14698.0,tonne,CLBM_Masterdata.xml
2019-08,monthly,material_wholesale_price,"Unglazed tiles, 18mm x 18mm",121.0,square metre,CLBM_Masterdata.xml
2019-08,monthly,material_wholesale_price,"White tiles, 108mm x 108mm",243.0,100 pieces,CLBM_Masterdata.xml
2019-09,monthly,material_wholesale_price,"32 mm diameter pipes, 4m long",53.0,no.,CLBM_Masterdata.xml
2019-09,monthly,material_wholesale_price,Acrylic paint,55.0,litre,CLBM_Masterdata.xml
2019-09,monthly,material_wholesale_price,Aggregates,82.0,tonne,CLBM_Masterdata.xml
2019-09,monthly,material_wholesale_price,Bitumen,7917.0,tonne,CLBM_Masterdata.xml
2019-09,monthly,material_wholesale_price,"Clear sheet glass, 5mm thick",161.0,square metre,CLBM_Masterdata.xml
2019-09,monthly,material_wholesale_price,"Colour tiles, 200mm x 200mm",440.0,100 pieces,CLBM_Masterdata.xml
2019-09,monthly,material_wholesale_price,"Concrete blocks, 100mm thick",80.0,square metre,CLBM_Masterdata.xml
2019-09,monthly,material_wholesale_price,Emulsion paint,56.0,litre,CLBM_Masterdata.xml
2019-09,monthly,material_wholesale_price,For industrial use (light),2521.0,200-litre drum,CLBM_Masterdata.xml
2019-09,monthly,material_wholesale_price,For road use,1253.0,100 litre,CLBM_Masterdata.xml
2019-09,monthly,material_wholesale_price,"Glass tiles, 25mm x 25mm",50.0,square metre,CLBM_Masterdata.xml
2019-09,monthly,material_wholesale_price,"Glazed tiles, 45mm x 45mm",149.0,square metre,CLBM_Masterdata.xml
2019-09,monthly,material_wholesale_price,"High tensile steel bars, 10mm to 40mm",4771.0,tonne,CLBM_Masterdata.xml
2019-09,monthly,material_wholesale_price,"Mild steel round bars, 6mm to 20mm",6043.0,tonne,CLBM_Masterdata.xml
2019-09,monthly,material_wholesale_price,"Non-slip tile, 200mm x 200mm",179.0,square metre,CLBM_Masterdata.xml
2019-09,monthly,material_wholesale_price,"Plywood, formwork, 19mm thick",75.0,square metre,CLBM_Masterdata.xml
2019-09,monthly,material_wholesale_price,Portland cement (ordinary),730.0,tonne,CLBM_Masterdata.xml
2019-09,monthly,material_wholesale_price,Sand,261.0,tonne,CLBM_Masterdata.xml
2019-09,monthly,material_wholesale_price,"Sawn hardwood, 25mm thick plank",4654.0,cubic metre,CLBM_Masterdata.xml
2019-09,monthly,material_wholesale_price,"Sawn hardwood, 50 x 75mm column",6303.0,cubic metre,CLBM_Masterdata.xml
2019-09,monthly,material_wholesale_price,Steel angles,18263.0,tonne,CLBM_Masterdata.xml
2019-09,monthly,material_wholesale_price,Steel flats,11763.0,tonne,CLBM_Masterdata.xml
2019-09,monthly,material_wholesale_price,"Steel plate, 4mm thick",5999.0,tonne,CLBM_Masterdata.xml
2019-09,monthly,material_wholesale_price,Steel plates,14672.0,tonne,CLBM_Masterdata.xml
2019-09,monthly,material_wholesale_price,"Unglazed tiles, 18mm x 18mm",121.0,square metre,CLBM_Masterdata.xml
2019-09,monthly,material_wholesale_price,"White tiles, 108mm x 108mm",243.0,100 pieces,CLBM_Masterdata.xml
2019-10,monthly,material_wholesale_price,"32 mm diameter pipes, 4m long",53.0,no.,CLBM_Masterdata.xml
2019-10,monthly,material_wholesale_price,Acrylic paint,55.0,litre,CLBM_Masterdata.xml
2019-10,monthly,material_wholesale_price,Aggregates,88.0,tonne,CLBM_Masterdata.xml
2019-10,monthly,material_wholesale_price,Bitumen,7950.0,tonne,CLBM_Masterdata.xml
2019-10,monthly,material_wholesale_price,"Clear sheet glass, 5mm thick",161.0,square metre,CLBM_Masterdata.xml
2019-10,monthly,material_wholesale_price,"Colour tiles, 200mm x 200mm",440.0,100 pieces,CLBM_Masterdata.xml
2019-10,monthly,material_wholesale_price,"Concrete blocks, 100mm thick",80.0,square metre,CLBM_Masterdata.xml
2019-10,monthly,material_wholesale_price,Emulsion paint,56.0,litre,CLBM_Masterdata.xml
2019-10,monthly,material_wholesale_price,For industrial use (light),2538.0,200-litre drum,CLBM_Masterdata.xml
2019-10,monthly,material_wholesale_price,For road use,1263.0,100 litre,CLBM_Masterdata.xml
2019-10,monthly,material_wholesale_price,"Glass tiles, 25mm x 25mm",50.0,square metre,CLBM_Masterdata.xml
2019-10,monthly,material_wholesale_price,"Glazed tiles, 45mm x 45mm",149.0,square metre,CLBM_Masterdata.xml
2019-10,monthly,material_wholesale_price,"High tensile steel bars, 10mm to 40mm",4632.0,tonne,CLBM_Masterdata.xml
2019-10,monthly,material_wholesale_price,"Mild steel round bars, 6mm to 20mm",6000.0,tonne,CLBM_Masterdata.xml
2019-10,monthly,material_wholesale_price,"Non-slip tile, 200mm x 200mm",179.0,square metre,CLBM_Masterdata.xml
2019-10,monthly,material_wholesale_price,"Plywood, formwork, 19mm thick",75.0,square metre,CLBM_Masterdata.xml
2019-10,monthly,material_wholesale_price,Portland cement (ordinary),730.0,tonne,CLBM_Masterdata.xml
2019-10,monthly,material_wholesale_price,Sand,274.0,tonne,CLBM_Masterdata.xml
2019-10,monthly,material_wholesale_price,"Sawn hardwood, 25mm thick plank",4654.0,cubic metre,CLBM_Masterdata.xml
2019-10,monthly,material_wholesale_price,"Sawn hardwood, 50 x 75mm column",6303.0,cubic metre,CLBM_Masterdata.xml
2019-10,monthly,material_wholesale_price,Steel angles,18263.0,tonne,CLBM_Masterdata.xml
2019-10,monthly,material_wholesale_price,Steel flats,11555.0,tonne,CLBM_Masterdata.xml
2019-10,monthly,material_wholesale_price,"Steel plate, 4mm thick",5959.0,tonne,CLBM_Masterdata.xml
2019-10,monthly,material_wholesale_price,Steel plates,14637.0,tonne,CLBM_Masterdata.xml
2019-10,monthly,material_wholesale_price,"Unglazed tiles, 18mm x 18mm",121.0,square metre,CLBM_Masterdata.xml
2019-10,monthly,material_wholesale_price,"White tiles, 108mm x 108mm",243.0,100 pieces,CLBM_Masterdata.xml
2019-11,monthly,material_wholesale_price,"32 mm diameter pipes, 4m long",53.0,no.,CLBM_Masterdata.xml
2019-11,monthly,material_wholesale_price,Acrylic paint,55.0,litre,CLBM_Masterdata.xml
2019-11,monthly,material_wholesale_price,Aggregates,79.0,tonne,CLBM_Masterdata.xml
2019-11,monthly,material_wholesale_price,Bitumen,7950.0,tonne,CLBM_Masterdata.xml
2019-11,monthly,material_wholesale_price,"Clear sheet glass, 5mm thick",161.0,square metre,CLBM_Masterdata.xml
2019-11,monthly,material_wholesale_price,"Colour tiles, 200mm x 200mm",440.0,100 pieces,CLBM_Masterdata.xml
2019-11,monthly,material_wholesale_price,"Concrete blocks, 100mm thick",80.0,square metre,CLBM_Masterdata.xml
2019-11,monthly,material_wholesale_price,Emulsion paint,56.0,litre,CLBM_Masterdata.xml
2019-11,monthly,material_wholesale_price,For industrial use (light),2539.0,200-litre drum,CLBM_Masterdata.xml
2019-11,monthly,material_wholesale_price,For road use,1260.0,100 litre,CLBM_Masterdata.xml
2019-11,monthly,material_wholesale_price,"Glass tiles, 25mm x 25mm",50.0,square metre,CLBM_Masterdata.xml
2019-11,monthly,material_wholesale_price,"Glazed tiles, 45mm x 45mm",149.0,square metre,CLBM_Masterdata.xml
2019-11,monthly,material_wholesale_price,"High tensile steel bars, 10mm to 40mm",4590.0,tonne,CLBM_Masterdata.xml
2019-11,monthly,material_wholesale_price,"Mild steel round bars, 6mm to 20mm",5950.0,tonne,CLBM_Masterdata.xml
2019-11,monthly,material_wholesale_price,"Non-slip tile, 200mm x 200mm",179.0,square metre,CLBM_Masterdata.xml
2019-11,monthly,material_wholesale_price,"Plywood, formwork, 19mm thick",75.0,square metre,CLBM_Masterdata.xml
2019-11,monthly,material_wholesale_price,Portland cement (ordinary),730.0,tonne,CLBM_Masterdata.xml
2019-11,monthly,material_wholesale_price,Sand,293.0,tonne,CLBM_Masterdata.xml
2019-11,monthly,material_wholesale_price,"Sawn hardwood, 25mm thick plank",4654.0,cubic metre,CLBM_Masterdata.xml
2019-11,monthly,material_wholesale_price,"Sawn hardwood, 50 x 75mm column",6303.0,cubic metre,CLBM_Masterdata.xml
2019-11,monthly,material_wholesale_price,Steel angles,18233.0,tonne,CLBM_Masterdata.xml
2019-11,monthly,material_wholesale_price,Steel flats,11325.0,tonne,CLBM_Masterdata.xml
2019-11,monthly,material_wholesale_price,"Steel plate, 4mm thick",5913.0,tonne,CLBM_Masterdata.xml
2019-11,monthly,material_wholesale_price,Steel plates,14605.0,tonne,CLBM_Masterdata.xml
2019-11,monthly,material_wholesale_price,"Unglazed tiles, 18mm x 18mm",121.0,square metre,CLBM_Masterdata.xml
2019-11,monthly,material_wholesale_price,"White tiles, 108mm x 108mm",243.0,100 pieces,CLBM_Masterdata.xml
2019-12,monthly,material_wholesale_price,"32 mm diameter pipes, 4m long",53.0,no.,CLBM_Masterdata.xml
2019-12,monthly,material_wholesale_price,Acrylic paint,55.0,litre,CLBM_Masterdata.xml
2019-12,monthly,material_wholesale_price,Aggregates,86.0,tonne,CLBM_Masterdata.xml
2019-12,monthly,material_wholesale_price,Bitumen,7550.0,tonne,CLBM_Masterdata.xml
2019-12,monthly,material_wholesale_price,"Clear sheet glass, 5mm thick",161.0,square metre,CLBM_Masterdata.xml
2019-12,monthly,material_wholesale_price,"Colour tiles, 200mm x 200mm",440.0,100 pieces,CLBM_Masterdata.xml
2019-12,monthly,material_wholesale_price,"Concrete blocks, 100mm thick",80.0,square metre,CLBM_Masterdata.xml
2019-12,monthly,material_wholesale_price,Emulsion paint,56.0,litre,CLBM_Masterdata.xml
2019-12,monthly,material_wholesale_price,For industrial use (light),2544.0,200-litre drum,CLBM_Masterdata.xml
2019-12,monthly,material_wholesale_price,For road use,1265.0,100 litre,CLBM_Masterdata.xml
2019-12,monthly,material_wholesale_price,"Glass tiles, 25mm x 25mm",50.0,square metre,CLBM_Masterdata.xml
2019-12,monthly,material_wholesale_price,"Glazed tiles, 45mm x 45mm",149.0,square metre,CLBM_Masterdata.xml
2019-12,monthly,material_wholesale_price,"High tensile steel bars, 10mm to 40mm",4657.0,tonne,CLBM_Masterdata.xml
2019-12,monthly,material_wholesale_price,"Mild steel round bars, 6mm to 20mm",5990.0,tonne,CLBM_Masterdata.xml
2019-12,monthly,material_wholesale_price,"Non-slip tile, 200mm x 200mm",179.0,square metre,CLBM_Masterdata.xml
2019-12,monthly,material_wholesale_price,"Plywood, formwork, 19mm thick",75.0,square metre,CLBM_Masterdata.xml
2019-12,monthly,material_wholesale_price,Portland cement (ordinary),730.0,tonne,CLBM_Masterdata.xml
2019-12,monthly,material_wholesale_price,Sand,318.0,tonne,CLBM_Masterdata.xml
2019-12,monthly,material_wholesale_price,"Sawn hardwood, 25mm thick plank",4654.0,cubic metre,CLBM_Masterdata.xml
2019-12,monthly,material_wholesale_price,"Sawn hardwood, 50 x 75mm column",6303.0,cubic metre,CLBM_Masterdata.xml
2019-12,monthly,material_wholesale_price,Steel angles,18173.0,tonne,CLBM_Masterdata.xml
2019-12,monthly,material_wholesale_price,Steel flats,11235.0,tonne,CLBM_Masterdata.xml
2019-12,monthly,material_wholesale_price,"Steel plate, 4mm thick",5889.0,tonne,CLBM_Masterdata.xml
2019-12,monthly,material_wholesale_price,Steel plates,14591.0,tonne,CLBM_Masterdata.xml
2019-12,monthly,material_wholesale_price,"Unglazed tiles, 18mm x 18mm",121.0,square metre,CLBM_Masterdata.xml
2019-12,monthly,material_wholesale_price,"White tiles, 108mm x 108mm",243.0,100 pieces,CLBM_Masterdata.xml
2020-01,monthly,material_wholesale_price,"32 mm diameter pipes, 4m long",53.0,no.,CLBM_Masterdata.xml
2020-01,monthly,material_wholesale_price,Acrylic paint,55.0,litre,CLBM_Masterdata.xml
2020-01,monthly,material_wholesale_price,Aggregates,88.0,tonne,CLBM_Masterdata.xml
2020-01,monthly,material_wholesale_price,Bitumen,7550.0,tonne,CLBM_Masterdata.xml
2020-01,monthly,material_wholesale_price,"Clear sheet glass, 5mm thick",162.0,square metre,CLBM_Masterdata.xml
2020-01,monthly,material_wholesale_price,"Colour tiles, 200mm x 200mm",440.0,100 pieces,CLBM_Masterdata.xml
2020-01,monthly,material_wholesale_price,"Concrete blocks, 100mm thick",80.0,square metre,CLBM_Masterdata.xml
2020-01,monthly,material_wholesale_price,Emulsion paint,56.0,litre,CLBM_Masterdata.xml
2020-01,monthly,material_wholesale_price,For industrial use (light),2579.0,200-litre drum,CLBM_Masterdata.xml
2020-01,monthly,material_wholesale_price,For road use,1285.0,100 litre,CLBM_Masterdata.xml
2020-01,monthly,material_wholesale_price,"Glass tiles, 25mm x 25mm",50.0,square metre,CLBM_Masterdata.xml
2020-01,monthly,material_wholesale_price,"Glazed tiles, 45mm x 45mm",149.0,square metre,CLBM_Masterdata.xml
2020-01,monthly,material_wholesale_price,"High tensile steel bars, 10mm to 40mm",4692.0,tonne,CLBM_Masterdata.xml
2020-01,monthly,material_wholesale_price,"Mild steel round bars, 6mm to 20mm",6025.0,tonne,CLBM_Masterdata.xml
2020-01,monthly,material_wholesale_price,"Non-slip tile, 200mm x 200mm",179.0,square metre,CLBM_Masterdata.xml
2020-01,monthly,material_wholesale_price,"Plywood, formwork, 19mm thick",75.0,square metre,CLBM_Masterdata.xml
2020-01,monthly,material_wholesale_price,Portland cement (ordinary),736.0,tonne,CLBM_Masterdata.xml
2020-01,monthly,material_wholesale_price,Sand,286.0,tonne,CLBM_Masterdata.xml
2020-01,monthly,material_wholesale_price,"Sawn hardwood, 25mm thick plank",4654.0,cubic metre,CLBM_Masterdata.xml
2020-01,monthly,material_wholesale_price,"Sawn hardwood, 50 x 75mm column",6303.0,cubic metre,CLBM_Masterdata.xml
2020-01,monthly,material_wholesale_price,Steel angles,18173.0,tonne,CLBM_Masterdata.xml
2020-01,monthly,material_wholesale_price,Steel flats,11211.0,tonne,CLBM_Masterdata.xml
2020-01,monthly,material_wholesale_price,"Steel plate, 4mm thick",5841.0,tonne,CLBM_Masterdata.xml
2020-01,monthly,material_wholesale_price,Steel plates,14584.0,tonne,CLBM_Masterdata.xml
2020-01,monthly,material_wholesale_price,"Unglazed tiles, 18mm x 18mm",121.0,square metre,CLBM_Masterdata.xml
2020-01,monthly,material_wholesale_price,"White tiles, 108mm x 108mm",243.0,100 pieces,CLBM_Masterdata.xml
2020-02,monthly,material_wholesale_price,"32 mm diameter pipes, 4m long",53.0,no.,CLBM_Masterdata.xml
2020-02,monthly,material_wholesale_price,Acrylic paint,55.0,litre,CLBM_Masterdata.xml
2020-02,monthly,material_wholesale_price,Aggregates,85.0,tonne,CLBM_Masterdata.xml
2020-02,monthly,material_wholesale_price,Bitumen,7550.0,tonne,CLBM_Masterdata.xml
2020-02,monthly,material_wholesale_price,"Clear sheet glass, 5mm thick",162.0,square metre,CLBM_Masterdata.xml
2020-02,monthly,material_wholesale_price,"Colour tiles, 200mm x 200mm",440.0,100 pieces,CLBM_Masterdata.xml
2020-02,monthly,material_wholesale_price,"Concrete blocks, 100mm thick",80.0,square metre,CLBM_Masterdata.xml
2020-02,monthly,material_wholesale_price,Emulsion paint,56.0,litre,CLBM_Masterdata.xml
2020-02,monthly,material_wholesale_price,For industrial use (light),2543.0,200-litre drum,CLBM_Masterdata.xml
2020-02,monthly,material_wholesale_price,For road use,1253.0,100 litre,CLBM_Masterdata.xml
2020-02,monthly,material_wholesale_price,"Glass tiles, 25mm x 25mm",50.0,square metre,CLBM_Masterdata.xml
2020-02,monthly,material_wholesale_price,"Glazed tiles, 45mm x 45mm",149.0,square metre,CLBM_Masterdata.xml
2020-02,monthly,material_wholesale_price,"High tensile steel bars, 10mm to 40mm",4669.0,tonne,CLBM_Masterdata.xml
2020-02,monthly,material_wholesale_price,"Mild steel round bars, 6mm to 20mm",5985.0,tonne,CLBM_Masterdata.xml
2020-02,monthly,material_wholesale_price,"Non-slip tile, 200mm x 200mm",179.0,square metre,CLBM_Masterdata.xml
2020-02,monthly,material_wholesale_price,"Plywood, formwork, 19mm thick",75.0,square metre,CLBM_Masterdata.xml
2020-02,monthly,material_wholesale_price,Portland cement (ordinary),738.0,tonne,CLBM_Masterdata.xml
2020-02,monthly,material_wholesale_price,Sand,282.0,tonne,CLBM_Masterdata.xml
2020-02,monthly,material_wholesale_price,"Sawn hardwood, 25mm thick plank",4654.0,cubic metre,CLBM_Masterdata.xml
2020-02,monthly,material_wholesale_price,"Sawn hardwood, 50 x 75mm column",6303.0,cubic metre,CLBM_Masterdata.xml
2020-02,monthly,material_wholesale_price,Steel angles,17991.0,tonne,CLBM_Masterdata.xml
2020-02,monthly,material_wholesale_price,Steel flats,11037.0,tonne,CLBM_Masterdata.xml
2020-02,monthly,material_wholesale_price,"Steel plate, 4mm thick",5817.0,tonne,CLBM_Masterdata.xml
2020-02,monthly,material_wholesale_price,Steel plates,13929.0,tonne,CLBM_Masterdata.xml
2020-02,monthly,material_wholesale_price,"Unglazed tiles, 18mm x 18mm",121.0,square metre,CLBM_Masterdata.xml
2020-02,monthly,material_wholesale_price,"White tiles, 108mm x 108mm",243.0,100 pieces,CLBM_Masterdata.xml
2020-03,monthly,material_wholesale_price,"32 mm diameter pipes, 4m long",53.0,no.,CLBM_Masterdata.xml
2020-03,monthly,material_wholesale_price,Acrylic paint,55.0,litre,CLBM_Masterdata.xml
2020-03,monthly,material_wholesale_price,Aggregates,79.0,tonne,CLBM_Masterdata.xml
2020-03,monthly,material_wholesale_price,Bitumen,7550.0,tonne,CLBM_Masterdata.xml
2020-03,monthly,material_wholesale_price,"Clear sheet glass, 5mm thick",162.0,square metre,CLBM_Masterdata.xml
2020-03,monthly,material_wholesale_price,"Colour tiles, 200mm x 200mm",440.0,100 pieces,CLBM_Masterdata.xml
2020-03,monthly,material_wholesale_price,"Concrete blocks, 100mm thick",80.0,square metre,CLBM_Masterdata.xml
2020-03,monthly,material_wholesale_price,Emulsion paint,56.0,litre,CLBM_Masterdata.xml
2020-03,monthly,material_wholesale_price,For industrial use (light),2494.0,200-litre drum,CLBM_Masterdata.xml
2020-03,monthly,material_wholesale_price,For road use,1221.0,100 litre,CLBM_Masterdata.xml
2020-03,monthly,material_wholesale_price,"Glass tiles, 25mm x 25mm",50.0,square metre,CLBM_Masterdata.xml
2020-03,monthly,material_wholesale_price,"Glazed tiles, 45mm x 45mm",149.0,square metre,CLBM_Masterdata.xml
2020-03,monthly,material_wholesale_price,"High tensile steel bars, 10mm to 40mm",4635.0,tonne,CLBM_Masterdata.xml
2020-03,monthly,material_wholesale_price,"Mild steel round bars, 6mm to 20mm",5985.0,tonne,CLBM_Masterdata.xml
2020-03,monthly,material_wholesale_price,"Non-slip tile, 200mm x 200mm",179.0,square metre,CLBM_Masterdata.xml
2020-03,monthly,material_wholesale_price,"Plywood, formwork, 19mm thick",74.0,square metre,CLBM_Masterdata.xml
2020-03,monthly,material_wholesale_price,Portland cement (ordinary),739.0,tonne,CLBM_Masterdata.xml
2020-03,monthly,material_wholesale_price,Sand,271.0,tonne,CLBM_Masterdata.xml
2020-03,monthly,material_wholesale_price,"Sawn hardwood, 25mm thick plank",4654.0,cubic metre,CLBM_Masterdata.xml
2020-03,monthly,material_wholesale_price,"Sawn hardwood, 50 x 75mm column",6303.0,cubic metre,CLBM_Masterdata.xml
2020-03,monthly,material_wholesale_price,Steel angles,17991.0,tonne,CLBM_Masterdata.xml
2020-03,monthly,material_wholesale_price,Steel flats,10741.0,tonne,CLBM_Masterdata.xml
2020-03,monthly,material_wholesale_price,"Steel plate, 4mm thick",5757.0,tonne,CLBM_Masterdata.xml
2020-03,monthly,material_wholesale_price,Steel plates,13898.0,tonne,CLBM_Masterdata.xml
2020-03,monthly,material_wholesale_price,"Unglazed tiles, 18mm x 18mm",121.0,square metre,CLBM_Masterdata.xml
2020-03,monthly,material_wholesale_price,"White tiles, 108mm x 108mm",243.0,100 pieces,CLBM_Masterdata.xml
2020-04,monthly,material_wholesale_price,"32 mm diameter pipes, 4m long",53.0,no.,CLBM_Masterdata.xml
2020-04,monthly,material_wholesale_price,Acrylic paint,55.0,litre,CLBM_Masterdata.xml
2020-04,monthly,material_wholesale_price,Aggregates,81.0,tonne,CLBM_Masterdata.xml
2020-04,monthly,material_wholesale_price,Bitumen,7100.0,tonne,CLBM_Masterdata.xml
2020-04,monthly,material_wholesale_price,"Clear sheet glass, 5mm thick",162.0,square metre,CLBM_Masterdata.xml
2020-04,monthly,material_wholesale_price,"Colour tiles, 200mm x 200mm",440.0,100 pieces,CLBM_Masterdata.xml
2020-04,monthly,material_wholesale_price,"Concrete blocks, 100mm thick",80.0,square metre,CLBM_Masterdata.xml
2020-04,monthly,material_wholesale_price,Emulsion paint,56.0,litre,CLBM_Masterdata.xml
2020-04,monthly,material_wholesale_price,For industrial use (light),2372.0,200-litre drum,CLBM_Masterdata.xml
2020-04,monthly,material_wholesale_price,For road use,1162.0,100 litre,CLBM_Masterdata.xml
2020-04,monthly,material_wholesale_price,"Glass tiles, 25mm x 25mm",50.0,square metre,CLBM_Masterdata.xml
2020-04,monthly,material_wholesale_price,"Glazed tiles, 45mm x 45mm",149.0,square metre,CLBM_Masterdata.xml
2020-04,monthly,material_wholesale_price,"High tensile steel bars, 10mm to 40mm",4516.0,tonne,CLBM_Masterdata.xml
2020-04,monthly,material_wholesale_price,"Mild steel round bars, 6mm to 20mm",5935.0,tonne,CLBM_Masterdata.xml
2020-04,monthly,material_wholesale_price,"Non-slip tile, 200mm x 200mm",179.0,square metre,CLBM_Masterdata.xml
2020-04,monthly,material_wholesale_price,"Plywood, formwork, 19mm thick",74.0,square metre,CLBM_Masterdata.xml
2020-04,monthly,material_wholesale_price,Portland cement (ordinary),739.0,tonne,CLBM_Masterdata.xml
2020-04,monthly,material_wholesale_price,Sand,273.0,tonne,CLBM_Masterdata.xml
2020-04,monthly,material_wholesale_price,"Sawn hardwood, 25mm thick plank",4654.0,cubic metre,CLBM_Masterdata.xml
2020-04,monthly,material_wholesale_price,"Sawn hardwood, 50 x 75mm column",6303.0,cubic metre,CLBM_Masterdata.xml
2020-04,monthly,material_wholesale_price,Steel angles,17891.0,tonne,CLBM_Masterdata.xml
2020-04,monthly,material_wholesale_price,Steel flats,10533.0,tonne,CLBM_Masterdata.xml
2020-04,monthly,material_wholesale_price,"Steel plate, 4mm thick",5692.0,tonne,CLBM_Masterdata.xml
2020-04,monthly,material_wholesale_price,Steel plates,13836.0,tonne,CLBM_Masterdata.xml
2020-04,monthly,material_wholesale_price,"Unglazed tiles, 18mm x 18mm",121.0,square metre,CLBM_Masterdata.xml
2020-04,monthly,material_wholesale_price,"White tiles, 108mm x 108mm",243.0,100 pieces,CLBM_Masterdata.xml
2020-05,monthly,material_wholesale_price,"32 mm diameter pipes, 4m long",53.0,no.,CLBM_Masterdata.xml
2020-05,monthly,material_wholesale_price,Acrylic paint,55.0,litre,CLBM_Masterdata.xml
2020-05,monthly,material_wholesale_price,Aggregates,78.0,tonne,CLBM_Masterdata.xml
2020-05,monthly,material_wholesale_price,Bitumen,7100.0,tonne,CLBM_Masterdata.xml
2020-05,monthly,material_wholesale_price,"Clear sheet glass, 5mm thick",162.0,square metre,CLBM_Masterdata.xml
2020-05,monthly,material_wholesale_price,"Colour tiles, 200mm x 200mm",440.0,100 pieces,CLBM_Masterdata.xml
2020-05,monthly,material_wholesale_price,"Concrete blocks, 100mm thick",80.0,square metre,CLBM_Masterdata.xml
2020-05,monthly,material_wholesale_price,Emulsion paint,56.0,litre,CLBM_Masterdata.xml
2020-05,monthly,material_wholesale_price,For industrial use (light),2322.0,200-litre drum,CLBM_Masterdata.xml
2020-05,monthly,material_wholesale_price,For road use,1136.0,100 litre,CLBM_Masterdata.xml
2020-05,monthly,material_wholesale_price,"Glass tiles, 25mm x 25mm",50.0,square metre,CLBM_Masterdata.xml
2020-05,monthly,material_wholesale_price,"Glazed tiles, 45mm x 45mm",149.0,square metre,CLBM_Masterdata.xml
2020-05,monthly,material_wholesale_price,"High tensile steel bars, 10mm to 40mm",4471.0,tonne,CLBM_Masterdata.xml
2020-05,monthly,material_wholesale_price,"Mild steel round bars, 6mm to 20mm",5945.0,tonne,CLBM_Masterdata.xml
2020-05,monthly,material_wholesale_price,"Non-slip tile, 200mm x 200mm",179.0,square metre,CLBM_Masterdata.xml
2020-05,monthly,material_wholesale_price,"Plywood, formwork, 19mm thick",74.0,square metre,CLBM_Masterdata.xml
2020-05,monthly,material_wholesale_price,Portland cement (ordinary),737.0,tonne,CLBM_Masterdata.xml
2020-05,monthly,material_wholesale_price,Sand,273.0,tonne,CLBM_Masterdata.xml
2020-05,monthly,material_wholesale_price,"Sawn hardwood, 25mm thick plank",4654.0,cubic metre,CLBM_Masterdata.xml
2020-05,monthly,material_wholesale_price,"Sawn hardwood, 50 x 75mm column",6303.0,cubic metre,CLBM_Masterdata.xml
2020-05,monthly,material_wholesale_price,Steel angles,17916.0,tonne,CLBM_Masterdata.xml
2020-05,monthly,material_wholesale_price,Steel flats,10324.0,tonne,CLBM_Masterdata.xml
2020-05,monthly,material_wholesale_price,"Steel plate, 4mm thick",5655.0,tonne,CLBM_Masterdata.xml
2020-05,monthly,material_wholesale_price,Steel plates,13811.0,tonne,CLBM_Masterdata.xml
2020-05,monthly,material_wholesale_price,"Unglazed tiles, 18mm x 18mm",121.0,square metre,CLBM_Masterdata.xml
2020-05,monthly,material_wholesale_price,"White tiles, 108mm x 108mm",243.0,100 pieces,CLBM_Masterdata.xml
2020-06,monthly,material_wholesale_price,"32 mm diameter pipes, 4m long",53.0,no.,CLBM_Masterdata.xml
2020-06,monthly,material_wholesale_price,Acrylic paint,55.0,litre,CLBM_Masterdata.xml
2020-06,monthly,material_wholesale_price,Aggregates,79.0,tonne,CLBM_Masterdata.xml
2020-06,monthly,material_wholesale_price,Bitumen,7100.0,tonne,CLBM_Masterdata.xml
2020-06,monthly,material_wholesale_price,"Clear sheet glass, 5mm thick",162.0,square metre,CLBM_Masterdata.xml
2020-06,monthly,material_wholesale_price,"Colour tiles, 200mm x 200mm",440.0,100 pieces,CLBM_Masterdata.xml
2020-06,monthly,material_wholesale_price,"Concrete blocks, 100mm thick",80.0,square metre,CLBM_Masterdata.xml
2020-06,monthly,material_wholesale_price,Emulsion paint,56.0,litre,CLBM_Masterdata.xml
2020-06,monthly,material_wholesale_price,For industrial use (light),2374.0,200-litre drum,CLBM_Masterdata.xml
2020-06,monthly,material_wholesale_price,For road use,1184.0,100 litre,CLBM_Masterdata.xml
2020-06,monthly,material_wholesale_price,"Glass tiles, 25mm x 25mm",50.0,square metre,CLBM_Masterdata.xml
2020-06,monthly,material_wholesale_price,"Glazed tiles, 45mm x 45mm",149.0,square metre,CLBM_Masterdata.xml
2020-06,monthly,material_wholesale_price,"High tensile steel bars, 10mm to 40mm",4441.0,tonne,CLBM_Masterdata.xml
2020-06,monthly,material_wholesale_price,"Mild steel round bars, 6mm to 20mm",5975.0,tonne,CLBM_Masterdata.xml
2020-06,monthly,material_wholesale_price,"Non-slip tile, 200mm x 200mm",179.0,square metre,CLBM_Masterdata.xml
2020-06,monthly,material_wholesale_price,"Plywood, formwork, 19mm thick",74.0,square metre,CLBM_Masterdata.xml
2020-06,monthly,material_wholesale_price,Portland cement (ordinary),736.0,tonne,CLBM_Masterdata.xml
2020-06,monthly,material_wholesale_price,Sand,259.0,tonne,CLBM_Masterdata.xml
2020-06,monthly,material_wholesale_price,"Sawn hardwood, 25mm thick plank",4654.0,cubic metre,CLBM_Masterdata.xml
2020-06,monthly,material_wholesale_price,"Sawn hardwood, 50 x 75mm column",6303.0,cubic metre,CLBM_Masterdata.xml
2020-06,monthly,material_wholesale_price,Steel angles,17835.0,tonne,CLBM_Masterdata.xml
2020-06,monthly,material_wholesale_price,Steel flats,10027.0,tonne,CLBM_Masterdata.xml
2020-06,monthly,material_wholesale_price,"Steel plate, 4mm thick",5473.0,tonne,CLBM_Masterdata.xml
2020-06,monthly,material_wholesale_price,Steel plates,13749.0,tonne,CLBM_Masterdata.xml
2020-06,monthly,material_wholesale_price,"Unglazed tiles, 18mm x 18mm",121.0,square metre,CLBM_Masterdata.xml
2020-06,monthly,material_wholesale_price,"White tiles, 108mm x 108mm",243.0,100 pieces,CLBM_Masterdata.xml
2020-07,monthly,material_wholesale_price,"32 mm diameter pipes, 4m long",53.0,no.,CLBM_Masterdata.xml
2020-07,monthly,material_wholesale_price,Acrylic paint,55.0,litre,CLBM_Masterdata.xml
2020-07,monthly,material_wholesale_price,Aggregates,77.0,tonne,CLBM_Masterdata.xml
2020-07,monthly,material_wholesale_price,Bitumen,7100.0,tonne,CLBM_Masterdata.xml
2020-07,monthly,material_wholesale_price,"Clear sheet glass, 5mm thick",162.0,square metre,CLBM_Masterdata.xml
2020-07,monthly,material_wholesale_price,"Colour tiles, 200mm x 200mm",440.0,100 pieces,CLBM_Masterdata.xml
2020-07,monthly,material_wholesale_price,"Concrete blocks, 100mm thick",80.0,square metre,CLBM_Masterdata.xml
2020-07,monthly,material_wholesale_price,Emulsion paint,56.0,litre,CLBM_Masterdata.xml
2020-07,monthly,material_wholesale_price,For industrial use (light),2424.0,200-litre drum,CLBM_Masterdata.xml
2020-07,monthly,material_wholesale_price,For road use,1225.0,100 litre,CLBM_Masterdata.xml
2020-07,monthly,material_wholesale_price,"Glass tiles, 25mm x 25mm",50.0,square metre,CLBM_Masterdata.xml
2020-07,monthly,material_wholesale_price,"Glazed tiles, 45mm x 45mm",149.0,square metre,CLBM_Masterdata.xml
2020-07,monthly,material_wholesale_price,"High tensile steel bars, 10mm to 40mm",4467.0,tonne,CLBM_Masterdata.xml
2020-07,monthly,material_wholesale_price,"Mild steel round bars, 6mm to 20mm",5975.0,tonne,CLBM_Masterdata.xml
2020-07,monthly,material_wholesale_price,"Non-slip tile, 200mm x 200mm",180.0,square metre,CLBM_Masterdata.xml
2020-07,monthly,material_wholesale_price,"Plywood, formwork, 19mm thick",74.0,square metre,CLBM_Masterdata.xml
2020-07,monthly,material_wholesale_price,Portland cement (ordinary),738.0,tonne,CLBM_Masterdata.xml
2020-07,monthly,material_wholesale_price,Sand,268.0,tonne,CLBM_Masterdata.xml
2020-07,monthly,material_wholesale_price,"Sawn hardwood, 25mm thick plank",4654.0,cubic metre,CLBM_Masterdata.xml
2020-07,monthly,material_wholesale_price,"Sawn hardwood, 50 x 75mm column",6303.0,cubic metre,CLBM_Masterdata.xml
2020-07,monthly,material_wholesale_price,Steel angles,17835.0,tonne,CLBM_Masterdata.xml
2020-07,monthly,material_wholesale_price,Steel flats,9818.0,tonne,CLBM_Masterdata.xml
2020-07,monthly,material_wholesale_price,"Steel plate, 4mm thick",5450.0,tonne,CLBM_Masterdata.xml
2020-07,monthly,material_wholesale_price,Steel plates,13724.0,tonne,CLBM_Masterdata.xml
2020-07,monthly,material_wholesale_price,"Unglazed tiles, 18mm x 18mm",121.0,square metre,CLBM_Masterdata.xml
2020-07,monthly,material_wholesale_price,"White tiles, 108mm x 108mm",243.0,100 pieces,CLBM_Masterdata.xml
2020-08,monthly,material_wholesale_price,"32 mm diameter pipes, 4m long",53.0,no.,CLBM_Masterdata.xml
2020-08,monthly,material_wholesale_price,Acrylic paint,55.0,litre,CLBM_Masterdata.xml
2020-08,monthly,material_wholesale_price,Aggregates,82.0,tonne,CLBM_Masterdata.xml
2020-08,monthly,material_wholesale_price,Bitumen,7100.0,tonne,CLBM_Masterdata.xml
2020-08,monthly,material_wholesale_price,"Clear sheet glass, 5mm thick",162.0,square metre,CLBM_Masterdata.xml
2020-08,monthly,material_wholesale_price,"Colour tiles, 200mm x 200mm",440.0,100 pieces,CLBM_Masterdata.xml
2020-08,monthly,material_wholesale_price,"Concrete blocks, 100mm thick",80.0,square metre,CLBM_Masterdata.xml
2020-08,monthly,material_wholesale_price,Emulsion paint,56.0,litre,CLBM_Masterdata.xml
2020-08,monthly,material_wholesale_price,For industrial use (light),2424.0,200-litre drum,CLBM_Masterdata.xml
2020-08,monthly,material_wholesale_price,For road use,1228.0,100 litre,CLBM_Masterdata.xml
2020-08,monthly,material_wholesale_price,"Glass tiles, 25mm x 25mm",50.0,square metre,CLBM_Masterdata.xml
2020-08,monthly,material_wholesale_price,"Glazed tiles, 45mm x 45mm",149.0,square metre,CLBM_Masterdata.xml
2020-08,monthly,material_wholesale_price,"High tensile steel bars, 10mm to 40mm",4510.0,tonne,CLBM_Masterdata.xml
2020-08,monthly,material_wholesale_price,"Mild steel round bars, 6mm to 20mm",5975.0,tonne,CLBM_Masterdata.xml
2020-08,monthly,material_wholesale_price,"Non-slip tile, 200mm x 200mm",180.0,square metre,CLBM_Masterdata.xml
2020-08,monthly,material_wholesale_price,"Plywood, formwork, 19mm thick",74.0,square metre,CLBM_Masterdata.xml
2020-08,monthly,material_wholesale_price,Portland cement (ordinary),741.0,tonne,CLBM_Masterdata.xml
2020-08,monthly,material_wholesale_price,Sand,272.0,tonne,CLBM_Masterdata.xml
2020-08,monthly,material_wholesale_price,"Sawn hardwood, 25mm thick plank",4654.0,cubic metre,CLBM_Masterdata.xml
2020-08,monthly,material_wholesale_price,"Sawn hardwood, 50 x 75mm column",6303.0,cubic metre,CLBM_Masterdata.xml
2020-08,monthly,material_wholesale_price,Steel angles,17760.0,tonne,CLBM_Masterdata.xml
2020-08,monthly,material_wholesale_price,Steel flats,9818.0,tonne,CLBM_Masterdata.xml
2020-08,monthly,material_wholesale_price,"Steel plate, 4mm thick",5450.0,tonne,CLBM_Masterdata.xml
2020-08,monthly,material_wholesale_price,Steel plates,13730.0,tonne,CLBM_Masterdata.xml
2020-08,monthly,material_wholesale_price,"Unglazed tiles, 18mm x 18mm",121.0,square metre,CLBM_Masterdata.xml
2020-08,monthly,material_wholesale_price,"White tiles, 108mm x 108mm",243.0,100 pieces,CLBM_Masterdata.xml
2020-09,monthly,material_wholesale_price,"32 mm diameter pipes, 4m long",53.0,no.,CLBM_Masterdata.xml
2020-09,monthly,material_wholesale_price,Acrylic paint,55.0,litre,CLBM_Masterdata.xml
2020-09,monthly,material_wholesale_price,Aggregates,86.0,tonne,CLBM_Masterdata.xml
2020-09,monthly,material_wholesale_price,Bitumen,7600.0,tonne,CLBM_Masterdata.xml
2020-09,monthly,material_wholesale_price,"Clear sheet glass, 5mm thick",162.0,square metre,CLBM_Masterdata.xml
2020-09,monthly,material_wholesale_price,"Colour tiles, 200mm x 200mm",440.0,100 pieces,CLBM_Masterdata.xml
2020-09,monthly,material_wholesale_price,"Concrete blocks, 100mm thick",80.0,square metre,CLBM_Masterdata.xml
2020-09,monthly,material_wholesale_price,Emulsion paint,57.0,litre,CLBM_Masterdata.xml
2020-09,monthly,material_wholesale_price,For industrial use (light),2437.0,200-litre drum,CLBM_Masterdata.xml
2020-09,monthly,material_wholesale_price,For road use,1226.0,100 litre,CLBM_Masterdata.xml
2020-09,monthly,material_wholesale_price,"Glass tiles, 25mm x 25mm",50.0,square metre,CLBM_Masterdata.xml
2020-09,monthly,material_wholesale_price,"Glazed tiles, 45mm x 45mm",149.0,square metre,CLBM_Masterdata.xml
2020-09,monthly,material_wholesale_price,"High tensile steel bars, 10mm to 40mm",4594.0,tonne,CLBM_Masterdata.xml
2020-09,monthly,material_wholesale_price,"Mild steel round bars, 6mm to 20mm",5975.0,tonne,CLBM_Masterdata.xml
2020-09,monthly,material_wholesale_price,"Non-slip tile, 200mm x 200mm",181.0,square metre,CLBM_Masterdata.xml
2020-09,monthly,material_wholesale_price,"Plywood, formwork, 19mm thick",74.0,square metre,CLBM_Masterdata.xml
2020-09,monthly,material_wholesale_price,Portland cement (ordinary),742.0,tonne,CLBM_Masterdata.xml
2020-09,monthly,material_wholesale_price,Sand,266.0,tonne,CLBM_Masterdata.xml
2020-09,monthly,material_wholesale_price,"Sawn hardwood, 25mm thick plank",4669.0,cubic metre,CLBM_Masterdata.xml
2020-09,monthly,material_wholesale_price,"Sawn hardwood, 50 x 75mm column",6204.0,cubic metre,CLBM_Masterdata.xml
2020-09,monthly,material_wholesale_price,Steel angles,17760.0,tonne,CLBM_Masterdata.xml
2020-09,monthly,material_wholesale_price,Steel flats,9818.0,tonne,CLBM_Masterdata.xml
2020-09,monthly,material_wholesale_price,"Steel plate, 4mm thick",5457.0,tonne,CLBM_Masterdata.xml
2020-09,monthly,material_wholesale_price,Steel plates,13730.0,tonne,CLBM_Masterdata.xml
2020-09,monthly,material_wholesale_price,"Unglazed tiles, 18mm x 18mm",121.0,square metre,CLBM_Masterdata.xml
2020-09,monthly,material_wholesale_price,"White tiles, 108mm x 108mm",243.0,100 pieces,CLBM_Masterdata.xml
2020-10,monthly,material_wholesale_price,"32 mm diameter pipes, 4m long",52.0,no.,CLBM_Masterdata.xml
2020-10,monthly,material_wholesale_price,Acrylic paint,56.0,litre,CLBM_Masterdata.xml
2020-10,monthly,material_wholesale_price,Aggregates,89.0,tonne,CLBM_Masterdata.xml
2020-10,monthly,material_wholesale_price,Bitumen,7600.0,tonne,CLBM_Masterdata.xml
2020-10,monthly,material_wholesale_price,"Clear sheet glass, 5mm thick",162.0,square metre,CLBM_Masterdata.xml
2020-10,monthly,material_wholesale_price,"Colour tiles, 200mm x 200mm",440.0,100 pieces,CLBM_Masterdata.xml
2020-10,monthly,material_wholesale_price,"Concrete blocks, 100mm thick",80.0,square metre,CLBM_Masterdata.xml
2020-10,monthly,material_wholesale_price,Emulsion paint,57.0,litre,CLBM_Masterdata.xml
2020-10,monthly,material_wholesale_price,For industrial use (light),2437.0,200-litre drum,CLBM_Masterdata.xml
2020-10,monthly,material_wholesale_price,For road use,1235.0,100 litre,CLBM_Masterdata.xml
2020-10,monthly,material_wholesale_price,"Glass tiles, 25mm x 25mm",50.0,square metre,CLBM_Masterdata.xml
2020-10,monthly,material_wholesale_price,"Glazed tiles, 45mm x 45mm",149.0,square metre,CLBM_Masterdata.xml
2020-10,monthly,material_wholesale_price,"High tensile steel bars, 10mm to 40mm",4563.0,tonne,CLBM_Masterdata.xml
2020-10,monthly,material_wholesale_price,"Mild steel round bars, 6mm to 20mm",5975.0,tonne,CLBM_Masterdata.xml
2020-10,monthly,material_wholesale_price,"Non-slip tile, 200mm x 200mm",181.0,square metre,CLBM_Masterdata.xml
2020-10,monthly,material_wholesale_price,"Plywood, formwork, 19mm thick",74.0,square metre,CLBM_Masterdata.xml
2020-10,monthly,material_wholesale_price,Portland cement (ordinary),742.0,tonne,CLBM_Masterdata.xml
2020-10,monthly,material_wholesale_price,Sand,275.0,tonne,CLBM_Masterdata.xml
2020-10,monthly,material_wholesale_price,"Sawn hardwood, 25mm thick plank",4669.0,cubic metre,CLBM_Masterdata.xml
2020-10,monthly,material_wholesale_price,"Sawn hardwood, 50 x 75mm column",6204.0,cubic metre,CLBM_Masterdata.xml
2020-10,monthly,material_wholesale_price,Steel angles,17760.0,tonne,CLBM_Masterdata.xml
2020-10,monthly,material_wholesale_price,Steel flats,9818.0,tonne,CLBM_Masterdata.xml
2020-10,monthly,material_wholesale_price,"Steel plate, 4mm thick",5457.0,tonne,CLBM_Masterdata.xml
2020-10,monthly,material_wholesale_price,Steel plates,13751.0,tonne,CLBM_Masterdata.xml
2020-10,monthly,material_wholesale_price,"Unglazed tiles, 18mm x 18mm",121.0,square metre,CLBM_Masterdata.xml
2020-10,monthly,material_wholesale_price,"White tiles, 108mm x 108mm",243.0,100 pieces,CLBM_Masterdata.xml
2020-11,monthly,material_wholesale_price,"32 mm diameter pipes, 4m long",52.0,no.,CLBM_Masterdata.xml
2020-11,monthly,material_wholesale_price,Acrylic paint,56.0,litre,CLBM_Masterdata.xml
2020-11,monthly,material_wholesale_price,Aggregates,92.0,tonne,CLBM_Masterdata.xml
2020-11,monthly,material_wholesale_price,Bitumen,7600.0,tonne,CLBM_Masterdata.xml
2020-11,monthly,material_wholesale_price,"Clear sheet glass, 5mm thick",162.0,square metre,CLBM_Masterdata.xml
2020-11,monthly,material_wholesale_price,"Colour tiles, 200mm x 200mm",440.0,100 pieces,CLBM_Masterdata.xml
2020-11,monthly,material_wholesale_price,"Concrete blocks, 100mm thick",80.0,square metre,CLBM_Masterdata.xml
2020-11,monthly,material_wholesale_price,Emulsion paint,57.0,litre,CLBM_Masterdata.xml
2020-11,monthly,material_wholesale_price,For industrial use (light),2449.0,200-litre drum,CLBM_Masterdata.xml
2020-11,monthly,material_wholesale_price,For road use,1235.0,100 litre,CLBM_Masterdata.xml
2020-11,monthly,material_wholesale_price,"Glass tiles, 25mm x 25mm",50.0,square metre,CLBM_Masterdata.xml
2020-11,monthly,material_wholesale_price,"Glazed tiles, 45mm x 45mm",149.0,square metre,CLBM_Masterdata.xml
2020-11,monthly,material_wholesale_price,"High tensile steel bars, 10mm to 40mm",4753.0,tonne,CLBM_Masterdata.xml
2020-11,monthly,material_wholesale_price,"Mild steel round bars, 6mm to 20mm",5975.0,tonne,CLBM_Masterdata.xml
2020-11,monthly,material_wholesale_price,"Non-slip tile, 200mm x 200mm",182.0,square metre,CLBM_Masterdata.xml
2020-11,monthly,material_wholesale_price,"Plywood, formwork, 19mm thick",75.0,square metre,CLBM_Masterdata.xml
2020-11,monthly,material_wholesale_price,Portland cement (ordinary),758.0,tonne,CLBM_Masterdata.xml
2020-11,monthly,material_wholesale_price,Sand,288.0,tonne,CLBM_Masterdata.xml
2020-11,monthly,material_wholesale_price,"Sawn hardwood, 25mm thick plank",4669.0,cubic metre,CLBM_Masterdata.xml
2020-11,monthly,material_wholesale_price,"Sawn hardwood, 50 x 75mm column",6204.0,cubic metre,CLBM_Masterdata.xml
2020-11,monthly,material_wholesale_price,Steel angles,17760.0,tonne,CLBM_Masterdata.xml
2020-11,monthly,material_wholesale_price,Steel flats,10111.0,tonne,CLBM_Masterdata.xml
2020-11,monthly,material_wholesale_price,"Steel plate, 4mm thick",5506.0,tonne,CLBM_Masterdata.xml
2020-11,monthly,material_wholesale_price,Steel plates,13791.0,tonne,CLBM_Masterdata.xml
2020-11,monthly,material_wholesale_price,"Unglazed tiles, 18mm x 18mm",121.0,square metre,CLBM_Masterdata.xml
2020-11,monthly,material_wholesale_price,"White tiles, 108mm x 108mm",243.0,100 pieces,CLBM_Masterdata.xml
2020-12,monthly,material_wholesale_price,"32 mm diameter pipes, 4m long",52.0,no.,CLBM_Masterdata.xml
2020-12,monthly,material_wholesale_price,Acrylic paint,56.0,litre,CLBM_Masterdata.xml
2020-12,monthly,material_wholesale_price,Aggregates,97.0,tonne,CLBM_Masterdata.xml
2020-12,monthly,material_wholesale_price,Bitumen,7900.0,tonne,CLBM_Masterdata.xml
2020-12,monthly,material_wholesale_price,"Clear sheet glass, 5mm thick",162.0,square metre,CLBM_Masterdata.xml
2020-12,monthly,material_wholesale_price,"Colour tiles, 200mm x 200mm",440.0,100 pieces,CLBM_Masterdata.xml
2020-12,monthly,material_wholesale_price,"Concrete blocks, 100mm thick",81.0,square metre,CLBM_Masterdata.xml
2020-12,monthly,material_wholesale_price,Emulsion paint,57.0,litre,CLBM_Masterdata.xml
2020-12,monthly,material_wholesale_price,For industrial use (light),2513.0,200-litre drum,CLBM_Masterdata.xml
2020-12,monthly,material_wholesale_price,For road use,1280.0,100 litre,CLBM_Masterdata.xml
2020-12,monthly,material_wholesale_price,"Glass tiles, 25mm x 25mm",50.0,square metre,CLBM_Masterdata.xml
2020-12,monthly,material_wholesale_price,"Glazed tiles, 45mm x 45mm",149.0,square metre,CLBM_Masterdata.xml
2020-12,monthly,material_wholesale_price,"High tensile steel bars, 10mm to 40mm",5474.0,tonne,CLBM_Masterdata.xml
2020-12,monthly,material_wholesale_price,"Mild steel round bars, 6mm to 20mm",5975.0,tonne,CLBM_Masterdata.xml
2020-12,monthly,material_wholesale_price,"Non-slip tile, 200mm x 200mm",182.0,square metre,CLBM_Masterdata.xml
2020-12,monthly,material_wholesale_price,"Plywood, formwork, 19mm thick",75.0,square metre,CLBM_Masterdata.xml
2020-12,monthly,material_wholesale_price,Portland cement (ordinary),770.0,tonne,CLBM_Masterdata.xml
2020-12,monthly,material_wholesale_price,Sand,299.0,tonne,CLBM_Masterdata.xml
2020-12,monthly,material_wholesale_price,"Sawn hardwood, 25mm thick plank",4669.0,cubic metre,CLBM_Masterdata.xml
2020-12,monthly,material_wholesale_price,"Sawn hardwood, 50 x 75mm column",6204.0,cubic metre,CLBM_Masterdata.xml
2020-12,monthly,material_wholesale_price,Steel angles,18552.0,tonne,CLBM_Masterdata.xml
2020-12,monthly,material_wholesale_price,Steel flats,10543.0,tonne,CLBM_Masterdata.xml
2020-12,monthly,material_wholesale_price,"Steel plate, 4mm thick",6358.0,tonne,CLBM_Masterdata.xml
2020-12,monthly,material_wholesale_price,Steel plates,15218.0,tonne,CLBM_Masterdata.xml
2020-12,monthly,material_wholesale_price,"Unglazed tiles, 18mm x 18mm",121.0,square metre,CLBM_Masterdata.xml
2020-12,monthly,material_wholesale_price,"White tiles, 108mm x 108mm",243.0,100 pieces,CLBM_Masterdata.xml
2021-01,monthly,material_wholesale_price,"32 mm diameter pipes, 4m long",52.0,no.,CLBM_Masterdata.xml
2021-01,monthly,material_wholesale_price,Acrylic paint,56.0,litre,CLBM_Masterdata.xml
2021-01,monthly,material_wholesale_price,Aggregates,92.0,tonne,CLBM_Masterdata.xml
2021-01,monthly,material_wholesale_price,Bitumen,7900.0,tonne,CLBM_Masterdata.xml
2021-01,monthly,material_wholesale_price,"Clear sheet glass, 5mm thick",162.0,square metre,CLBM_Masterdata.xml
2021-01,monthly,material_wholesale_price,"Colour tiles, 200mm x 200mm",440.0,100 pieces,CLBM_Masterdata.xml
2021-01,monthly,material_wholesale_price,"Concrete blocks, 100mm thick",82.0,square metre,CLBM_Masterdata.xml
2021-01,monthly,material_wholesale_price,Emulsion paint,57.0,litre,CLBM_Masterdata.xml
2021-01,monthly,material_wholesale_price,For industrial use (light),2543.0,200-litre drum,CLBM_Masterdata.xml
2021-01,monthly,material_wholesale_price,For road use,1322.0,100 litre,CLBM_Masterdata.xml
2021-01,monthly,material_wholesale_price,"Glass tiles, 25mm x 25mm",50.0,square metre,CLBM_Masterdata.xml
2021-01,monthly,material_wholesale_price,"Glazed tiles, 45mm x 45mm",149.0,square metre,CLBM_Masterdata.xml
2021-01,monthly,material_wholesale_price,"High tensile steel bars, 10mm to 40mm",5961.0,tonne,CLBM_Masterdata.xml
2021-01,monthly,material_wholesale_price,"Mild steel round bars, 6mm to 20mm",5975.0,tonne,CLBM_Masterdata.xml
2021-01,monthly,material_wholesale_price,"Non-slip tile, 200mm x 200mm",183.0,square metre,CLBM_Masterdata.xml
2021-01,monthly,material_wholesale_price,"Plywood, formwork, 19mm thick",75.0,square metre,CLBM_Masterdata.xml
2021-01,monthly,material_wholesale_price,Portland cement (ordinary),779.0,tonne,CLBM_Masterdata.xml
2021-01,monthly,material_wholesale_price,Sand,299.0,tonne,CLBM_Masterdata.xml
2021-01,monthly,material_wholesale_price,"Sawn hardwood, 25mm thick plank",4669.0,cubic metre,CLBM_Masterdata.xml
2021-01,monthly,material_wholesale_price,"Sawn hardwood, 50 x 75mm column",6204.0,cubic metre,CLBM_Masterdata.xml
2021-01,monthly,material_wholesale_price,Steel angles,19563.0,tonne,CLBM_Masterdata.xml
2021-01,monthly,material_wholesale_price,Steel flats,11309.0,tonne,CLBM_Masterdata.xml
2021-01,monthly,material_wholesale_price,"Steel plate, 4mm thick",6606.0,tonne,CLBM_Masterdata.xml
2021-01,monthly,material_wholesale_price,Steel plates,17212.0,tonne,CLBM_Masterdata.xml
2021-01,monthly,material_wholesale_price,"Unglazed tiles, 18mm x 18mm",121.0,square metre,CLBM_Masterdata.xml
2021-01,monthly,material_wholesale_price,"White tiles, 108mm x 108mm",243.0,100 pieces,CLBM_Masterdata.xml
2021-02,monthly,material_wholesale_price,"32 mm diameter pipes, 4m long",53.0,no.,CLBM_Masterdata.xml
2021-02,monthly,material_wholesale_price,Acrylic paint,56.0,litre,CLBM_Masterdata.xml
2021-02,monthly,material_wholesale_price,Aggregates,98.0,tonne,CLBM_Masterdata.xml
2021-02,monthly,material_wholesale_price,Bitumen,7900.0,tonne,CLBM_Masterdata.xml
2021-02,monthly,material_wholesale_price,"Clear sheet glass, 5mm thick",162.0,square metre,CLBM_Masterdata.xml
2021-02,monthly,material_wholesale_price,"Colour tiles, 200mm x 200mm",440.0,100 pieces,CLBM_Masterdata.xml
2021-02,monthly,material_wholesale_price,"Concrete blocks, 100mm thick",82.0,square metre,CLBM_Masterdata.xml
2021-02,monthly,material_wholesale_price,Emulsion paint,57.0,litre,CLBM_Masterdata.xml
2021-02,monthly,material_wholesale_price,For industrial use (light),2600.0,200-litre drum,CLBM_Masterdata.xml
2021-02,monthly,material_wholesale_price,For road use,1362.0,100 litre,CLBM_Masterdata.xml
2021-02,monthly,material_wholesale_price,"Glass tiles, 25mm x 25mm",50.0,square metre,CLBM_Masterdata.xml
2021-02,monthly,material_wholesale_price,"Glazed tiles, 45mm x 45mm",149.0,square metre,CLBM_Masterdata.xml
2021-02,monthly,material_wholesale_price,"High tensile steel bars, 10mm to 40mm",6126.0,tonne,CLBM_Masterdata.xml
2021-02,monthly,material_wholesale_price,"Mild steel round bars, 6mm to 20mm",5975.0,tonne,CLBM_Masterdata.xml
2021-02,monthly,material_wholesale_price,"Non-slip tile, 200mm x 200mm",184.0,square metre,CLBM_Masterdata.xml
2021-02,monthly,material_wholesale_price,"Plywood, formwork, 19mm thick",76.0,square metre,CLBM_Masterdata.xml
2021-02,monthly,material_wholesale_price,Portland cement (ordinary),767.0,tonne,CLBM_Masterdata.xml
2021-02,monthly,material_wholesale_price,Sand,292.0,tonne,CLBM_Masterdata.xml
2021-02,monthly,material_wholesale_price,"Sawn hardwood, 25mm thick plank",4669.0,cubic metre,CLBM_Masterdata.xml
2021-02,monthly,material_wholesale_price,"Sawn hardwood, 50 x 75mm column",6204.0,cubic metre,CLBM_Masterdata.xml
2021-02,monthly,material_wholesale_price,Steel angles,19688.0,tonne,CLBM_Masterdata.xml
2021-02,monthly,material_wholesale_price,Steel flats,12028.0,tonne,CLBM_Masterdata.xml
2021-02,monthly,material_wholesale_price,"Steel plate, 4mm thick",6977.0,tonne,CLBM_Masterdata.xml
2021-02,monthly,material_wholesale_price,Steel plates,17262.0,tonne,CLBM_Masterdata.xml
2021-02,monthly,material_wholesale_price,"Unglazed tiles, 18mm x 18mm",121.0,square metre,CLBM_Masterdata.xml
2021-02,monthly,material_wholesale_price,"White tiles, 108mm x 108mm",243.0,100 pieces,CLBM_Masterdata.xml
2021-03,monthly,material_wholesale_price,"32 mm diameter pipes, 4m long",54.0,no.,CLBM_Masterdata.xml
2021-03,monthly,material_wholesale_price,Acrylic paint,56.0,litre,CLBM_Masterdata.xml
2021-03,monthly,material_wholesale_price,Aggregates,94.0,tonne,CLBM_Masterdata.xml
2021-03,monthly,material_wholesale_price,Bitumen,7900.0,tonne,CLBM_Masterdata.xml
2021-03,monthly,material_wholesale_price,"Clear sheet glass, 5mm thick",162.0,square metre,CLBM_Masterdata.xml
2021-03,monthly,material_wholesale_price,"Colour tiles, 200mm x 200mm",443.0,100 pieces,CLBM_Masterdata.xml
2021-03,monthly,material_wholesale_price,"Concrete blocks, 100mm thick",81.0,square metre,CLBM_Masterdata.xml
2021-03,monthly,material_wholesale_price,Emulsion paint,57.0,litre,CLBM_Masterdata.xml
2021-03,monthly,material_wholesale_price,For industrial use (light),2652.0,200-litre drum,CLBM_Masterdata.xml
2021-03,monthly,material_wholesale_price,For road use,1408.0,100 litre,CLBM_Masterdata.xml
2021-03,monthly,material_wholesale_price,"Glass tiles, 25mm x 25mm",50.0,square metre,CLBM_Masterdata.xml
2021-03,monthly,material_wholesale_price,"Glazed tiles, 45mm x 45mm",149.0,square metre,CLBM_Masterdata.xml
2021-03,monthly,material_wholesale_price,"High tensile steel bars, 10mm to 40mm",6431.0,tonne,CLBM_Masterdata.xml
2021-03,monthly,material_wholesale_price,"Mild steel round bars, 6mm to 20mm",5975.0,tonne,CLBM_Masterdata.xml
2021-03,monthly,material_wholesale_price,"Non-slip tile, 200mm x 200mm",184.0,square metre,CLBM_Masterdata.xml
2021-03,monthly,material_wholesale_price,"Plywood, formwork, 19mm thick",76.0,square metre,CLBM_Masterdata.xml
2021-03,monthly,material_wholesale_price,Portland cement (ordinary),767.0,tonne,CLBM_Masterdata.xml
2021-03,monthly,material_wholesale_price,Sand,297.0,tonne,CLBM_Masterdata.xml
2021-03,monthly,material_wholesale_price,"Sawn hardwood, 25mm thick plank",4669.0,cubic metre,CLBM_Masterdata.xml
2021-03,monthly,material_wholesale_price,"Sawn hardwood, 50 x 75mm column",6411.0,cubic metre,CLBM_Masterdata.xml
2021-03,monthly,material_wholesale_price,Steel angles,20651.0,tonne,CLBM_Masterdata.xml
2021-03,monthly,material_wholesale_price,Steel flats,12334.0,tonne,CLBM_Masterdata.xml
2021-03,monthly,material_wholesale_price,"Steel plate, 4mm thick",7077.0,tonne,CLBM_Masterdata.xml
2021-03,monthly,material_wholesale_price,Steel plates,18644.0,tonne,CLBM_Masterdata.xml
2021-03,monthly,material_wholesale_price,"Unglazed tiles, 18mm x 18mm",121.0,square metre,CLBM_Masterdata.xml
2021-03,monthly,material_wholesale_price,"White tiles, 108mm x 108mm",243.0,100 pieces,CLBM_Masterdata.xml
2021-04,monthly,material_wholesale_price,"32 mm diameter pipes, 4m long",54.0,no.,CLBM_Masterdata.xml
2021-04,monthly,material_wholesale_price,Acrylic paint,56.0,litre,CLBM_Masterdata.xml
2021-04,monthly,material_wholesale_price,Aggregates,100.0,tonne,CLBM_Masterdata.xml
2021-04,monthly,material_wholesale_price,Bitumen,8300.0,tonne,CLBM_Masterdata.xml
2021-04,monthly,material_wholesale_price,"Clear sheet glass, 5mm thick",162.0,square metre,CLBM_Masterdata.xml
2021-04,monthly,material_wholesale_price,"Colour tiles, 200mm x 200mm",443.0,100 pieces,CLBM_Masterdata.xml
2021-04,monthly,material_wholesale_price,"Concrete blocks, 100mm thick",82.0,square metre,CLBM_Masterdata.xml
2021-04,monthly,material_wholesale_price,Emulsion paint,57.0,litre,CLBM_Masterdata.xml
2021-04,monthly,material_wholesale_price,For industrial use (light),2649.0,200-litre drum,CLBM_Masterdata.xml
2021-04,monthly,material_wholesale_price,For road use,1407.0,100 litre,CLBM_Masterdata.xml
2021-04,monthly,material_wholesale_price,"Glass tiles, 25mm x 25mm",50.0,square metre,CLBM_Masterdata.xml
2021-04,monthly,material_wholesale_price,"Glazed tiles, 45mm x 45mm",149.0,square metre,CLBM_Masterdata.xml
2021-04,monthly,material_wholesale_price,"High tensile steel bars, 10mm to 40mm",6628.0,tonne,CLBM_Masterdata.xml
2021-04,monthly,material_wholesale_price,"Mild steel round bars, 6mm to 20mm",5975.0,tonne,CLBM_Masterdata.xml
2021-04,monthly,material_wholesale_price,"Non-slip tile, 200mm x 200mm",185.0,square metre,CLBM_Masterdata.xml
2021-04,monthly,material_wholesale_price,"Plywood, formwork, 19mm thick",77.0,square metre,CLBM_Masterdata.xml
2021-04,monthly,material_wholesale_price,Portland cement (ordinary),768.0,tonne,CLBM_Masterdata.xml
2021-04,monthly,material_wholesale_price,Sand,295.0,tonne,CLBM_Masterdata.xml
2021-04,monthly,material_wholesale_price,"Sawn hardwood, 25mm thick plank",4669.0,cubic metre,CLBM_Masterdata.xml
2021-04,monthly,material_wholesale_price,"Sawn hardwood, 50 x 75mm column",6604.0,cubic metre,CLBM_Masterdata.xml
2021-04,monthly,material_wholesale_price,Steel angles,21033.0,tonne,CLBM_Masterdata.xml
2021-04,monthly,material_wholesale_price,Steel flats,13311.0,tonne,CLBM_Masterdata.xml
2021-04,monthly,material_wholesale_price,"Steel plate, 4mm thick",7352.0,tonne,CLBM_Masterdata.xml
2021-04,monthly,material_wholesale_price,Steel plates,19786.0,tonne,CLBM_Masterdata.xml
2021-04,monthly,material_wholesale_price,"Unglazed tiles, 18mm x 18mm",121.0,square metre,CLBM_Masterdata.xml
2021-04,monthly,material_wholesale_price,"White tiles, 108mm x 108mm",243.0,100 pieces,CLBM_Masterdata.xml
2021-05,monthly,material_wholesale_price,"100mm diameter pipes, 3m long",550.0,no.,CLBM_Masterdata.xml
2021-05,monthly,material_wholesale_price,"100mm diameter pipes, 6m long",1091.0,no.,CLBM_Masterdata.xml
2021-05,monthly,material_wholesale_price,"22mm diameter pipes, 5.8m long",319.0,no.,CLBM_Masterdata.xml
2021-05,monthly,material_wholesale_price,"32mm diameter pipes, 4m long",55.0,no.,CLBM_Masterdata.xml
2021-05,monthly,material_wholesale_price,Acrylic paint,56.0,litre,CLBM_Masterdata.xml
2021-05,monthly,material_wholesale_price,Aggregates,106.0,tonne,CLBM_Masterdata.xml
2021-05,monthly,material_wholesale_price,Bitumen,8300.0,tonne,CLBM_Masterdata.xml
2021-05,monthly,material_wholesale_price,"Clear float glass, 6mm thick",159.0,square metre,CLBM_Masterdata.xml
2021-05,monthly,material_wholesale_price,"Colour tiles, 200mm x 200mm, include white",422.0,100 pieces,CLBM_Masterdata.xml
2021-05,monthly,material_wholesale_price,"Concrete blocks, 100mm thick",85.0,square metre,CLBM_Masterdata.xml
2021-05,monthly,material_wholesale_price,Emulsion paint,63.0,litre,CLBM_Masterdata.xml
2021-05,monthly,material_wholesale_price,For industrial use (light),2666.0,200-litre drum,CLBM_Masterdata.xml
2021-05,monthly,material_wholesale_price,For road use,1420.0,100 litre,CLBM_Masterdata.xml
2021-05,monthly,material_wholesale_price,"Glazed tiles, 45mm x 45mm",149.0,square metre,CLBM_Masterdata.xml
2021-05,monthly,material_wholesale_price,"High tensile steel bars, 10mm to 40mm",7386.0,tonne,CLBM_Masterdata.xml
2021-05,monthly,material_wholesale_price,"Non-slip tile, 200mm x 200mm",186.0,square metre,CLBM_Masterdata.xml
2021-05,monthly,material_wholesale_price,"Plywood, formwork, 19mm thick",78.0,square metre,CLBM_Masterdata.xml
2021-05,monthly,material_wholesale_price,Portland cement (ordinary),770.0,tonne,CLBM_Masterdata.xml
2021-05,monthly,material_wholesale_price,Sand,296.0,tonne,CLBM_Masterdata.xml
2021-05,monthly,material_wholesale_price,"Sawn hardwood, 50mm x 75mm column",6604.0,cubic metre,CLBM_Masterdata.xml
2021-05,monthly,material_wholesale_price,Steel flats,13955.0,tonne,CLBM_Masterdata.xml
2021-05,monthly,material_wholesale_price,Steel hollow sections,18648.0,tonne,CLBM_Masterdata.xml
2021-05,monthly,material_wholesale_price,"Steel plate, 4mm thick",9017.0,tonne,CLBM_Masterdata.xml
2021-05,monthly,material_wholesale_price,Steel plates,21871.0,tonne,CLBM_Masterdata.xml
2021-05,monthly,material_wholesale_price,"Tinted glass, 6mm thick",232.0,square metre,CLBM_Masterdata.xml
2021-05,monthly,material_wholesale_price,"Unglazed tiles, 25mm x 25mm",188.0,square metre,CLBM_Masterdata.xml
2021-06,monthly,material_wholesale_price,"100mm diameter pipes, 3m long",550.0,no.,CLBM_Masterdata.xml
2021-06,monthly,material_wholesale_price,"100mm diameter pipes, 6m long",1091.0,no.,CLBM_Masterdata.xml
2021-06,monthly,material_wholesale_price,"22mm diameter pipes, 5.8m long",316.0,no.,CLBM_Masterdata.xml
2021-06,monthly,material_wholesale_price,"32mm diameter pipes, 4m long",55.0,no.,CLBM_Masterdata.xml
2021-06,monthly,material_wholesale_price,Acrylic paint,57.0,litre,CLBM_Masterdata.xml
2021-06,monthly,material_wholesale_price,Aggregates,100.0,tonne,CLBM_Masterdata.xml
2021-06,monthly,material_wholesale_price,Bitumen,8100.0,tonne,CLBM_Masterdata.xml
2021-06,monthly,material_wholesale_price,"Clear float glass, 6mm thick",163.0,square metre,CLBM_Masterdata.xml
2021-06,monthly,material_wholesale_price,"Colour tiles, 200mm x 200mm, include white",422.0,100 pieces,CLBM_Masterdata.xml
2021-06,monthly,material_wholesale_price,"Concrete blocks, 100mm thick",85.0,square metre,CLBM_Masterdata.xml
2021-06,monthly,material_wholesale_price,Emulsion paint,63.0,litre,CLBM_Masterdata.xml
2021-06,monthly,material_wholesale_price,For industrial use (light),2705.0,200-litre drum,CLBM_Masterdata.xml
2021-06,monthly,material_wholesale_price,For road use,1446.0,100 litre,CLBM_Masterdata.xml
2021-06,monthly,material_wholesale_price,"Glazed tiles, 45mm x 45mm",149.0,square metre,CLBM_Masterdata.xml
2021-06,monthly,material_wholesale_price,"High tensile steel bars, 10mm to 40mm",7460.0,tonne,CLBM_Masterdata.xml
2021-06,monthly,material_wholesale_price,"Non-slip tile, 200mm x 200mm",187.0,square metre,CLBM_Masterdata.xml
2021-06,monthly,material_wholesale_price,"Plywood, formwork, 19mm thick",79.0,square metre,CLBM_Masterdata.xml
2021-06,monthly,material_wholesale_price,Portland cement (ordinary),770.0,tonne,CLBM_Masterdata.xml
2021-06,monthly,material_wholesale_price,Sand,289.0,tonne,CLBM_Masterdata.xml
2021-06,monthly,material_wholesale_price,"Sawn hardwood, 50mm x 75mm column",6604.0,cubic metre,CLBM_Masterdata.xml
2021-06,monthly,material_wholesale_price,Steel flats,14108.0,tonne,CLBM_Masterdata.xml
2021-06,monthly,material_wholesale_price,Steel hollow sections,18529.0,tonne,CLBM_Masterdata.xml
2021-06,monthly,material_wholesale_price,"Steel plate, 4mm thick",9100.0,tonne,CLBM_Masterdata.xml
2021-06,monthly,material_wholesale_price,Steel plates,21896.0,tonne,CLBM_Masterdata.xml
2021-06,monthly,material_wholesale_price,"Tinted glass, 6mm thick",237.0,square metre,CLBM_Masterdata.xml
2021-06,monthly,material_wholesale_price,"Unglazed tiles, 25mm x 25mm",188.0,square metre,CLBM_Masterdata.xml
2021-07,monthly,material_wholesale_price,"100mm diameter pipes, 3m long",556.0,no.,CLBM_Masterdata.xml
2021-07,monthly,material_wholesale_price,"100mm diameter pipes, 6m long",1139.0,no.,CLBM_Masterdata.xml
2021-07,monthly,material_wholesale_price,"22mm diameter pipes, 5.8m long",315.0,no.,CLBM_Masterdata.xml
2021-07,monthly,material_wholesale_price,"32mm diameter pipes, 4m long",55.0,no.,CLBM_Masterdata.xml
2021-07,monthly,material_wholesale_price,Acrylic paint,58.0,litre,CLBM_Masterdata.xml
2021-07,monthly,material_wholesale_price,Aggregates,100.0,tonne,CLBM_Masterdata.xml
2021-07,monthly,material_wholesale_price,Bitumen,8400.0,tonne,CLBM_Masterdata.xml
2021-07,monthly,material_wholesale_price,"Clear float glass, 6mm thick",169.0,square metre,CLBM_Masterdata.xml
2021-07,monthly,material_wholesale_price,"Colour tiles, 200mm x 200mm, include white",422.0,100 pieces,CLBM_Masterdata.xml
2021-07,monthly,material_wholesale_price,"Concrete blocks, 100mm thick",85.0,square metre,CLBM_Masterdata.xml
2021-07,monthly,material_wholesale_price,Emulsion paint,63.0,litre,CLBM_Masterdata.xml
2021-07,monthly,material_wholesale_price,For industrial use (light),2746.0,200-litre drum,CLBM_Masterdata.xml
2021-07,monthly,material_wholesale_price,For road use,1474.0,100 litre,CLBM_Masterdata.xml
2021-07,monthly,material_wholesale_price,"Glazed tiles, 45mm x 45mm",149.0,square metre,CLBM_Masterdata.xml
2021-07,monthly,material_wholesale_price,"High tensile steel bars, 10mm to 40mm",7531.0,tonne,CLBM_Masterdata.xml
2021-07,monthly,material_wholesale_price,"Non-slip tile, 200mm x 200mm",187.0,square metre,CLBM_Masterdata.xml
2021-07,monthly,material_wholesale_price,"Plywood, formwork, 19mm thick",81.0,square metre,CLBM_Masterdata.xml
2021-07,monthly,material_wholesale_price,Portland cement (ordinary),781.0,tonne,CLBM_Masterdata.xml
2021-07,monthly,material_wholesale_price,Sand,296.0,tonne,CLBM_Masterdata.xml
2021-07,monthly,material_wholesale_price,"Sawn hardwood, 50mm x 75mm column",6713.0,cubic metre,CLBM_Masterdata.xml
2021-07,monthly,material_wholesale_price,Steel flats,14413.0,tonne,CLBM_Masterdata.xml
2021-07,monthly,material_wholesale_price,Steel hollow sections,18470.0,tonne,CLBM_Masterdata.xml
2021-07,monthly,material_wholesale_price,"Steel plate, 4mm thick",9125.0,tonne,CLBM_Masterdata.xml
2021-07,monthly,material_wholesale_price,Steel plates,21946.0,tonne,CLBM_Masterdata.xml
2021-07,monthly,material_wholesale_price,"Tinted glass, 6mm thick",246.0,square metre,CLBM_Masterdata.xml
2021-07,monthly,material_wholesale_price,"Unglazed tiles, 25mm x 25mm",188.0,square metre,CLBM_Masterdata.xml
2021-08,monthly,material_wholesale_price,"100mm diameter pipes, 3m long",556.0,no.,CLBM_Masterdata.xml
2021-08,monthly,material_wholesale_price,"100mm diameter pipes, 6m long",1139.0,no.,CLBM_Masterdata.xml
2021-08,monthly,material_wholesale_price,"22mm diameter pipes, 5.8m long",315.0,no.,CLBM_Masterdata.xml
2021-08,monthly,material_wholesale_price,"32mm diameter pipes, 4m long",55.0,no.,CLBM_Masterdata.xml
2021-08,monthly,material_wholesale_price,Acrylic paint,58.0,litre,CLBM_Masterdata.xml
2021-08,monthly,material_wholesale_price,Aggregates,100.0,tonne,CLBM_Masterdata.xml
2021-08,monthly,material_wholesale_price,Bitumen,8400.0,tonne,CLBM_Masterdata.xml
2021-08,monthly,material_wholesale_price,"Clear float glass, 6mm thick",170.0,square metre,CLBM_Masterdata.xml
2021-08,monthly,material_wholesale_price,"Colour tiles, 200mm x 200mm, include white",422.0,100 pieces,CLBM_Masterdata.xml
2021-08,monthly,material_wholesale_price,"Concrete blocks, 100mm thick",85.0,square metre,CLBM_Masterdata.xml
2021-08,monthly,material_wholesale_price,Emulsion paint,63.0,litre,CLBM_Masterdata.xml
2021-08,monthly,material_wholesale_price,For industrial use (light),2746.0,200-litre drum,CLBM_Masterdata.xml
2021-08,monthly,material_wholesale_price,For road use,1474.0,100 litre,CLBM_Masterdata.xml
2021-08,monthly,material_wholesale_price,"Glazed tiles, 45mm x 45mm",149.0,square metre,CLBM_Masterdata.xml
2021-08,monthly,material_wholesale_price,"High tensile steel bars, 10mm to 40mm",7506.0,tonne,CLBM_Masterdata.xml
2021-08,monthly,material_wholesale_price,"Non-slip tile, 200mm x 200mm",187.0,square metre,CLBM_Masterdata.xml
2021-08,monthly,material_wholesale_price,"Plywood, formwork, 19mm thick",81.0,square metre,CLBM_Masterdata.xml
2021-08,monthly,material_wholesale_price,Portland cement (ordinary),784.0,tonne,CLBM_Masterdata.xml
2021-08,monthly,material_wholesale_price,Sand,289.0,tonne,CLBM_Masterdata.xml
2021-08,monthly,material_wholesale_price,"Sawn hardwood, 50mm x 75mm column",6658.0,cubic metre,CLBM_Masterdata.xml
2021-08,monthly,material_wholesale_price,Steel flats,14413.0,tonne,CLBM_Masterdata.xml
2021-08,monthly,material_wholesale_price,Steel hollow sections,18470.0,tonne,CLBM_Masterdata.xml
2021-08,monthly,material_wholesale_price,"Steel plate, 4mm thick",9125.0,tonne,CLBM_Masterdata.xml
2021-08,monthly,material_wholesale_price,Steel plates,21946.0,tonne,CLBM_Masterdata.xml
2021-08,monthly,material_wholesale_price,"Tinted glass, 6mm thick",246.0,square metre,CLBM_Masterdata.xml
2021-08,monthly,material_wholesale_price,"Unglazed tiles, 25mm x 25mm",188.0,square metre,CLBM_Masterdata.xml
2021-09,monthly,material_wholesale_price,"100mm diameter pipes, 3m long",556.0,no.,CLBM_Masterdata.xml
2021-09,monthly,material_wholesale_price,"100mm diameter pipes, 6m long",1139.0,no.,CLBM_Masterdata.xml
2021-09,monthly,material_wholesale_price,"22mm diameter pipes, 5.8m long",315.0,no.,CLBM_Masterdata.xml
2021-09,monthly,material_wholesale_price,"32mm diameter pipes, 4m long",55.0,no.,CLBM_Masterdata.xml
2021-09,monthly,material_wholesale_price,Acrylic paint,58.0,litre,CLBM_Masterdata.xml
2021-09,monthly,material_wholesale_price,Aggregates,105.0,tonne,CLBM_Masterdata.xml
2021-09,monthly,material_wholesale_price,Bitumen,8400.0,tonne,CLBM_Masterdata.xml
2021-09,monthly,material_wholesale_price,"Clear float glass, 6mm thick",171.0,square metre,CLBM_Masterdata.xml
2021-09,monthly,material_wholesale_price,"Colour tiles, 200mm x 200mm, include white",422.0,100 pieces,CLBM_Masterdata.xml
2021-09,monthly,material_wholesale_price,"Concrete blocks, 100mm thick",86.0,square metre,CLBM_Masterdata.xml
2021-09,monthly,material_wholesale_price,Emulsion paint,63.0,litre,CLBM_Masterdata.xml
2021-09,monthly,material_wholesale_price,For industrial use (light),2760.0,200-litre drum,CLBM_Masterdata.xml
2021-09,monthly,material_wholesale_price,For road use,1488.0,100 litre,CLBM_Masterdata.xml
2021-09,monthly,material_wholesale_price,"Glazed tiles, 45mm x 45mm",149.0,square metre,CLBM_Masterdata.xml
2021-09,monthly,material_wholesale_price,"High tensile steel bars, 10mm to 40mm",7511.0,tonne,CLBM_Masterdata.xml
2021-09,monthly,material_wholesale_price,"Non-slip tile, 200mm x 200mm",187.0,square metre,CLBM_Masterdata.xml
2021-09,monthly,material_wholesale_price,"Plywood, formwork, 19mm thick",81.0,square metre,CLBM_Masterdata.xml
2021-09,monthly,material_wholesale_price,Portland cement (ordinary),788.0,tonne,CLBM_Masterdata.xml
2021-09,monthly,material_wholesale_price,Sand,294.0,tonne,CLBM_Masterdata.xml
2021-09,monthly,material_wholesale_price,"Sawn hardwood, 50mm x 75mm column",6548.0,cubic metre,CLBM_Masterdata.xml
2021-09,monthly,material_wholesale_price,Steel flats,14566.0,tonne,CLBM_Masterdata.xml
2021-09,monthly,material_wholesale_price,Steel hollow sections,18941.0,tonne,CLBM_Masterdata.xml
2021-09,monthly,material_wholesale_price,"Steel plate, 4mm thick",9167.0,tonne,CLBM_Masterdata.xml
2021-09,monthly,material_wholesale_price,Steel plates,22651.0,tonne,CLBM_Masterdata.xml
2021-09,monthly,material_wholesale_price,"Tinted glass, 6mm thick",250.0,square metre,CLBM_Masterdata.xml
2021-09,monthly,material_wholesale_price,"Unglazed tiles, 25mm x 25mm",188.0,square metre,CLBM_Masterdata.xml
2021-10,monthly,material_wholesale_price,"100mm diameter pipes, 3m long",557.0,no.,CLBM_Masterdata.xml
2021-10,monthly,material_wholesale_price,"100mm diameter pipes, 6m long",1163.0,no.,CLBM_Masterdata.xml
2021-10,monthly,material_wholesale_price,"22mm diameter pipes, 5.8m long",327.0,no.,CLBM_Masterdata.xml
2021-10,monthly,material_wholesale_price,"32mm diameter pipes, 4m long",56.0,no.,CLBM_Masterdata.xml
2021-10,monthly,material_wholesale_price,Acrylic paint,59.0,litre,CLBM_Masterdata.xml
2021-10,monthly,material_wholesale_price,Aggregates,100.0,tonne,CLBM_Masterdata.xml
2021-10,monthly,material_wholesale_price,Bitumen,8800.0,tonne,CLBM_Masterdata.xml
2021-10,monthly,material_wholesale_price,"Clear float glass, 6mm thick",174.0,square metre,CLBM_Masterdata.xml
2021-10,monthly,material_wholesale_price,"Colour tiles, 200mm x 200mm, include white",424.0,100 pieces,CLBM_Masterdata.xml
2021-10,monthly,material_wholesale_price,"Concrete blocks, 100mm thick",102.0,square metre,CLBM_Masterdata.xml
2021-10,monthly,material_wholesale_price,Emulsion paint,63.0,litre,CLBM_Masterdata.xml
2021-10,monthly,material_wholesale_price,For industrial use (light),2844.0,200-litre drum,CLBM_Masterdata.xml
2021-10,monthly,material_wholesale_price,For road use,1543.0,100 litre,CLBM_Masterdata.xml
2021-10,monthly,material_wholesale_price,"Glazed tiles, 45mm x 45mm",151.0,square metre,CLBM_Masterdata.xml
2021-10,monthly,material_wholesale_price,"High tensile steel bars, 10mm to 40mm",7494.0,tonne,CLBM_Masterdata.xml
2021-10,monthly,material_wholesale_price,"Non-slip tile, 200mm x 200mm",188.0,square metre,CLBM_Masterdata.xml
2021-10,monthly,material_wholesale_price,"Plywood, formwork, 19mm thick",82.0,square metre,CLBM_Masterdata.xml
2021-10,monthly,material_wholesale_price,Portland cement (ordinary),817.0,tonne,CLBM_Masterdata.xml
2021-10,monthly,material_wholesale_price,Sand,315.0,tonne,CLBM_Masterdata.xml
2021-10,monthly,material_wholesale_price,"Sawn hardwood, 50mm x 75mm column",6548.0,cubic metre,CLBM_Masterdata.xml
2021-10,monthly,material_wholesale_price,Steel flats,14566.0,tonne,CLBM_Masterdata.xml
2021-10,monthly,material_wholesale_price,Steel hollow sections,19016.0,tonne,CLBM_Masterdata.xml
2021-10,monthly,material_wholesale_price,"Steel plate, 4mm thick",9125.0,tonne,CLBM_Masterdata.xml
2021-10,monthly,material_wholesale_price,Steel plates,22636.0,tonne,CLBM_Masterdata.xml
2021-10,monthly,material_wholesale_price,"Tinted glass, 6mm thick",254.0,square metre,CLBM_Masterdata.xml
2021-10,monthly,material_wholesale_price,"Unglazed tiles, 25mm x 25mm",193.0,square metre,CLBM_Masterdata.xml
2021-11,monthly,material_wholesale_price,"100mm diameter pipes, 3m long",567.0,no.,CLBM_Masterdata.xml
2021-11,monthly,material_wholesale_price,"100mm diameter pipes, 6m long",1176.0,no.,CLBM_Masterdata.xml
2021-11,monthly,material_wholesale_price,"22mm diameter pipes, 5.8m long",330.0,no.,CLBM_Masterdata.xml
2021-11,monthly,material_wholesale_price,"32mm diameter pipes, 4m long",56.0,no.,CLBM_Masterdata.xml
2021-11,monthly,material_wholesale_price,Acrylic paint,59.0,litre,CLBM_Masterdata.xml
2021-11,monthly,material_wholesale_price,Aggregates,102.0,tonne,CLBM_Masterdata.xml
2021-11,monthly,material_wholesale_price,Bitumen,8800.0,tonne,CLBM_Masterdata.xml
2021-11,monthly,material_wholesale_price,"Clear float glass, 6mm thick",174.0,square metre,CLBM_Masterdata.xml
2021-11,monthly,material_wholesale_price,"Colour tiles, 200mm x 200mm, include white",443.0,100 pieces,CLBM_Masterdata.xml
2021-11,monthly,material_wholesale_price,"Concrete blocks, 100mm thick",102.0,square metre,CLBM_Masterdata.xml
2021-11,monthly,material_wholesale_price,Emulsion paint,64.0,litre,CLBM_Masterdata.xml
2021-11,monthly,material_wholesale_price,For industrial use (light),2899.0,200-litre drum,CLBM_Masterdata.xml
2021-11,monthly,material_wholesale_price,For road use,1568.0,100 litre,CLBM_Masterdata.xml
2021-11,monthly,material_wholesale_price,"Glazed tiles, 45mm x 45mm",153.0,square metre,CLBM_Masterdata.xml
2021-11,monthly,material_wholesale_price,"High tensile steel bars, 10mm to 40mm",7461.0,tonne,CLBM_Masterdata.xml
2021-11,monthly,material_wholesale_price,"Non-slip tile, 200mm x 200mm",194.0,square metre,CLBM_Masterdata.xml
2021-11,monthly,material_wholesale_price,"Plywood, formwork, 19mm thick",84.0,square metre,CLBM_Masterdata.xml
2021-11,monthly,material_wholesale_price,Portland cement (ordinary),870.0,tonne,CLBM_Masterdata.xml
2021-11,monthly,material_wholesale_price,Sand,312.0,tonne,CLBM_Masterdata.xml
2021-11,monthly,material_wholesale_price,"Sawn hardwood, 50mm x 75mm column",6548.0,cubic metre,CLBM_Masterdata.xml
2021-11,monthly,material_wholesale_price,Steel flats,15257.0,tonne,CLBM_Masterdata.xml
2021-11,monthly,material_wholesale_price,Steel hollow sections,18997.0,tonne,CLBM_Masterdata.xml
2021-11,monthly,material_wholesale_price,"Steel plate, 4mm thick",9159.0,tonne,CLBM_Masterdata.xml
2021-11,monthly,material_wholesale_price,Steel plates,23628.0,tonne,CLBM_Masterdata.xml
2021-11,monthly,material_wholesale_price,"Tinted glass, 6mm thick",254.0,square metre,CLBM_Masterdata.xml
2021-11,monthly,material_wholesale_price,"Unglazed tiles, 25mm x 25mm",207.0,square metre,CLBM_Masterdata.xml
2021-12,monthly,material_wholesale_price,"100mm diameter pipes, 3m long",567.0,no.,CLBM_Masterdata.xml
2021-12,monthly,material_wholesale_price,"100mm diameter pipes, 6m long",1176.0,no.,CLBM_Masterdata.xml
2021-12,monthly,material_wholesale_price,"22mm diameter pipes, 5.8m long",329.0,no.,CLBM_Masterdata.xml
2021-12,monthly,material_wholesale_price,"32mm diameter pipes, 4m long",56.0,no.,CLBM_Masterdata.xml
2021-12,monthly,material_wholesale_price,Acrylic paint,61.0,litre,CLBM_Masterdata.xml
2021-12,monthly,material_wholesale_price,Aggregates,108.0,tonne,CLBM_Masterdata.xml
2021-12,monthly,material_wholesale_price,Bitumen,8800.0,tonne,CLBM_Masterdata.xml
2021-12,monthly,material_wholesale_price,"Clear float glass, 6mm thick",176.0,square metre,CLBM_Masterdata.xml
2021-12,monthly,material_wholesale_price,"Colour tiles, 200mm x 200mm, include white",443.0,100 pieces,CLBM_Masterdata.xml
2021-12,monthly,material_wholesale_price,"Concrete blocks, 100mm thick",104.0,square metre,CLBM_Masterdata.xml
2021-12,monthly,material_wholesale_price,Emulsion paint,65.0,litre,CLBM_Masterdata.xml
2021-12,monthly,material_wholesale_price,For industrial use (light),2871.0,200-litre drum,CLBM_Masterdata.xml
2021-12,monthly,material_wholesale_price,For road use,1539.0,100 litre,CLBM_Masterdata.xml
2021-12,monthly,material_wholesale_price,"Glazed tiles, 45mm x 45mm",154.0,square metre,CLBM_Masterdata.xml
2021-12,monthly,material_wholesale_price,"High tensile steel bars, 10mm to 40mm",7424.0,tonne,CLBM_Masterdata.xml
2021-12,monthly,material_wholesale_price,"Non-slip tile, 200mm x 200mm",195.0,square metre,CLBM_Masterdata.xml
2021-12,monthly,material_wholesale_price,"Plywood, formwork, 19mm thick",84.0,square metre,CLBM_Masterdata.xml
2021-12,monthly,material_wholesale_price,Portland cement (ordinary),886.0,tonne,CLBM_Masterdata.xml
2021-12,monthly,material_wholesale_price,Sand,321.0,tonne,CLBM_Masterdata.xml
2021-12,monthly,material_wholesale_price,"Sawn hardwood, 50mm x 75mm column",6565.0,cubic metre,CLBM_Masterdata.xml
2021-12,monthly,material_wholesale_price,Steel flats,15104.0,tonne,CLBM_Masterdata.xml
2021-12,monthly,material_wholesale_price,Steel hollow sections,18664.0,tonne,CLBM_Masterdata.xml
2021-12,monthly,material_wholesale_price,"Steel plate, 4mm thick",8906.0,tonne,CLBM_Masterdata.xml
2021-12,monthly,material_wholesale_price,Steel plates,23610.0,tonne,CLBM_Masterdata.xml
2021-12,monthly,material_wholesale_price,"Tinted glass, 6mm thick",255.0,square metre,CLBM_Masterdata.xml
2021-12,monthly,material_wholesale_price,"Unglazed tiles, 25mm x 25mm",207.0,square metre,CLBM_Masterdata.xml
2022-01,monthly,material_wholesale_price,"100mm diameter pipes, 3m long",567.0,no.,CLBM_Masterdata.xml
2022-01,monthly,material_wholesale_price,"100mm diameter pipes, 6m long",1176.0,no.,CLBM_Masterdata.xml
2022-01,monthly,material_wholesale_price,"22mm diameter pipes, 5.8m long",330.0,no.,CLBM_Masterdata.xml
2022-01,monthly,material_wholesale_price,"32mm diameter pipes, 4m long",56.0,no.,CLBM_Masterdata.xml
2022-01,monthly,material_wholesale_price,Acrylic paint,61.0,litre,CLBM_Masterdata.xml
2022-01,monthly,material_wholesale_price,Aggregates,98.0,tonne,CLBM_Masterdata.xml
2022-01,monthly,material_wholesale_price,Bitumen,8800.0,tonne,CLBM_Masterdata.xml
2022-01,monthly,material_wholesale_price,"Clear float glass, 6mm thick",176.0,square metre,CLBM_Masterdata.xml
2022-01,monthly,material_wholesale_price,"Colour tiles, 200mm x 200mm, include white",443.0,100 pieces,CLBM_Masterdata.xml
2022-01,monthly,material_wholesale_price,"Concrete blocks, 100mm thick",107.0,square metre,CLBM_Masterdata.xml
2022-01,monthly,material_wholesale_price,Emulsion paint,65.0,litre,CLBM_Masterdata.xml
2022-01,monthly,material_wholesale_price,For industrial use (light),2936.0,200-litre drum,CLBM_Masterdata.xml
2022-01,monthly,material_wholesale_price,For road use,1574.0,100 litre,CLBM_Masterdata.xml
2022-01,monthly,material_wholesale_price,"Glazed tiles, 45mm x 45mm",154.0,square metre,CLBM_Masterdata.xml
2022-01,monthly,material_wholesale_price,"High tensile steel bars, 10mm to 40mm",7394.0,tonne,CLBM_Masterdata.xml
2022-01,monthly,material_wholesale_price,"Non-slip tile, 200mm x 200mm",204.0,square metre,CLBM_Masterdata.xml
2022-01,monthly,material_wholesale_price,"Plywood, formwork, 19mm thick",84.0,square metre,CLBM_Masterdata.xml
2022-01,monthly,material_wholesale_price,Portland cement (ordinary),928.0,tonne,CLBM_Masterdata.xml
2022-01,monthly,material_wholesale_price,Sand,324.0,tonne,CLBM_Masterdata.xml
2022-01,monthly,material_wholesale_price,"Sawn hardwood, 50mm x 75mm column",6565.0,cubic metre,CLBM_Masterdata.xml
2022-01,monthly,material_wholesale_price,Steel flats,15392.0,tonne,CLBM_Masterdata.xml
2022-01,monthly,material_wholesale_price,Steel hollow sections,18686.0,tonne,CLBM_Masterdata.xml
2022-01,monthly,material_wholesale_price,"Steel plate, 4mm thick",8842.0,tonne,CLBM_Masterdata.xml
2022-01,monthly,material_wholesale_price,Steel plates,24315.0,tonne,CLBM_Masterdata.xml
2022-01,monthly,material_wholesale_price,"Tinted glass, 6mm thick",255.0,square metre,CLBM_Masterdata.xml
2022-01,monthly,material_wholesale_price,"Unglazed tiles, 25mm x 25mm",207.0,square metre,CLBM_Masterdata.xml
2022-02,monthly,material_wholesale_price,"100mm diameter pipes, 3m long",594.0,no.,CLBM_Masterdata.xml
2022-02,monthly,material_wholesale_price,"100mm diameter pipes, 6m long",1176.0,no.,CLBM_Masterdata.xml
2022-02,monthly,material_wholesale_price,"22mm diameter pipes, 5.8m long",332.0,no.,CLBM_Masterdata.xml
2022-02,monthly,material_wholesale_price,"32mm diameter pipes, 4m long",56.0,no.,CLBM_Masterdata.xml
2022-02,monthly,material_wholesale_price,Acrylic paint,62.0,litre,CLBM_Masterdata.xml
2022-02,monthly,material_wholesale_price,Aggregates,95.0,tonne,CLBM_Masterdata.xml
2022-02,monthly,material_wholesale_price,Bitumen,9400.0,tonne,CLBM_Masterdata.xml
2022-02,monthly,material_wholesale_price,"Clear float glass, 6mm thick",176.0,square metre,CLBM_Masterdata.xml
2022-02,monthly,material_wholesale_price,"Colour tiles, 200mm x 200mm, include white",443.0,100 pieces,CLBM_Masterdata.xml
2022-02,monthly,material_wholesale_price,"Concrete blocks, 100mm thick",109.0,square metre,CLBM_Masterdata.xml
2022-02,monthly,material_wholesale_price,Emulsion paint,65.0,litre,CLBM_Masterdata.xml
2022-02,monthly,material_wholesale_price,For industrial use (light),3023.0,200-litre drum,CLBM_Masterdata.xml
2022-02,monthly,material_wholesale_price,For road use,1639.0,100 litre,CLBM_Masterdata.xml
2022-02,monthly,material_wholesale_price,"Glazed tiles, 45mm x 45mm",154.0,square metre,CLBM_Masterdata.xml
2022-02,monthly,material_wholesale_price,"High tensile steel bars, 10mm to 40mm",7614.0,tonne,CLBM_Masterdata.xml
2022-02,monthly,material_wholesale_price,"Non-slip tile, 200mm x 200mm",204.0,square metre,CLBM_Masterdata.xml
2022-02,monthly,material_wholesale_price,"Plywood, formwork, 19mm thick",84.0,square metre,CLBM_Masterdata.xml
2022-02,monthly,material_wholesale_price,Portland cement (ordinary),927.0,tonne,CLBM_Masterdata.xml
2022-02,monthly,material_wholesale_price,Sand,317.0,tonne,CLBM_Masterdata.xml
2022-02,monthly,material_wholesale_price,"Sawn hardwood, 50mm x 75mm column",6565.0,cubic metre,CLBM_Masterdata.xml
2022-02,monthly,material_wholesale_price,Steel flats,15401.0,tonne,CLBM_Masterdata.xml
2022-02,monthly,material_wholesale_price,Steel hollow sections,18497.0,tonne,CLBM_Masterdata.xml
2022-02,monthly,material_wholesale_price,"Steel plate, 4mm thick",8834.0,tonne,CLBM_Masterdata.xml
2022-02,monthly,material_wholesale_price,Steel plates,24290.0,tonne,CLBM_Masterdata.xml
2022-02,monthly,material_wholesale_price,"Tinted glass, 6mm thick",255.0,square metre,CLBM_Masterdata.xml
2022-02,monthly,material_wholesale_price,"Unglazed tiles, 25mm x 25mm",207.0,square metre,CLBM_Masterdata.xml
2022-03,monthly,material_wholesale_price,"100mm diameter pipes, 3m long",594.0,no.,CLBM_Masterdata.xml
2022-03,monthly,material_wholesale_price,"100mm diameter pipes, 6m long",1176.0,no.,CLBM_Masterdata.xml
2022-03,monthly,material_wholesale_price,"22mm diameter pipes, 5.8m long",332.0,no.,CLBM_Masterdata.xml
2022-03,monthly,material_wholesale_price,"32mm diameter pipes, 4m long",57.0,no.,CLBM_Masterdata.xml
2022-03,monthly,material_wholesale_price,Acrylic paint,62.0,litre,CLBM_Masterdata.xml
2022-03,monthly,material_wholesale_price,Aggregates,103.0,tonne,CLBM_Masterdata.xml
2022-03,monthly,material_wholesale_price,Bitumen,9400.0,tonne,CLBM_Masterdata.xml
2022-03,monthly,material_wholesale_price,"Clear float glass, 6mm thick",178.0,square metre,CLBM_Masterdata.xml
2022-03,monthly,material_wholesale_price,"Colour tiles, 200mm x 200mm, include white",443.0,100 pieces,CLBM_Masterdata.xml
2022-03,monthly,material_wholesale_price,"Concrete blocks, 100mm thick",110.0,square metre,CLBM_Masterdata.xml
2022-03,monthly,material_wholesale_price,Emulsion paint,65.0,litre,CLBM_Masterdata.xml
2022-03,monthly,material_wholesale_price,For industrial use (light),3239.0,200-litre drum,CLBM_Masterdata.xml
2022-03,monthly,material_wholesale_price,For road use,1753.0,100 litre,CLBM_Masterdata.xml
2022-03,monthly,material_wholesale_price,"Glazed tiles, 45mm x 45mm",154.0,square metre,CLBM_Masterdata.xml
2022-03,monthly,material_wholesale_price,"High tensile steel bars, 10mm to 40mm",8012.0,tonne,CLBM_Masterdata.xml
2022-03,monthly,material_wholesale_price,"Non-slip tile, 200mm x 200mm",205.0,square metre,CLBM_Masterdata.xml
2022-03,monthly,material_wholesale_price,"Plywood, formwork, 19mm thick",85.0,square metre,CLBM_Masterdata.xml
2022-03,monthly,material_wholesale_price,Portland cement (ordinary),908.0,tonne,CLBM_Masterdata.xml
2022-03,monthly,material_wholesale_price,Sand,319.0,tonne,CLBM_Masterdata.xml
2022-03,monthly,material_wholesale_price,"Sawn hardwood, 50mm x 75mm column",6565.0,cubic metre,CLBM_Masterdata.xml
2022-03,monthly,material_wholesale_price,Steel flats,15553.0,tonne,CLBM_Masterdata.xml
2022-03,monthly,material_wholesale_price,Steel hollow sections,18497.0,tonne,CLBM_Masterdata.xml
2022-03,monthly,material_wholesale_price,"Steel plate, 4mm thick",8911.0,tonne,CLBM_Masterdata.xml
2022-03,monthly,material_wholesale_price,Steel plates,24326.0,tonne,CLBM_Masterdata.xml
2022-03,monthly,material_wholesale_price,"Tinted glass, 6mm thick",257.0,square metre,CLBM_Masterdata.xml
2022-03,monthly,material_wholesale_price,"Unglazed tiles, 25mm x 25mm",207.0,square metre,CLBM_Masterdata.xml
2022-04,monthly,material_wholesale_price,"100mm diameter pipes, 3m long",594.0,no.,CLBM_Masterdata.xml
2022-04,monthly,material_wholesale_price,"100mm diameter pipes, 6m long",1176.0,no.,CLBM_Masterdata.xml
2022-04,monthly,material_wholesale_price,"22mm diameter pipes, 5.8m long",332.0,no.,CLBM_Masterdata.xml
2022-04,monthly,material_wholesale_price,"32mm diameter pipes, 4m long",57.0,no.,CLBM_Masterdata.xml
2022-04,monthly,material_wholesale_price,Acrylic paint,62.0,litre,CLBM_Masterdata.xml
2022-04,monthly,material_wholesale_price,Aggregates,102.0,tonne,CLBM_Masterdata.xml
2022-04,monthly,material_wholesale_price,Bitumen,9900.0,tonne,CLBM_Masterdata.xml
2022-04,monthly,material_wholesale_price,"Clear float glass, 6mm thick",183.0,square metre,CLBM_Masterdata.xml
2022-04,monthly,material_wholesale_price,"Colour tiles, 200mm x 200mm, include white",444.0,100 pieces,CLBM_Masterdata.xml
2022-04,monthly,material_wholesale_price,"Concrete blocks, 100mm thick",110.0,square metre,CLBM_Masterdata.xml
2022-04,monthly,material_wholesale_price,Emulsion paint,65.0,litre,CLBM_Masterdata.xml
2022-04,monthly,material_wholesale_price,For industrial use (light),3389.0,200-litre drum,CLBM_Masterdata.xml
2022-04,monthly,material_wholesale_price,For road use,1800.0,100 litre,CLBM_Masterdata.xml
2022-04,monthly,material_wholesale_price,"Glazed tiles, 45mm x 45mm",154.0,square metre,CLBM_Masterdata.xml
2022-04,monthly,material_wholesale_price,"High tensile steel bars, 10mm to 40mm",7927.0,tonne,CLBM_Masterdata.xml
2022-04,monthly,material_wholesale_price,"Non-slip tile, 200mm x 200mm",213.0,square metre,CLBM_Masterdata.xml
2022-04,monthly,material_wholesale_price,"Plywood, formwork, 19mm thick",86.0,square metre,CLBM_Masterdata.xml
2022-04,monthly,material_wholesale_price,Portland cement (ordinary),925.0,tonne,CLBM_Masterdata.xml
2022-04,monthly,material_wholesale_price,Sand,318.0,tonne,CLBM_Masterdata.xml
2022-04,monthly,material_wholesale_price,"Sawn hardwood, 50mm x 75mm column",6779.0,cubic metre,CLBM_Masterdata.xml
2022-04,monthly,material_wholesale_price,Steel flats,15553.0,tonne,CLBM_Masterdata.xml
2022-04,monthly,material_wholesale_price,Steel hollow sections,18497.0,tonne,CLBM_Masterdata.xml
2022-04,monthly,material_wholesale_price,"Steel plate, 4mm thick",8950.0,tonne,CLBM_Masterdata.xml
2022-04,monthly,material_wholesale_price,Steel plates,24350.0,tonne,CLBM_Masterdata.xml
2022-04,monthly,material_wholesale_price,"Tinted glass, 6mm thick",261.0,square metre,CLBM_Masterdata.xml
2022-04,monthly,material_wholesale_price,"Unglazed tiles, 25mm x 25mm",207.0,square metre,CLBM_Masterdata.xml
2022-05,monthly,material_wholesale_price,"100mm diameter pipes, 3m long",594.0,no.,CLBM_Masterdata.xml
2022-05,monthly,material_wholesale_price,"100mm diameter pipes, 6m long",1176.0,no.,CLBM_Masterdata.xml
2022-05,monthly,material_wholesale_price,"22mm diameter pipes, 5.8m long",327.0,no.,CLBM_Masterdata.xml
2022-05,monthly,material_wholesale_price,"32mm diameter pipes, 4m long",58.0,no.,CLBM_Masterdata.xml
2022-05,monthly,material_wholesale_price,Acrylic paint,62.0,litre,CLBM_Masterdata.xml
2022-05,monthly,material_wholesale_price,Aggregates,108.0,tonne,CLBM_Masterdata.xml
2022-05,monthly,material_wholesale_price,Bitumen,9900.0,tonne,CLBM_Masterdata.xml
2022-05,monthly,material_wholesale_price,"Clear float glass, 6mm thick",190.0,square metre,CLBM_Masterdata.xml
2022-05,monthly,material_wholesale_price,"Colour tiles, 200mm x 200mm, include white",453.0,100 pieces,CLBM_Masterdata.xml
2022-05,monthly,material_wholesale_price,"Concrete blocks, 100mm thick",111.0,square metre,CLBM_Masterdata.xml
2022-05,monthly,material_wholesale_price,Emulsion paint,65.0,litre,CLBM_Masterdata.xml
2022-05,monthly,material_wholesale_price,For industrial use (light),3456.0,200-litre drum,CLBM_Masterdata.xml
2022-05,monthly,material_wholesale_price,For road use,1853.0,100 litre,CLBM_Masterdata.xml
2022-05,monthly,material_wholesale_price,"Glazed tiles, 45mm x 45mm",154.0,square metre,CLBM_Masterdata.xml
2022-05,monthly,material_wholesale_price,"High tensile steel bars, 10mm to 40mm",7648.0,tonne,CLBM_Masterdata.xml
2022-05,monthly,material_wholesale_price,"Non-slip tile, 200mm x 200mm",213.0,square metre,CLBM_Masterdata.xml
2022-05,monthly,material_wholesale_price,"Plywood, formwork, 19mm thick",87.0,square metre,CLBM_Masterdata.xml
2022-05,monthly,material_wholesale_price,Portland cement (ordinary),935.0,tonne,CLBM_Masterdata.xml
2022-05,monthly,material_wholesale_price,Sand,318.0,tonne,CLBM_Masterdata.xml
2022-05,monthly,material_wholesale_price,"Sawn hardwood, 50mm x 75mm column",6779.0,cubic metre,CLBM_Masterdata.xml
2022-05,monthly,material_wholesale_price,Steel flats,15553.0,tonne,CLBM_Masterdata.xml
2022-05,monthly,material_wholesale_price,Steel hollow sections,18653.0,tonne,CLBM_Masterdata.xml
2022-05,monthly,material_wholesale_price,"Steel plate, 4mm thick",8814.0,tonne,CLBM_Masterdata.xml
2022-05,monthly,material_wholesale_price,Steel plates,24376.0,tonne,CLBM_Masterdata.xml
2022-05,monthly,material_wholesale_price,"Tinted glass, 6mm thick",267.0,square metre,CLBM_Masterdata.xml
2022-05,monthly,material_wholesale_price,"Unglazed tiles, 25mm x 25mm",207.0,square metre,CLBM_Masterdata.xml
2022-06,monthly,material_wholesale_price,"100mm diameter pipes, 3m long",594.0,no.,CLBM_Masterdata.xml
2022-06,monthly,material_wholesale_price,"100mm diameter pipes, 6m long",1176.0,no.,CLBM_Masterdata.xml
2022-06,monthly,material_wholesale_price,"22mm diameter pipes, 5.8m long",327.0,no.,CLBM_Masterdata.xml
2022-06,monthly,material_wholesale_price,"32mm diameter pipes, 4m long",59.0,no.,CLBM_Masterdata.xml
2022-06,monthly,material_wholesale_price,Acrylic paint,63.0,litre,CLBM_Masterdata.xml
2022-06,monthly,material_wholesale_price,Aggregates,117.0,tonne,CLBM_Masterdata.xml
2022-06,monthly,material_wholesale_price,Bitumen,9900.0,tonne,CLBM_Masterdata.xml
2022-06,monthly,material_wholesale_price,"Clear float glass, 6mm thick",190.0,square metre,CLBM_Masterdata.xml
2022-06,monthly,material_wholesale_price,"Colour tiles, 200mm x 200mm, include white",454.0,100 pieces,CLBM_Masterdata.xml
2022-06,monthly,material_wholesale_price,"Concrete blocks, 100mm thick",111.0,square metre,CLBM_Masterdata.xml
2022-06,monthly,material_wholesale_price,Emulsion paint,66.0,litre,CLBM_Masterdata.xml
2022-06,monthly,material_wholesale_price,For industrial use (light),3504.0,200-litre drum,CLBM_Masterdata.xml
2022-06,monthly,material_wholesale_price,For road use,1882.0,100 litre,CLBM_Masterdata.xml
2022-06,monthly,material_wholesale_price,"Glazed tiles, 45mm x 45mm",154.0,square metre,CLBM_Masterdata.xml
2022-06,monthly,material_wholesale_price,"High tensile steel bars, 10mm to 40mm",7393.0,tonne,CLBM_Masterdata.xml
2022-06,monthly,material_wholesale_price,"Non-slip tile, 200mm x 200mm",215.0,square metre,CLBM_Masterdata.xml
2022-06,monthly,material_wholesale_price,"Plywood, formwork, 19mm thick",88.0,square metre,CLBM_Masterdata.xml
2022-06,monthly,material_wholesale_price,Portland cement (ordinary),936.0,tonne,CLBM_Masterdata.xml
2022-06,monthly,material_wholesale_price,Sand,316.0,tonne,CLBM_Masterdata.xml
2022-06,monthly,material_wholesale_price,"Sawn hardwood, 50mm x 75mm column",6779.0,cubic metre,CLBM_Masterdata.xml
2022-06,monthly,material_wholesale_price,Steel flats,16266.0,tonne,CLBM_Masterdata.xml
2022-06,monthly,material_wholesale_price,Steel hollow sections,18641.0,tonne,CLBM_Masterdata.xml
2022-06,monthly,material_wholesale_price,"Steel plate, 4mm thick",8578.0,tonne,CLBM_Masterdata.xml
2022-06,monthly,material_wholesale_price,Steel plates,24364.0,tonne,CLBM_Masterdata.xml
2022-06,monthly,material_wholesale_price,"Tinted glass, 6mm thick",267.0,square metre,CLBM_Masterdata.xml
2022-06,monthly,material_wholesale_price,"Unglazed tiles, 25mm x 25mm",207.0,square metre,CLBM_Masterdata.xml
2022-07,monthly,material_wholesale_price,"100mm diameter pipes, 3m long",594.0,no.,CLBM_Masterdata.xml
2022-07,monthly,material_wholesale_price,"100mm diameter pipes, 6m long",1176.0,no.,CLBM_Masterdata.xml
2022-07,monthly,material_wholesale_price,"22mm diameter pipes, 5.8m long",319.0,no.,CLBM_Masterdata.xml
2022-07,monthly,material_wholesale_price,"32mm diameter pipes, 4m long",59.0,no.,CLBM_Masterdata.xml
2022-07,monthly,material_wholesale_price,Acrylic paint,63.0,litre,CLBM_Masterdata.xml
2022-07,monthly,material_wholesale_price,Aggregates,114.0,tonne,CLBM_Masterdata.xml
2022-07,monthly,material_wholesale_price,Bitumen,9900.0,tonne,CLBM_Masterdata.xml
2022-07,monthly,material_wholesale_price,"Clear float glass, 6mm thick",189.0,square metre,CLBM_Masterdata.xml
2022-07,monthly,material_wholesale_price,"Colour tiles, 200mm x 200mm, include white",454.0,100 pieces,CLBM_Masterdata.xml
2022-07,monthly,material_wholesale_price,"Concrete blocks, 100mm thick",111.0,square metre,CLBM_Masterdata.xml
2022-07,monthly,material_wholesale_price,Emulsion paint,66.0,litre,CLBM_Masterdata.xml
2022-07,monthly,material_wholesale_price,For industrial use (light),3570.0,200-litre drum,CLBM_Masterdata.xml
2022-07,monthly,material_wholesale_price,For road use,1920.0,100 litre,CLBM_Masterdata.xml
2022-07,monthly,material_wholesale_price,"Glazed tiles, 45mm x 45mm",154.0,square metre,CLBM_Masterdata.xml
2022-07,monthly,material_wholesale_price,"High tensile steel bars, 10mm to 40mm",7007.0,tonne,CLBM_Masterdata.xml
2022-07,monthly,material_wholesale_price,"Non-slip tile, 200mm x 200mm",215.0,square metre,CLBM_Masterdata.xml
2022-07,monthly,material_wholesale_price,"Plywood, formwork, 19mm thick",89.0,square metre,CLBM_Masterdata.xml
2022-07,monthly,material_wholesale_price,Portland cement (ordinary),932.0,tonne,CLBM_Masterdata.xml
2022-07,monthly,material_wholesale_price,Sand,310.0,tonne,CLBM_Masterdata.xml
2022-07,monthly,material_wholesale_price,"Sawn hardwood, 50mm x 75mm column",6939.0,cubic metre,CLBM_Masterdata.xml
2022-07,monthly,material_wholesale_price,Steel flats,16113.0,tonne,CLBM_Masterdata.xml
2022-07,monthly,material_wholesale_price,Steel hollow sections,18641.0,tonne,CLBM_Masterdata.xml
2022-07,monthly,material_wholesale_price,"Steel plate, 4mm thick",8492.0,tonne,CLBM_Masterdata.xml
2022-07,monthly,material_wholesale_price,Steel plates,24319.0,tonne,CLBM_Masterdata.xml
2022-07,monthly,material_wholesale_price,"Tinted glass, 6mm thick",266.0,square metre,CLBM_Masterdata.xml
2022-07,monthly,material_wholesale_price,"Unglazed tiles, 25mm x 25mm",207.0,square metre,CLBM_Masterdata.xml
2022-08,monthly,material_wholesale_price,"100mm diameter pipes, 3m long",594.0,no.,CLBM_Masterdata.xml
2022-08,monthly,material_wholesale_price,"100mm diameter pipes, 6m long",1176.0,no.,CLBM_Masterdata.xml
2022-08,monthly,material_wholesale_price,"22mm diameter pipes, 5.8m long",322.0,no.,CLBM_Masterdata.xml
2022-08,monthly,material_wholesale_price,"32mm diameter pipes, 4m long",59.0,no.,CLBM_Masterdata.xml
2022-08,monthly,material_wholesale_price,Acrylic paint,63.0,litre,CLBM_Masterdata.xml
2022-08,monthly,material_wholesale_price,Aggregates,116.0,tonne,CLBM_Masterdata.xml
2022-08,monthly,material_wholesale_price,Bitumen,9900.0,tonne,CLBM_Masterdata.xml
2022-08,monthly,material_wholesale_price,"Clear float glass, 6mm thick",190.0,square metre,CLBM_Masterdata.xml
2022-08,monthly,material_wholesale_price,"Colour tiles, 200mm x 200mm, include white",454.0,100 pieces,CLBM_Masterdata.xml
2022-08,monthly,material_wholesale_price,"Concrete blocks, 100mm thick",111.0,square metre,CLBM_Masterdata.xml
2022-08,monthly,material_wholesale_price,Emulsion paint,66.0,litre,CLBM_Masterdata.xml
2022-08,monthly,material_wholesale_price,For industrial use (light),3448.0,200-litre drum,CLBM_Masterdata.xml
2022-08,monthly,material_wholesale_price,For road use,1863.0,100 litre,CLBM_Masterdata.xml
2022-08,monthly,material_wholesale_price,"Glazed tiles, 45mm x 45mm",154.0,square metre,CLBM_Masterdata.xml
2022-08,monthly,material_wholesale_price,"High tensile steel bars, 10mm to 40mm",6796.0,tonne,CLBM_Masterdata.xml
2022-08,monthly,material_wholesale_price,"Non-slip tile, 200mm x 200mm",217.0,square metre,CLBM_Masterdata.xml
2022-08,monthly,material_wholesale_price,"Plywood, formwork, 19mm thick",89.0,square metre,CLBM_Masterdata.xml
2022-08,monthly,material_wholesale_price,Portland cement (ordinary),931.0,tonne,CLBM_Masterdata.xml
2022-08,monthly,material_wholesale_price,Sand,302.0,tonne,CLBM_Masterdata.xml
2022-08,monthly,material_wholesale_price,"Sawn hardwood, 50mm x 75mm column",6939.0,cubic metre,CLBM_Masterdata.xml
2022-08,monthly,material_wholesale_price,Steel flats,15808.0,tonne,CLBM_Masterdata.xml
2022-08,monthly,material_wholesale_price,Steel hollow sections,19107.0,tonne,CLBM_Masterdata.xml
2022-08,monthly,material_wholesale_price,"Steel plate, 4mm thick",8031.0,tonne,CLBM_Masterdata.xml
2022-08,monthly,material_wholesale_price,Steel plates,23609.0,tonne,CLBM_Masterdata.xml
2022-08,monthly,material_wholesale_price,"Tinted glass, 6mm thick",267.0,square metre,CLBM_Masterdata.xml
2022-08,monthly,material_wholesale_price,"Unglazed tiles, 25mm x 25mm",207.0,square metre,CLBM_Masterdata.xml
2022-09,monthly,material_wholesale_price,"100mm diameter pipes, 3m long",594.0,no.,CLBM_Masterdata.xml
2022-09,monthly,material_wholesale_price,"100mm diameter pipes, 6m long",1176.0,no.,CLBM_Masterdata.xml
2022-09,monthly,material_wholesale_price,"22mm diameter pipes, 5.8m long",322.0,no.,CLBM_Masterdata.xml
2022-09,monthly,material_wholesale_price,"32mm diameter pipes, 4m long",59.0,no.,CLBM_Masterdata.xml
2022-09,monthly,material_wholesale_price,Acrylic paint,63.0,litre,CLBM_Masterdata.xml
2022-09,monthly,material_wholesale_price,Aggregates,113.0,tonne,CLBM_Masterdata.xml
2022-09,monthly,material_wholesale_price,Bitumen,9900.0,tonne,CLBM_Masterdata.xml
2022-09,monthly,material_wholesale_price,"Clear float glass, 6mm thick",190.0,square metre,CLBM_Masterdata.xml
2022-09,monthly,material_wholesale_price,"Colour tiles, 200mm x 200mm, include white",454.0,100 pieces,CLBM_Masterdata.xml
2022-09,monthly,material_wholesale_price,"Concrete blocks, 100mm thick",111.0,square metre,CLBM_Masterdata.xml
2022-09,monthly,material_wholesale_price,Emulsion paint,66.0,litre,CLBM_Masterdata.xml
2022-09,monthly,material_wholesale_price,For industrial use (light),3408.0,200-litre drum,CLBM_Masterdata.xml
2022-09,monthly,material_wholesale_price,For road use,1868.0,100 litre,CLBM_Masterdata.xml
2022-09,monthly,material_wholesale_price,"Glazed tiles, 45mm x 45mm",156.0,square metre,CLBM_Masterdata.xml
2022-09,monthly,material_wholesale_price,"High tensile steel bars, 10mm to 40mm",6566.0,tonne,CLBM_Masterdata.xml
2022-09,monthly,material_wholesale_price,"Non-slip tile, 200mm x 200mm",225.0,square metre,CLBM_Masterdata.xml
2022-09,monthly,material_wholesale_price,"Plywood, formwork, 19mm thick",89.0,square metre,CLBM_Masterdata.xml
2022-09,monthly,material_wholesale_price,Portland cement (ordinary),931.0,tonne,CLBM_Masterdata.xml
2022-09,monthly,material_wholesale_price,Sand,307.0,tonne,CLBM_Masterdata.xml
2022-09,monthly,material_wholesale_price,"Sawn hardwood, 50mm x 75mm column",6939.0,cubic metre,CLBM_Masterdata.xml
2022-09,monthly,material_wholesale_price,Steel flats,15644.0,tonne,CLBM_Masterdata.xml
2022-09,monthly,material_wholesale_price,Steel hollow sections,18996.0,tonne,CLBM_Masterdata.xml
2022-09,monthly,material_wholesale_price,"Steel plate, 4mm thick",7934.0,tonne,CLBM_Masterdata.xml
2022-09,monthly,material_wholesale_price,Steel plates,23552.0,tonne,CLBM_Masterdata.xml
2022-09,monthly,material_wholesale_price,"Tinted glass, 6mm thick",267.0,square metre,CLBM_Masterdata.xml
2022-09,monthly,material_wholesale_price,"Unglazed tiles, 25mm x 25mm",209.0,square metre,CLBM_Masterdata.xml
2022-10,monthly,material_wholesale_price,"100mm diameter pipes, 3m long",594.0,no.,CLBM_Masterdata.xml
2022-10,monthly,material_wholesale_price,"100mm diameter pipes, 6m long",1176.0,no.,CLBM_Masterdata.xml
2022-10,monthly,material_wholesale_price,"22mm diameter pipes, 5.8m long",321.0,no.,CLBM_Masterdata.xml
2022-10,monthly,material_wholesale_price,"32mm diameter pipes, 4m long",59.0,no.,CLBM_Masterdata.xml
2022-10,monthly,material_wholesale_price,Acrylic paint,63.0,litre,CLBM_Masterdata.xml
2022-10,monthly,material_wholesale_price,Aggregates,108.0,tonne,CLBM_Masterdata.xml
2022-10,monthly,material_wholesale_price,Bitumen,9900.0,tonne,CLBM_Masterdata.xml
2022-10,monthly,material_wholesale_price,"Clear float glass, 6mm thick",190.0,square metre,CLBM_Masterdata.xml
2022-10,monthly,material_wholesale_price,"Colour tiles, 200mm x 200mm, include white",454.0,100 pieces,CLBM_Masterdata.xml
2022-10,monthly,material_wholesale_price,"Concrete blocks, 100mm thick",111.0,square metre,CLBM_Masterdata.xml
2022-10,monthly,material_wholesale_price,Emulsion paint,66.0,litre,CLBM_Masterdata.xml
2022-10,monthly,material_wholesale_price,For industrial use (light),3354.0,200-litre drum,CLBM_Masterdata.xml
2022-10,monthly,material_wholesale_price,For road use,1786.0,100 litre,CLBM_Masterdata.xml
2022-10,monthly,material_wholesale_price,"Glazed tiles, 45mm x 45mm",156.0,square metre,CLBM_Masterdata.xml
2022-10,monthly,material_wholesale_price,"High tensile steel bars, 10mm to 40mm",6411.0,tonne,CLBM_Masterdata.xml
2022-10,monthly,material_wholesale_price,"Non-slip tile, 200mm x 200mm",225.0,square metre,CLBM_Masterdata.xml
2022-10,monthly,material_wholesale_price,"Plywood, formwork, 19mm thick",89.0,square metre,CLBM_Masterdata.xml
2022-10,monthly,material_wholesale_price,Portland cement (ordinary),931.0,tonne,CLBM_Masterdata.xml
2022-10,monthly,material_wholesale_price,Sand,294.0,tonne,CLBM_Masterdata.xml
2022-10,monthly,material_wholesale_price,"Sawn hardwood, 50mm x 75mm column",6939.0,cubic metre,CLBM_Masterdata.xml
2022-10,monthly,material_wholesale_price,Steel flats,15337.0,tonne,CLBM_Masterdata.xml
2022-10,monthly,material_wholesale_price,Steel hollow sections,18321.0,tonne,CLBM_Masterdata.xml
2022-10,monthly,material_wholesale_price,"Steel plate, 4mm thick",6956.0,tonne,CLBM_Masterdata.xml
2022-10,monthly,material_wholesale_price,Steel plates,23343.0,tonne,CLBM_Masterdata.xml
2022-10,monthly,material_wholesale_price,"Tinted glass, 6mm thick",267.0,square metre,CLBM_Masterdata.xml
2022-10,monthly,material_wholesale_price,"Unglazed tiles, 25mm x 25mm",209.0,square metre,CLBM_Masterdata.xml
2022-11,monthly,material_wholesale_price,"100mm diameter pipes, 3m long",591.0,no.,CLBM_Masterdata.xml
2022-11,monthly,material_wholesale_price,"100mm diameter pipes, 6m long",1176.0,no.,CLBM_Masterdata.xml
2022-11,monthly,material_wholesale_price,"22mm diameter pipes, 5.8m long",323.0,no.,CLBM_Masterdata.xml
2022-11,monthly,material_wholesale_price,"32mm diameter pipes, 4m long",60.0,no.,CLBM_Masterdata.xml
2022-11,monthly,material_wholesale_price,Acrylic paint,64.0,litre,CLBM_Masterdata.xml
2022-11,monthly,material_wholesale_price,Aggregates,107.0,tonne,CLBM_Masterdata.xml
2022-11,monthly,material_wholesale_price,Bitumen,9900.0,tonne,CLBM_Masterdata.xml
2022-11,monthly,material_wholesale_price,"Clear float glass, 6mm thick",190.0,square metre,CLBM_Masterdata.xml
2022-11,monthly,material_wholesale_price,"Colour tiles, 200mm x 200mm, include white",454.0,100 pieces,CLBM_Masterdata.xml
2022-11,monthly,material_wholesale_price,"Concrete blocks, 100mm thick",111.0,square metre,CLBM_Masterdata.xml
2022-11,monthly,material_wholesale_price,Emulsion paint,66.0,litre,CLBM_Masterdata.xml
2022-11,monthly,material_wholesale_price,For industrial use (light),3381.0,200-litre drum,CLBM_Masterdata.xml
2022-11,monthly,material_wholesale_price,For road use,1796.0,100 litre,CLBM_Masterdata.xml
2022-11,monthly,material_wholesale_price,"Glazed tiles, 45mm x 45mm",156.0,square metre,CLBM_Masterdata.xml
2022-11,monthly,material_wholesale_price,"High tensile steel bars, 10mm to 40mm",6302.0,tonne,CLBM_Masterdata.xml
2022-11,monthly,material_wholesale_price,"Non-slip tile, 200mm x 200mm",225.0,square metre,CLBM_Masterdata.xml
2022-11,monthly,material_wholesale_price,"Plywood, formwork, 19mm thick",89.0,square metre,CLBM_Masterdata.xml
2022-11,monthly,material_wholesale_price,Portland cement (ordinary),931.0,tonne,CLBM_Masterdata.xml
2022-11,monthly,material_wholesale_price,Sand,307.0,tonne,CLBM_Masterdata.xml
2022-11,monthly,material_wholesale_price,"Sawn hardwood, 50mm x 75mm column",6939.0,cubic metre,CLBM_Masterdata.xml
2022-11,monthly,material_wholesale_price,Steel flats,15184.0,tonne,CLBM_Masterdata.xml
2022-11,monthly,material_wholesale_price,Steel hollow sections,18321.0,tonne,CLBM_Masterdata.xml
2022-11,monthly,material_wholesale_price,"Steel plate, 4mm thick",6723.0,tonne,CLBM_Masterdata.xml
2022-11,monthly,material_wholesale_price,Steel plates,23323.0,tonne,CLBM_Masterdata.xml
2022-11,monthly,material_wholesale_price,"Tinted glass, 6mm thick",267.0,square metre,CLBM_Masterdata.xml
2022-11,monthly,material_wholesale_price,"Unglazed tiles, 25mm x 25mm",209.0,square metre,CLBM_Masterdata.xml
2022-12,monthly,material_wholesale_price,"100mm diameter pipes, 3m long",591.0,no.,CLBM_Masterdata.xml
2022-12,monthly,material_wholesale_price,"100mm diameter pipes, 6m long",1176.0,no.,CLBM_Masterdata.xml
2022-12,monthly,material_wholesale_price,"22mm diameter pipes, 5.8m long",326.0,no.,CLBM_Masterdata.xml
2022-12,monthly,material_wholesale_price,"32mm diameter pipes, 4m long",60.0,no.,CLBM_Masterdata.xml
2022-12,monthly,material_wholesale_price,Acrylic paint,64.0,litre,CLBM_Masterdata.xml
2022-12,monthly,material_wholesale_price,Aggregates,108.0,tonne,CLBM_Masterdata.xml
2022-12,monthly,material_wholesale_price,Bitumen,9900.0,tonne,CLBM_Masterdata.xml
2022-12,monthly,material_wholesale_price,"Clear float glass, 6mm thick",190.0,square metre,CLBM_Masterdata.xml
2022-12,monthly,material_wholesale_price,"Colour tiles, 200mm x 200mm, include white",454.0,100 pieces,CLBM_Masterdata.xml
2022-12,monthly,material_wholesale_price,"Concrete blocks, 100mm thick",110.0,square metre,CLBM_Masterdata.xml
2022-12,monthly,material_wholesale_price,Emulsion paint,66.0,litre,CLBM_Masterdata.xml
2022-12,monthly,material_wholesale_price,For industrial use (light),3329.0,200-litre drum,CLBM_Masterdata.xml
2022-12,monthly,material_wholesale_price,For road use,1770.0,100 litre,CLBM_Masterdata.xml
2022-12,monthly,material_wholesale_price,"Glazed tiles, 45mm x 45mm",156.0,square metre,CLBM_Masterdata.xml
2022-12,monthly,material_wholesale_price,"High tensile steel bars, 10mm to 40mm",6456.0,tonne,CLBM_Masterdata.xml
2022-12,monthly,material_wholesale_price,"Non-slip tile, 200mm x 200mm",230.0,square metre,CLBM_Masterdata.xml
2022-12,monthly,material_wholesale_price,"Plywood, formwork, 19mm thick",88.0,square metre,CLBM_Masterdata.xml
2022-12,monthly,material_wholesale_price,Portland cement (ordinary),931.0,tonne,CLBM_Masterdata.xml
2022-12,monthly,material_wholesale_price,Sand,313.0,tonne,CLBM_Masterdata.xml
2022-12,monthly,material_wholesale_price,"Sawn hardwood, 50mm x 75mm column",6939.0,cubic metre,CLBM_Masterdata.xml
2022-12,monthly,material_wholesale_price,Steel flats,14879.0,tonne,CLBM_Masterdata.xml
2022-12,monthly,material_wholesale_price,Steel hollow sections,18292.0,tonne,CLBM_Masterdata.xml
2022-12,monthly,material_wholesale_price,"Steel plate, 4mm thick",6509.0,tonne,CLBM_Masterdata.xml
2022-12,monthly,material_wholesale_price,Steel plates,23241.0,tonne,CLBM_Masterdata.xml
2022-12,monthly,material_wholesale_price,"Tinted glass, 6mm thick",267.0,square metre,CLBM_Masterdata.xml
2022-12,monthly,material_wholesale_price,"Unglazed tiles, 25mm x 25mm",209.0,square metre,CLBM_Masterdata.xml
2023-01,monthly,material_wholesale_price,"100mm diameter pipes, 3m long",623.0,no.,B10600052023MM01B0100.xlsx
2023-01,monthly,material_wholesale_price,"100mm diameter pipes, 6m long",1176.0,no.,B10600052023MM01B0100.xlsx
2023-01,monthly,material_wholesale_price,"22mm diameter pipes, 5.8m long",331.0,no.,B10600052023MM01B0100.xlsx
2023-01,monthly,material_wholesale_price,"32mm diameter pipes, 4m long",60.0,no.,B10600052023MM01B0100.xlsx
2023-01,monthly,material_wholesale_price,Acrylic paint,64.0,litre,B10600052023MM01B0100.xlsx
2023-01,monthly,material_wholesale_price,Aggregates,108.0,tonne,B10600052023MM01B0100.csv
2023-01,monthly,material_wholesale_price,Aggregates,108.0,tonne,B10600052023MM01B0100.xlsx
2023-01,monthly,material_wholesale_price,Bitumen,9500.0,tonne,B10600052023MM01B0100.csv
2023-01,monthly,material_wholesale_price,Bitumen,9500.0,tonne,B10600052023MM01B0100.xlsx
2023-01,monthly,material_wholesale_price,"Clear float glass, 6mm thick",190.0,square metre,B10600052023MM01B0100.xlsx
2023-01,monthly,material_wholesale_price,"Colour tiles, 200mm x 200mm, include white",460.0,100 pieces,B10600052023MM01B0100.xlsx
2023-01,monthly,material_wholesale_price,"Concrete blocks, 100mm thick",109.0,square metre,B10600052023MM01B0100.csv
2023-01,monthly,material_wholesale_price,"Concrete blocks, 100mm thick",109.0,square metre,B10600052023MM01B0100.xlsx
2023-01,monthly,material_wholesale_price,"Copper pipes - 22mm diameter pipes, 5.8m long",331.0,no.,B10600052023MM01B0100.csv
2023-01,monthly,material_wholesale_price,Diesel fuel - For industrial use (light),3290.0,200-litre drum,B10600052023MM01B0100.csv
2023-01,monthly,material_wholesale_price,Diesel fuel - For road use,1747.0,100 litre,B10600052023MM01B0100.csv
2023-01,monthly,material_wholesale_price,Emulsion paint,66.0,litre,B10600052023MM01B0100.xlsx
2023-01,monthly,material_wholesale_price,"Epoxy coated cast iron pipes - 100mm diameter pipes, 3m long",623.0,no.,B10600052023MM01B0100.csv
2023-01,monthly,material_wholesale_price,For industrial use (light),3290.0,200-litre drum,B10600052023MM01B0100.xlsx
2023-01,monthly,material_wholesale_price,For road use,1747.0,100 litre,B10600052023MM01B0100.xlsx
2023-01,monthly,material_wholesale_price,"GMS pipes - 100mm diameter pipes, 6m long",1176.0,no.,B10600052023MM01B0100.csv
2023-01,monthly,material_wholesale_price,Galvanised mild steel - Steel flats,14573.0,tonne,B10600052023MM01B0100.csv
2023-01,monthly,material_wholesale_price,Galvanised mild steel - Steel hollow sections,17253.0,tonne,B10600052023MM01B0100.csv
2023-01,monthly,material_wholesale_price,Galvanised mild steel - Steel plates,21877.0,tonne,B10600052023MM01B0100.csv
2023-01,monthly,material_wholesale_price,"Glass - Clear float glass, 6mm thick",190.0,square metre,B10600052023MM01B0100.csv
2023-01,monthly,material_wholesale_price,"Glass - Tinted glass, 6mm thick",267.0,square metre,B10600052023MM01B0100.csv
2023-01,monthly,material_wholesale_price,"Glazed ceramic wall tiles - Colour tiles, 200mm x 200mm, include white",460.0,100 pieces,B10600052023MM01B0100.csv
2023-01,monthly,material_wholesale_price,"Glazed tiles, 45mm x 45mm",157.0,square metre,B10600052023MM01B0100.xlsx
2023-01,monthly,material_wholesale_price,"High tensile steel bars, 10mm to 40mm",6554.0,tonne,B10600052023MM01B0100.xlsx
2023-01,monthly,material_wholesale_price,"Homogeneous floor tiles - Non-slip tile, 200mm x 200mm",235.0,square metre,B10600052023MM01B0100.csv
2023-01,monthly,material_wholesale_price,"Metal formwork - Steel plate, 4mm thick",6425.0,tonne,B10600052023MM01B0100.csv
2023-01,monthly,material_wholesale_price,"Mosaic tiles - Glazed tiles, 45mm x 45mm",157.0,square metre,B10600052023MM01B0100.csv
2023-01,monthly,material_wholesale_price,"Mosaic tiles - Unglazed tiles, 25mm x 25mm",212.0,square metre,B10600052023MM01B0100.csv
2023-01,monthly,material_wholesale_price,"Non-slip tile, 200mm x 200mm",235.0,square metre,B10600052023MM01B0100.xlsx
2023-01,monthly,material_wholesale_price,Paint - Acrylic paint,64.0,litre,B10600052023MM01B0100.csv
2023-01,monthly,material_wholesale_price,Paint - Emulsion paint,66.0,litre,B10600052023MM01B0100.csv
2023-01,monthly,material_wholesale_price,"Plywood, formwork, 19mm thick",88.0,square metre,B10600052023MM01B0100.xlsx
2023-01,monthly,material_wholesale_price,Portland cement (ordinary),931.0,tonne,B10600052023MM01B0100.csv
2023-01,monthly,material_wholesale_price,Portland cement (ordinary),931.0,tonne,B10600052023MM01B0100.xlsx
2023-01,monthly,material_wholesale_price,Sand,318.0,tonne,B10600052023MM01B0100.csv
2023-01,monthly,material_wholesale_price,Sand,318.0,tonne,B10600052023MM01B0100.xlsx
2023-01,monthly,material_wholesale_price,"Sawn hardwood, 50mm x 75mm column",6939.0,cubic metre,B10600052023MM01B0100.xlsx
2023-01,monthly,material_wholesale_price,Steel flats,14573.0,tonne,B10600052023MM01B0100.xlsx
2023-01,monthly,material_wholesale_price,Steel hollow sections,17253.0,tonne,B10600052023MM01B0100.xlsx
2023-01,monthly,material_wholesale_price,"Steel plate, 4mm thick",6425.0,tonne,B10600052023MM01B0100.xlsx
2023-01,monthly,material_wholesale_price,Steel plates,21877.0,tonne,B10600052023MM01B0100.xlsx
2023-01,monthly,material_wholesale_price,"Steel reinforcement - High tensile steel bars, 10mm to 40mm",6554.0,tonne,B10600052023MM01B0100.csv
2023-01,monthly,material_wholesale_price,"Timber formwork - Plywood, formwork, 19mm thick",88.0,square metre,B10600052023MM01B0100.csv
2023-01,monthly,material_wholesale_price,"Tinted glass, 6mm thick",267.0,square metre,B10600052023MM01B0100.xlsx
2023-01,monthly,material_wholesale_price,"Unglazed tiles, 25mm x 25mm",212.0,square metre,B10600052023MM01B0100.xlsx
2023-01,monthly,material_wholesale_price,"Woodwork - Sawn hardwood, 50mm x 75mm column",6939.0,cubic metre,B10600052023MM01B0100.csv
2023-01,monthly,material_wholesale_price,"uPVC pipes - 32mm diameter pipes, 4m long",60.0,no.,B10600052023MM01B0100.csv
2023-02,monthly,material_wholesale_price,"100mm diameter pipes, 3m long",623.0,no.,B10600052023MM02B0100.xlsx
2023-02,monthly,material_wholesale_price,"100mm diameter pipes, 6m long",1176.0,no.,B10600052023MM02B0100.xlsx
2023-02,monthly,material_wholesale_price,"22mm diameter pipes, 5.8m long",332.0,no.,B10600052023MM02B0100.xlsx
2023-02,monthly,material_wholesale_price,"32mm diameter pipes, 4m long",61.0,no.,B10600052023MM02B0100.xlsx
2023-02,monthly,material_wholesale_price,Acrylic paint,64.0,litre,B10600052023MM02B0100.xlsx
2023-02,monthly,material_wholesale_price,Aggregates,109.0,tonne,B10600052023MM02B0100.csv
2023-02,monthly,material_wholesale_price,Aggregates,109.0,tonne,B10600052023MM02B0100.xlsx
2023-02,monthly,material_wholesale_price,Bitumen,9500.0,tonne,B10600052023MM02B0100.csv
2023-02,monthly,material_wholesale_price,Bitumen,9500.0,tonne,B10600052023MM02B0100.xlsx
2023-02,monthly,material_wholesale_price,"Clear float glass, 6mm thick",190.0,square metre,B10600052023MM02B0100.xlsx
2023-02,monthly,material_wholesale_price,"Colour tiles, 200mm x 200mm, include white",460.0,100 pieces,B10600052023MM02B0100.xlsx
2023-02,monthly,material_wholesale_price,"Concrete blocks, 100mm thick",109.0,square metre,B10600052023MM02B0100.csv
2023-02,monthly,material_wholesale_price,"Concrete blocks, 100mm thick",109.0,square metre,B10600052023MM02B0100.xlsx
2023-02,monthly,material_wholesale_price,"Copper pipes - 22mm diameter pipes, 5.8m long",332.0,no.,B10600052023MM02B0100.csv
2023-02,monthly,material_wholesale_price,Diesel fuel - For industrial use (light),3304.0,200-litre drum,B10600052023MM02B0100.csv
2023-02,monthly,material_wholesale_price,Diesel fuel - For road use,1736.0,100 litre,B10600052023MM02B0100.csv
2023-02,monthly,material_wholesale_price,Emulsion paint,67.0,litre,B10600052023MM02B0100.xlsx
2023-02,monthly,material_wholesale_price,"Epoxy coated cast iron pipes - 100mm diameter pipes, 3m long",623.0,no.,B10600052023MM02B0100.csv
2023-02,monthly,material_wholesale_price,For industrial use (light),3304.0,200-litre drum,B10600052023MM02B0100.xlsx
2023-02,monthly,material_wholesale_price,For road use,1736.0,100 litre,B10600052023MM02B0100.xlsx
2023-02,monthly,material_wholesale_price,"GMS pipes - 100mm diameter pipes, 6m long",1176.0,no.,B10600052023MM02B0100.csv
2023-02,monthly,material_wholesale_price,Galvanised mild steel - Steel flats,14420.0,tonne,B10600052023MM02B0100.csv
2023-02,monthly,material_wholesale_price,Galvanised mild steel - Steel hollow sections,17420.0,tonne,B10600052023MM02B0100.csv
2023-02,monthly,material_wholesale_price,Galvanised mild steel - Steel plates,21864.0,tonne,B10600052023MM02B0100.csv
2023-02,monthly,material_wholesale_price,"Glass - Clear float glass, 6mm thick",190.0,square metre,B10600052023MM02B0100.csv
2023-02,monthly,material_wholesale_price,"Glass - Tinted glass, 6mm thick",267.0,square metre,B10600052023MM02B0100.csv
2023-02,monthly,material_wholesale_price,"Glazed ceramic wall tiles - Colour tiles, 200mm x 200mm, include white",460.0,100 pieces,B10600052023MM02B0100.csv
2023-02,monthly,material_wholesale_price,"Glazed tiles, 45mm x 45mm",157.0,square metre,B10600052023MM02B0100.xlsx
2023-02,monthly,material_wholesale_price,"High tensile steel bars, 10mm to 40mm",6567.0,tonne,B10600052023MM02B0100.xlsx
2023-02,monthly,material_wholesale_price,"Homogeneous floor tiles - Non-slip tile, 200mm x 200mm",238.0,square metre,B10600052023MM02B0100.csv
2023-02,monthly,material_wholesale_price,"Metal formwork - Steel plate, 4mm thick",6400.0,tonne,B10600052023MM02B0100.csv
2023-02,monthly,material_wholesale_price,"Mosaic tiles - Glazed tiles, 45mm x 45mm",157.0,square metre,B10600052023MM02B0100.csv
2023-02,monthly,material_wholesale_price,"Mosaic tiles - Unglazed tiles, 25mm x 25mm",214.0,square metre,B10600052023MM02B0100.csv
2023-02,monthly,material_wholesale_price,"Non-slip tile, 200mm x 200mm",238.0,square metre,B10600052023MM02B0100.xlsx
2023-02,monthly,material_wholesale_price,Paint - Acrylic paint,64.0,litre,B10600052023MM02B0100.csv
2023-02,monthly,material_wholesale_price,Paint - Emulsion paint,67.0,litre,B10600052023MM02B0100.csv
2023-02,monthly,material_wholesale_price,"Plywood, formwork, 19mm thick",88.0,square metre,B10600052023MM02B0100.xlsx
2023-02,monthly,material_wholesale_price,Portland cement (ordinary),931.0,tonne,B10600052023MM02B0100.csv
2023-02,monthly,material_wholesale_price,Portland cement (ordinary),931.0,tonne,B10600052023MM02B0100.xlsx
2023-02,monthly,material_wholesale_price,Sand,318.0,tonne,B10600052023MM02B0100.csv
2023-02,monthly,material_wholesale_price,Sand,318.0,tonne,B10600052023MM02B0100.xlsx
2023-02,monthly,material_wholesale_price,"Sawn hardwood, 50mm x 75mm column",6939.0,cubic metre,B10600052023MM02B0100.xlsx
2023-02,monthly,material_wholesale_price,Steel flats,14420.0,tonne,B10600052023MM02B0100.xlsx
2023-02,monthly,material_wholesale_price,Steel hollow sections,17420.0,tonne,B10600052023MM02B0100.xlsx
2023-02,monthly,material_wholesale_price,"Steel plate, 4mm thick",6400.0,tonne,B10600052023MM02B0100.xlsx
2023-02,monthly,material_wholesale_price,Steel plates,21864.0,tonne,B10600052023MM02B0100.xlsx
2023-02,monthly,material_wholesale_price,"Steel reinforcement - High tensile steel bars, 10mm to 40mm",6567.0,tonne,B10600052023MM02B0100.csv
2023-02,monthly,material_wholesale_price,"Timber formwork - Plywood, formwork, 19mm thick",88.0,square metre,B10600052023MM02B0100.csv
2023-02,monthly,material_wholesale_price,"Tinted glass, 6mm thick",267.0,square metre,B10600052023MM02B0100.xlsx
2023-02,monthly,material_wholesale_price,"Unglazed tiles, 25mm x 25mm",214.0,square metre,B10600052023MM02B0100.xlsx
2023-02,monthly,material_wholesale_price,"Woodwork - Sawn hardwood, 50mm x 75mm column",6939.0,cubic metre,B10600052023MM02B0100.csv
2023-02,monthly,material_wholesale_price,"uPVC pipes - 32mm diameter pipes, 4m long",61.0,no.,B10600052023MM02B0100.csv
2023-03,monthly,material_wholesale_price,"100mm diameter pipes, 3m long",623.0,no.,B10600052023MM03B0100.xlsx
2023-03,monthly,material_wholesale_price,"100mm diameter pipes, 6m long",1176.0,no.,B10600052023MM03B0100.xlsx
2023-03,monthly,material_wholesale_price,"22mm diameter pipes, 5.8m long",331.0,no.,B10600052023MM03B0100.xlsx
2023-03,monthly,material_wholesale_price,"32mm diameter pipes, 4m long",63.0,no.,B10600052023MM03B0100.xlsx
2023-03,monthly,material_wholesale_price,Acrylic paint,64.0,litre,B10600052023MM03B0100.xlsx
2023-03,monthly,material_wholesale_price,Aggregates,109.0,tonne,B10600052023MM03B0100.csv
2023-03,monthly,material_wholesale_price,Aggregates,109.0,tonne,B10600052023MM03B0100.xlsx
2023-03,monthly,material_wholesale_price,Bitumen,9700.0,tonne,B10600052023MM03B0100.csv
2023-03,monthly,material_wholesale_price,Bitumen,9700.0,tonne,B10600052023MM03B0100.xlsx
2023-03,monthly,material_wholesale_price,"Clear float glass, 6mm thick",190.0,square metre,B10600052023MM03B0100.xlsx
2023-03,monthly,material_wholesale_price,"Colour tiles, 200mm x 200mm, include white",462.0,100 pieces,B10600052023MM03B0100.xlsx
2023-03,monthly,material_wholesale_price,"Concrete blocks, 100mm thick",109.0,square metre,B10600052023MM03B0100.csv
2023-03,monthly,material_wholesale_price,"Concrete blocks, 100mm thick",109.0,square metre,B10600052023MM03B0100.xlsx
2023-03,monthly,material_wholesale_price,"Copper pipes - 22mm diameter pipes, 5.8m long",331.0,no.,B10600052023MM03B0100.csv
2023-03,monthly,material_wholesale_price,Diesel fuel - For industrial use (light),3292.0,200-litre drum,B10600052023MM03B0100.csv
2023-03,monthly,material_wholesale_price,Diesel fuel - For road use,1748.0,100 litre,B10600052023MM03B0100.csv
2023-03,monthly,material_wholesale_price,Emulsion paint,67.0,litre,B10600052023MM03B0100.xlsx
2023-03,monthly,material_wholesale_price,"Epoxy coated cast iron pipes - 100mm diameter pipes, 3m long",623.0,no.,B10600052023MM03B0100.csv
2023-03,monthly,material_wholesale_price,For industrial use (light),3292.0,200-litre drum,B10600052023MM03B0100.xlsx
2023-03,monthly,material_wholesale_price,For road use,1748.0,100 litre,B10600052023MM03B0100.xlsx
2023-03,monthly,material_wholesale_price,"GMS pipes - 100mm diameter pipes, 6m long",1176.0,no.,B10600052023MM03B0100.csv
2023-03,monthly,material_wholesale_price,Galvanised mild steel - Steel flats,14414.0,tonne,B10600052023MM03B0100.csv
2023-03,monthly,material_wholesale_price,Galvanised mild steel - Steel hollow sections,17575.0,tonne,B10600052023MM03B0100.csv
2023-03,monthly,material_wholesale_price,Galvanised mild steel - Steel plates,21958.0,tonne,B10600052023MM03B0100.csv
2023-03,monthly,material_wholesale_price,"Glass - Clear float glass, 6mm thick",190.0,square metre,B10600052023MM03B0100.csv
2023-03,monthly,material_wholesale_price,"Glass - Tinted glass, 6mm thick",267.0,square metre,B10600052023MM03B0100.csv
2023-03,monthly,material_wholesale_price,"Glazed ceramic wall tiles - Colour tiles, 200mm x 200mm, include white",462.0,100 pieces,B10600052023MM03B0100.csv
2023-03,monthly,material_wholesale_price,"Glazed tiles, 45mm x 45mm",165.0,square metre,B10600052023MM03B0100.xlsx
2023-03,monthly,material_wholesale_price,"High tensile steel bars, 10mm to 40mm",6578.0,tonne,B10600052023MM03B0100.xlsx
2023-03,monthly,material_wholesale_price,"Homogeneous floor tiles - Non-slip tile, 200mm x 200mm",238.0,square metre,B10600052023MM03B0100.csv
2023-03,monthly,material_wholesale_price,"Metal formwork - Steel plate, 4mm thick",6618.0,tonne,B10600052023MM03B0100.csv
2023-03,monthly,material_wholesale_price,"Mosaic tiles - Glazed tiles, 45mm x 45mm",165.0,square metre,B10600052023MM03B0100.csv
2023-03,monthly,material_wholesale_price,"Mosaic tiles - Unglazed tiles, 25mm x 25mm",220.0,square metre,B10600052023MM03B0100.csv
2023-03,monthly,material_wholesale_price,"Non-slip tile, 200mm x 200mm",238.0,square metre,B10600052023MM03B0100.xlsx
2023-03,monthly,material_wholesale_price,Paint - Acrylic paint,64.0,litre,B10600052023MM03B0100.csv
2023-03,monthly,material_wholesale_price,Paint - Emulsion paint,67.0,litre,B10600052023MM03B0100.csv
2023-03,monthly,material_wholesale_price,"Plywood, formwork, 19mm thick",88.0,square metre,B10600052023MM03B0100.xlsx
2023-03,monthly,material_wholesale_price,Portland cement (ordinary),931.0,tonne,B10600052023MM03B0100.csv
2023-03,monthly,material_wholesale_price,Portland cement (ordinary),931.0,tonne,B10600052023MM03B0100.xlsx
2023-03,monthly,material_wholesale_price,Sand,324.0,tonne,B10600052023MM03B0100.csv
2023-03,monthly,material_wholesale_price,Sand,324.0,tonne,B10600052023MM03B0100.xlsx
2023-03,monthly,material_wholesale_price,"Sawn hardwood, 50mm x 75mm column",6939.0,cubic metre,B10600052023MM03B0100.xlsx
2023-03,monthly,material_wholesale_price,Steel flats,14414.0,tonne,B10600052023MM03B0100.xlsx
2023-03,monthly,material_wholesale_price,Steel hollow sections,17575.0,tonne,B10600052023MM03B0100.xlsx
2023-03,monthly,material_wholesale_price,"Steel plate, 4mm thick",6618.0,tonne,B10600052023MM03B0100.xlsx
2023-03,monthly,material_wholesale_price,Steel plates,21958.0,tonne,B10600052023MM03B0100.xlsx
2023-03,monthly,material_wholesale_price,"Steel reinforcement - High tensile steel bars, 10mm to 40mm",6578.0,tonne,B10600052023MM03B0100.csv
2023-03,monthly,material_wholesale_price,"Timber formwork - Plywood, formwork, 19mm thick",88.0,square metre,B10600052023MM03B0100.csv
2023-03,monthly,material_wholesale_price,"Tinted glass, 6mm thick",267.0,square metre,B10600052023MM03B0100.xlsx
2023-03,monthly,material_wholesale_price,"Unglazed tiles, 25mm x 25mm",220.0,square metre,B10600052023MM03B0100.xlsx
2023-03,monthly,material_wholesale_price,"Woodwork - Sawn hardwood, 50mm x 75mm column",6939.0,cubic metre,B10600052023MM03B0100.csv
2023-03,monthly,material_wholesale_price,"uPVC pipes - 32mm diameter pipes, 4m long",63.0,no.,B10600052023MM03B0100.csv
2023-04,monthly,material_wholesale_price,"100mm diameter pipes, 3m long",623.0,no.,B10600052023MM04B0100.xlsx
2023-04,monthly,material_wholesale_price,"100mm diameter pipes, 6m long",1176.0,no.,B10600052023MM04B0100.xlsx
2023-04,monthly,material_wholesale_price,"22mm diameter pipes, 5.8m long",331.0,no.,B10600052023MM04B0100.xlsx
2023-04,monthly,material_wholesale_price,"32mm diameter pipes, 4m long",63.0,no.,B10600052023MM04B0100.xlsx
2023-04,monthly,material_wholesale_price,Acrylic paint,64.0,litre,B10600052023MM04B0100.xlsx
2023-04,monthly,material_wholesale_price,Aggregates,109.0,tonne,B10600052023MM04B0100.csv
2023-04,monthly,material_wholesale_price,Aggregates,109.0,tonne,B10600052023MM04B0100.xlsx
2023-04,monthly,material_wholesale_price,Bitumen,9700.0,tonne,B10600052023MM04B0100.csv
2023-04,monthly,material_wholesale_price,Bitumen,9700.0,tonne,B10600052023MM04B0100.xlsx
2023-04,monthly,material_wholesale_price,"Clear float glass, 6mm thick",190.0,square metre,B10600052023MM04B0100.xlsx
2023-04,monthly,material_wholesale_price,"Colour tiles, 200mm x 200mm, include white",462.0,100 pieces,B10600052023MM04B0100.xlsx
2023-04,monthly,material_wholesale_price,"Concrete blocks, 100mm thick",109.0,square metre,B10600052023MM04B0100.csv
2023-04,monthly,material_wholesale_price,"Concrete blocks, 100mm thick",109.0,square metre,B10600052023MM04B0100.xlsx
2023-04,monthly,material_wholesale_price,"Copper pipes - 22mm diameter pipes, 5.8m long",331.0,no.,B10600052023MM04B0100.csv
2023-04,monthly,material_wholesale_price,Diesel fuel - For industrial use (light),3270.0,200-litre drum,B10600052023MM04B0100.csv
2023-04,monthly,material_wholesale_price,Diesel fuel - For road use,1783.0,100 litre,B10600052023MM04B0100.csv
2023-04,monthly,material_wholesale_price,Emulsion paint,67.0,litre,B10600052023MM04B0100.xlsx
2023-04,monthly,material_wholesale_price,"Epoxy coated cast iron pipes - 100mm diameter pipes, 3m long",623.0,no.,B10600052023MM04B0100.csv
2023-04,monthly,material_wholesale_price,For industrial use (light),3270.0,200-litre drum,B10600052023MM04B0100.xlsx
2023-04,monthly,material_wholesale_price,For road use,1783.0,100 litre,B10600052023MM04B0100.xlsx
2023-04,monthly,material_wholesale_price,"GMS pipes - 100mm diameter pipes, 6m long",1176.0,no.,B10600052023MM04B0100.csv
2023-04,monthly,material_wholesale_price,Galvanised mild steel - Steel flats,14414.0,tonne,B10600052023MM04B0100.csv
2023-04,monthly,material_wholesale_price,Galvanised mild steel - Steel hollow sections,17575.0,tonne,B10600052023MM04B0100.csv
2023-04,monthly,material_wholesale_price,Galvanised mild steel - Steel plates,21958.0,tonne,B10600052023MM04B0100.csv
2023-04,monthly,material_wholesale_price,"Glass - Clear float glass, 6mm thick",190.0,square metre,B10600052023MM04B0100.csv
2023-04,monthly,material_wholesale_price,"Glass - Tinted glass, 6mm thick",267.0,square metre,B10600052023MM04B0100.csv
2023-04,monthly,material_wholesale_price,"Glazed ceramic wall tiles - Colour tiles, 200mm x 200mm, include white",462.0,100 pieces,B10600052023MM04B0100.csv
2023-04,monthly,material_wholesale_price,"Glazed tiles, 45mm x 45mm",165.0,square metre,B10600052023MM04B0100.xlsx
2023-04,monthly,material_wholesale_price,"High tensile steel bars, 10mm to 40mm",6412.0,tonne,B10600052023MM04B0100.xlsx
2023-04,monthly,material_wholesale_price,"Homogeneous floor tiles - Non-slip tile, 200mm x 200mm",239.0,square metre,B10600052023MM04B0100.csv
2023-04,monthly,material_wholesale_price,"Metal formwork - Steel plate, 4mm thick",6618.0,tonne,B10600052023MM04B0100.csv
2023-04,monthly,material_wholesale_price,"Mosaic tiles - Glazed tiles, 45mm x 45mm",165.0,square metre,B10600052023MM04B0100.csv
2023-04,monthly,material_wholesale_price,"Mosaic tiles - Unglazed tiles, 25mm x 25mm",220.0,square metre,B10600052023MM04B0100.csv
2023-04,monthly,material_wholesale_price,"Non-slip tile, 200mm x 200mm",239.0,square metre,B10600052023MM04B0100.xlsx
2023-04,monthly,material_wholesale_price,Paint - Acrylic paint,64.0,litre,B10600052023MM04B0100.csv
2023-04,monthly,material_wholesale_price,Paint - Emulsion paint,67.0,litre,B10600052023MM04B0100.csv
2023-04,monthly,material_wholesale_price,"Plywood, formwork, 19mm thick",88.0,square metre,B10600052023MM04B0100.xlsx
2023-04,monthly,material_wholesale_price,Portland cement (ordinary),931.0,tonne,B10600052023MM04B0100.csv
2023-04,monthly,material_wholesale_price,Portland cement (ordinary),931.0,tonne,B10600052023MM04B0100.xlsx
2023-04,monthly,material_wholesale_price,Sand,309.0,tonne,B10600052023MM04B0100.csv
2023-04,monthly,material_wholesale_price,Sand,309.0,tonne,B10600052023MM04B0100.xlsx
2023-04,monthly,material_wholesale_price,"Sawn hardwood, 50mm x 75mm column",6939.0,cubic metre,B10600052023MM04B0100.xlsx
2023-04,monthly,material_wholesale_price,Steel flats,14414.0,tonne,B10600052023MM04B0100.xlsx
2023-04,monthly,material_wholesale_price,Steel hollow sections,17575.0,tonne,B10600052023MM04B0100.xlsx
2023-04,monthly,material_wholesale_price,"Steel plate, 4mm thick",6618.0,tonne,B10600052023MM04B0100.xlsx
2023-04,monthly,material_wholesale_price,Steel plates,21958.0,tonne,B10600052023MM04B0100.xlsx
2023-04,monthly,material_wholesale_price,"Steel reinforcement - High tensile steel bars, 10mm to 40mm",6412.0,tonne,B10600052023MM04B0100.csv
2023-04,monthly,material_wholesale_price,"Timber formwork - Plywood, formwork, 19mm thick",88.0,square metre,B10600052023MM04B0100.csv
2023-04,monthly,material_wholesale_price,"Tinted glass, 6mm thick",267.0,square metre,B10600052023MM04B0100.xlsx
2023-04,monthly,material_wholesale_price,"Unglazed tiles, 25mm x 25mm",220.0,square metre,B10600052023MM04B0100.xlsx
2023-04,monthly,material_wholesale_price,"Woodwork - Sawn hardwood, 50mm x 75mm column",6939.0,cubic metre,B10600052023MM04B0100.csv
2023-04,monthly,material_wholesale_price,"uPVC pipes - 32mm diameter pipes, 4m long",63.0,no.,B10600052023MM04B0100.csv
2023-05,monthly,material_wholesale_price,"100mm diameter pipes, 3m long",623.0,no.,B10600052023MM05B0100.xlsx
2023-05,monthly,material_wholesale_price,"100mm diameter pipes, 6m long",1180.0,no.,B10600052023MM05B0100.xlsx
2023-05,monthly,material_wholesale_price,"22mm diameter pipes, 5.8m long",326.0,no.,B10600052023MM05B0100.xlsx
2023-05,monthly,material_wholesale_price,"32mm diameter pipes, 4m long",63.0,no.,B10600052023MM05B0100.xlsx
2023-05,monthly,material_wholesale_price,Acrylic paint,64.0,litre,B10600052023MM05B0100.xlsx
2023-05,monthly,material_wholesale_price,Aggregates,106.0,tonne,B10600052023MM05B0100.csv
2023-05,monthly,material_wholesale_price,Aggregates,106.0,tonne,B10600052023MM05B0100.xlsx
2023-05,monthly,material_wholesale_price,Bitumen,9700.0,tonne,B10600052023MM05B0100.csv
2023-05,monthly,material_wholesale_price,Bitumen,9700.0,tonne,B10600052023MM05B0100.xlsx
2023-05,monthly,material_wholesale_price,"Clear float glass, 6mm thick",190.0,square metre,B10600052023MM05B0100.xlsx
2023-05,monthly,material_wholesale_price,"Colour tiles, 200mm x 200mm, include white",462.0,100 pieces,B10600052023MM05B0100.xlsx
2023-05,monthly,material_wholesale_price,"Concrete blocks, 100mm thick",109.0,square metre,B10600052023MM05B0100.csv
2023-05,monthly,material_wholesale_price,"Concrete blocks, 100mm thick",109.0,square metre,B10600052023MM05B0100.xlsx
2023-05,monthly,material_wholesale_price,"Copper pipes - 22mm diameter pipes, 5.8m long",326.0,no.,B10600052023MM05B0100.csv
2023-05,monthly,material_wholesale_price,Diesel fuel - For industrial use (light),3225.0,200-litre drum,B10600052023MM05B0100.csv
2023-05,monthly,material_wholesale_price,Diesel fuel - For road use,1788.0,100 litre,B10600052023MM05B0100.csv
2023-05,monthly,material_wholesale_price,Emulsion paint,68.0,litre,B10600052023MM05B0100.xlsx
2023-05,monthly,material_wholesale_price,"Epoxy coated cast iron pipes - 100mm diameter pipes, 3m long",623.0,no.,B10600052023MM05B0100.csv
2023-05,monthly,material_wholesale_price,For industrial use (light),3225.0,200-litre drum,B10600052023MM05B0100.xlsx
2023-05,monthly,material_wholesale_price,For road use,1788.0,100 litre,B10600052023MM05B0100.xlsx
2023-05,monthly,material_wholesale_price,"GMS pipes - 100mm diameter pipes, 6m long",1180.0,no.,B10600052023MM05B0100.csv
2023-05,monthly,material_wholesale_price,Galvanised mild steel - Steel flats,14062.0,tonne,B10600052023MM05B0100.csv
2023-05,monthly,material_wholesale_price,Galvanised mild steel - Steel hollow sections,17256.0,tonne,B10600052023MM05B0100.csv
2023-05,monthly,material_wholesale_price,Galvanised mild steel - Steel plates,22148.0,tonne,B10600052023MM05B0100.csv
2023-05,monthly,material_wholesale_price,"Glass - Clear float glass, 6mm thick",190.0,square metre,B10600052023MM05B0100.csv
2023-05,monthly,material_wholesale_price,"Glass - Tinted glass, 6mm thick",267.0,square metre,B10600052023MM05B0100.csv
2023-05,monthly,material_wholesale_price,"Glazed ceramic wall tiles - Colour tiles, 200mm x 200mm, include white",462.0,100 pieces,B10600052023MM05B0100.csv
2023-05,monthly,material_wholesale_price,"Glazed tiles, 45mm x 45mm",173.0,square metre,B10600052023MM05B0100.xlsx
2023-05,monthly,material_wholesale_price,"High tensile steel bars, 10mm to 40mm",6151.0,tonne,B10600052023MM05B0100.xlsx
2023-05,monthly,material_wholesale_price,"Homogeneous floor tiles - Non-slip tile, 200mm x 200mm",239.0,square metre,B10600052023MM05B0100.csv
2023-05,monthly,material_wholesale_price,"Metal formwork - Steel plate, 4mm thick",6601.0,tonne,B10600052023MM05B0100.csv
2023-05,monthly,material_wholesale_price,"Mosaic tiles - Glazed tiles, 45mm x 45mm",173.0,square metre,B10600052023MM05B0100.csv
2023-05,monthly,material_wholesale_price,"Mosaic tiles - Unglazed tiles, 25mm x 25mm",220.0,square metre,B10600052023MM05B0100.csv
2023-05,monthly,material_wholesale_price,"Non-slip tile, 200mm x 200mm",239.0,square metre,B10600052023MM05B0100.xlsx
2023-05,monthly,material_wholesale_price,Paint - Acrylic paint,64.0,litre,B10600052023MM05B0100.csv
2023-05,monthly,material_wholesale_price,Paint - Emulsion paint,68.0,litre,B10600052023MM05B0100.csv
2023-05,monthly,material_wholesale_price,"Plywood, formwork, 19mm thick",88.0,square metre,B10600052023MM05B0100.xlsx
2023-05,monthly,material_wholesale_price,Portland cement (ordinary),932.0,tonne,B10600052023MM05B0100.csv
2023-05,monthly,material_wholesale_price,Portland cement (ordinary),932.0,tonne,B10600052023MM05B0100.xlsx
2023-05,monthly,material_wholesale_price,Sand,316.0,tonne,B10600052023MM05B0100.csv
2023-05,monthly,material_wholesale_price,Sand,316.0,tonne,B10600052023MM05B0100.xlsx
2023-05,monthly,material_wholesale_price,"Sawn hardwood, 50mm x 75mm column",6939.0,cubic metre,B10600052023MM05B0100.xlsx
2023-05,monthly,material_wholesale_price,Steel flats,14062.0,tonne,B10600052023MM05B0100.xlsx
2023-05,monthly,material_wholesale_price,Steel hollow sections,17256.0,tonne,B10600052023MM05B0100.xlsx
2023-05,monthly,material_wholesale_price,"Steel plate, 4mm thick",6601.0,tonne,B10600052023MM05B0100.xlsx
2023-05,monthly,material_wholesale_price,Steel plates,22148.0,tonne,B10600052023MM05B0100.xlsx
2023-05,monthly,material_wholesale_price,"Steel reinforcement - High tensile steel bars, 10mm to 40mm",6151.0,tonne,B10600052023MM05B0100.csv
2023-05,monthly,material_wholesale_price,"Timber formwork - Plywood, formwork, 19mm thick",88.0,square metre,B10600052023MM05B0100.csv
2023-05,monthly,material_wholesale_price,"Tinted glass, 6mm thick",267.0,square metre,B10600052023MM05B0100.xlsx
2023-05,monthly,material_wholesale_price,"Unglazed tiles, 25mm x 25mm",220.0,square metre,B10600052023MM05B0100.xlsx
2023-05,monthly,material_wholesale_price,"Woodwork - Sawn hardwood, 50mm x 75mm column",6939.0,cubic metre,B10600052023MM05B0100.csv
2023-05,monthly,material_wholesale_price,"uPVC pipes - 32mm diameter pipes, 4m long",63.0,no.,B10600052023MM05B0100.csv
2023-06,monthly,material_wholesale_price,"100mm diameter pipes, 3m long",623.0,no.,B10600052023MM06B0100.xlsx
2023-06,monthly,material_wholesale_price,"100mm diameter pipes, 6m long",1180.0,no.,B10600052023MM06B0100.xlsx
2023-06,monthly,material_wholesale_price,"22mm diameter pipes, 5.8m long",327.0,no.,B10600052023MM06B0100.xlsx
2023-06,monthly,material_wholesale_price,"32mm diameter pipes, 4m long",63.0,no.,B10600052023MM06B0100.xlsx
2023-06,monthly,material_wholesale_price,Acrylic paint,65.0,litre,B10600052023MM06B0100.xlsx
2023-06,monthly,material_wholesale_price,Aggregates,106.0,tonne,B10600052023MM06B0100.csv
2023-06,monthly,material_wholesale_price,Aggregates,106.0,tonne,B10600052023MM06B0100.xlsx
2023-06,monthly,material_wholesale_price,Bitumen,9700.0,tonne,B10600052023MM06B0100.csv
2023-06,monthly,material_wholesale_price,Bitumen,9700.0,tonne,B10600052023MM06B0100.xlsx
2023-06,monthly,material_wholesale_price,"Clear float glass, 6mm thick",202.0,square metre,B10600052023MM06B0100.xlsx
2023-06,monthly,material_wholesale_price,"Colour tiles, 200mm x 200mm, include white",462.0,100 pieces,B10600052023MM06B0100.xlsx
2023-06,monthly,material_wholesale_price,"Concrete blocks, 100mm thick",109.0,square metre,B10600052023MM06B0100.csv
2023-06,monthly,material_wholesale_price,"Concrete blocks, 100mm thick",109.0,square metre,B10600052023MM06B0100.xlsx
2023-06,monthly,material_wholesale_price,"Copper pipes - 22mm diameter pipes, 5.8m long",327.0,no.,B10600052023MM06B0100.csv
2023-06,monthly,material_wholesale_price,Diesel fuel - For industrial use (light),3221.0,200-litre drum,B10600052023MM06B0100.csv
2023-06,monthly,material_wholesale_price,Diesel fuel - For road use,1802.0,100 litre,B10600052023MM06B0100.csv
2023-06,monthly,material_wholesale_price,Emulsion paint,68.0,litre,B10600052023MM06B0100.xlsx
2023-06,monthly,material_wholesale_price,"Epoxy coated cast iron pipes - 100mm diameter pipes, 3m long",623.0,no.,B10600052023MM06B0100.csv
2023-06,monthly,material_wholesale_price,For industrial use (light),3221.0,200-litre drum,B10600052023MM06B0100.xlsx
2023-06,monthly,material_wholesale_price,For road use,1802.0,100 litre,B10600052023MM06B0100.xlsx
2023-06,monthly,material_wholesale_price,"GMS pipes - 100mm diameter pipes, 6m long",1180.0,no.,B10600052023MM06B0100.csv
2023-06,monthly,material_wholesale_price,Galvanised mild steel - Steel flats,13101.0,tonne,B10600052023MM06B0100.csv
2023-06,monthly,material_wholesale_price,Galvanised mild steel - Steel hollow sections,17203.0,tonne,B10600052023MM06B0100.csv
2023-06,monthly,material_wholesale_price,Galvanised mild steel - Steel plates,22096.0,tonne,B10600052023MM06B0100.csv
2023-06,monthly,material_wholesale_price,"Glass - Clear float glass, 6mm thick",202.0,square metre,B10600052023MM06B0100.csv
2023-06,monthly,material_wholesale_price,"Glass - Tinted glass, 6mm thick",267.0,square metre,B10600052023MM06B0100.csv
2023-06,monthly,material_wholesale_price,"Glazed ceramic wall tiles - Colour tiles, 200mm x 200mm, include white",462.0,100 pieces,B10600052023MM06B0100.csv
2023-06,monthly,material_wholesale_price,"Glazed tiles, 45mm x 45mm",173.0,square metre,B10600052023MM06B0100.xlsx
2023-06,monthly,material_wholesale_price,"High tensile steel bars, 10mm to 40mm",6043.0,tonne,B10600052023MM06B0100.xlsx
2023-06,monthly,material_wholesale_price,"Homogeneous floor tiles - Non-slip tile, 200mm x 200mm",239.0,square metre,B10600052023MM06B0100.csv
2023-06,monthly,material_wholesale_price,"Metal formwork - Steel plate, 4mm thick",6501.0,tonne,B10600052023MM06B0100.csv
2023-06,monthly,material_wholesale_price,"Mosaic tiles - Glazed tiles, 45mm x 45mm",173.0,square metre,B10600052023MM06B0100.csv
2023-06,monthly,material_wholesale_price,"Mosaic tiles - Unglazed tiles, 25mm x 25mm",220.0,square metre,B10600052023MM06B0100.csv
2023-06,monthly,material_wholesale_price,"Non-slip tile, 200mm x 200mm",239.0,square metre,B10600052023MM06B0100.xlsx
2023-06,monthly,material_wholesale_price,Paint - Acrylic paint,65.0,litre,B10600052023MM06B0100.csv
2023-06,monthly,material_wholesale_price,Paint - Emulsion paint,68.0,litre,B10600052023MM06B0100.csv
2023-06,monthly,material_wholesale_price,"Plywood, formwork, 19mm thick",88.0,square metre,B10600052023MM06B0100.xlsx
2023-06,monthly,material_wholesale_price,Portland cement (ordinary),932.0,tonne,B10600052023MM06B0100.csv
2023-06,monthly,material_wholesale_price,Portland cement (ordinary),932.0,tonne,B10600052023MM06B0100.xlsx
2023-06,monthly,material_wholesale_price,Sand,322.0,tonne,B10600052023MM06B0100.csv
2023-06,monthly,material_wholesale_price,Sand,322.0,tonne,B10600052023MM06B0100.xlsx
2023-06,monthly,material_wholesale_price,"Sawn hardwood, 50mm x 75mm column",6939.0,cubic metre,B10600052023MM06B0100.xlsx
2023-06,monthly,material_wholesale_price,Steel flats,13101.0,tonne,B10600052023MM06B0100.xlsx
2023-06,monthly,material_wholesale_price,Steel hollow sections,17203.0,tonne,B10600052023MM06B0100.xlsx
2023-06,monthly,material_wholesale_price,"Steel plate, 4mm thick",6501.0,tonne,B10600052023MM06B0100.xlsx
2023-06,monthly,material_wholesale_price,Steel plates,22096.0,tonne,B10600052023MM06B0100.xlsx
2023-06,monthly,material_wholesale_price,"Steel reinforcement - High tensile steel bars, 10mm to 40mm",6043.0,tonne,B10600052023MM06B0100.csv
2023-06,monthly,material_wholesale_price,"Timber formwork - Plywood, formwork, 19mm thick",88.0,square metre,B10600052023MM06B0100.csv
2023-06,monthly,material_wholesale_price,"Tinted glass, 6mm thick",267.0,square metre,B10600052023MM06B0100.xlsx
2023-06,monthly,material_wholesale_price,"Unglazed tiles, 25mm x 25mm",220.0,square metre,B10600052023MM06B0100.xlsx
2023-06,monthly,material_wholesale_price,"Woodwork - Sawn hardwood, 50mm x 75mm column",6939.0,cubic metre,B10600052023MM06B0100.csv
2023-06,monthly,material_wholesale_price,"uPVC pipes - 32mm diameter pipes, 4m long",63.0,no.,B10600052023MM06B0100.csv
2023-07,monthly,material_wholesale_price,"100mm diameter pipes, 3m long",623.0,no.,B10600052023MM07B0100.xlsx
2023-07,monthly,material_wholesale_price,"100mm diameter pipes, 6m long",1167.0,no.,B10600052023MM07B0100.xlsx
2023-07,monthly,material_wholesale_price,"22mm diameter pipes, 5.8m long",327.0,no.,B10600052023MM07B0100.xlsx
2023-07,monthly,material_wholesale_price,"32mm diameter pipes, 4m long",62.0,no.,B10600052023MM07B0100.xlsx
2023-07,monthly,material_wholesale_price,Acrylic paint,66.0,litre,B10600052023MM07B0100.xlsx
2023-07,monthly,material_wholesale_price,Aggregates,105.0,tonne,B10600052023MM07B0100.csv
2023-07,monthly,material_wholesale_price,Aggregates,105.0,tonne,B10600052023MM07B0100.xlsx
2023-07,monthly,material_wholesale_price,Bitumen,9700.0,tonne,B10600052023MM07B0100.csv
2023-07,monthly,material_wholesale_price,Bitumen,9700.0,tonne,B10600052023MM07B0100.xlsx
2023-07,monthly,material_wholesale_price,"Clear float glass, 6mm thick",202.0,square metre,B10600052023MM07B0100.xlsx
2023-07,monthly,material_wholesale_price,"Colour tiles, 200mm x 200mm, include white",462.0,100 pieces,B10600052023MM07B0100.xlsx
2023-07,monthly,material_wholesale_price,"Concrete blocks, 100mm thick",109.0,square metre,B10600052023MM07B0100.csv
2023-07,monthly,material_wholesale_price,"Concrete blocks, 100mm thick",109.0,square metre,B10600052023MM07B0100.xlsx
2023-07,monthly,material_wholesale_price,"Copper pipes - 22mm diameter pipes, 5.8m long",327.0,no.,B10600052023MM07B0100.csv
2023-07,monthly,material_wholesale_price,Diesel fuel - For industrial use (light),3258.0,200-litre drum,B10600052023MM07B0100.csv
2023-07,monthly,material_wholesale_price,Diesel fuel - For road use,1817.0,100 litre,B10600052023MM07B0100.csv
2023-07,monthly,material_wholesale_price,Emulsion paint,68.0,litre,B10600052023MM07B0100.xlsx
2023-07,monthly,material_wholesale_price,"Epoxy coated cast iron pipes - 100mm diameter pipes, 3m long",623.0,no.,B10600052023MM07B0100.csv
2023-07,monthly,material_wholesale_price,For industrial use (light),3258.0,200-litre drum,B10600052023MM07B0100.xlsx
2023-07,monthly,material_wholesale_price,For road use,1817.0,100 litre,B10600052023MM07B0100.xlsx
2023-07,monthly,material_wholesale_price,"GMS pipes - 100mm diameter pipes, 6m long",1167.0,no.,B10600052023MM07B0100.csv
2023-07,monthly,material_wholesale_price,Galvanised mild steel - Steel flats,11933.0,tonne,B10600052023MM07B0100.csv
2023-07,monthly,material_wholesale_price,Galvanised mild steel - Steel hollow sections,17064.0,tonne,B10600052023MM07B0100.csv
2023-07,monthly,material_wholesale_price,Galvanised mild steel - Steel plates,21954.0,tonne,B10600052023MM07B0100.csv
2023-07,monthly,material_wholesale_price,"Glass - Clear float glass, 6mm thick",202.0,square metre,B10600052023MM07B0100.csv
2023-07,monthly,material_wholesale_price,"Glass - Tinted glass, 6mm thick",267.0,square metre,B10600052023MM07B0100.csv
2023-07,monthly,material_wholesale_price,"Glazed ceramic wall tiles - Colour tiles, 200mm x 200mm, include white",462.0,100 pieces,B10600052023MM07B0100.csv
2023-07,monthly,material_wholesale_price,"Glazed tiles, 45mm x 45mm",173.0,square metre,B10600052023MM07B0100.xlsx
2023-07,monthly,material_wholesale_price,"High tensile steel bars, 10mm to 40mm",5901.0,tonne,B10600052023MM07B0100.xlsx
2023-07,monthly,material_wholesale_price,"Homogeneous floor tiles - Non-slip tile, 200mm x 200mm",239.0,square metre,B10600052023MM07B0100.csv
2023-07,monthly,material_wholesale_price,"Metal formwork - Steel plate, 4mm thick",6251.0,tonne,B10600052023MM07B0100.csv
2023-07,monthly,material_wholesale_price,"Mosaic tiles - Glazed tiles, 45mm x 45mm",173.0,square metre,B10600052023MM07B0100.csv
2023-07,monthly,material_wholesale_price,"Mosaic tiles - Unglazed tiles, 25mm x 25mm",220.0,square metre,B10600052023MM07B0100.csv
2023-07,monthly,material_wholesale_price,"Non-slip tile, 200mm x 200mm",239.0,square metre,B10600052023MM07B0100.xlsx
2023-07,monthly,material_wholesale_price,Paint - Acrylic paint,66.0,litre,B10600052023MM07B0100.csv
2023-07,monthly,material_wholesale_price,Paint - Emulsion paint,68.0,litre,B10600052023MM07B0100.csv
2023-07,monthly,material_wholesale_price,"Plywood, formwork, 19mm thick",87.0,square metre,B10600052023MM07B0100.xlsx
2023-07,monthly,material_wholesale_price,Portland cement (ordinary),931.0,tonne,B10600052023MM07B0100.csv
2023-07,monthly,material_wholesale_price,Portland cement (ordinary),931.0,tonne,B10600052023MM07B0100.xlsx
2023-07,monthly,material_wholesale_price,Sand,318.0,tonne,B10600052023MM07B0100.csv
2023-07,monthly,material_wholesale_price,Sand,318.0,tonne,B10600052023MM07B0100.xlsx
2023-07,monthly,material_wholesale_price,"Sawn hardwood, 50mm x 75mm column",6939.0,cubic metre,B10600052023MM07B0100.xlsx
2023-07,monthly,material_wholesale_price,Steel flats,11933.0,tonne,B10600052023MM07B0100.xlsx
2023-07,monthly,material_wholesale_price,Steel hollow sections,17064.0,tonne,B10600052023MM07B0100.xlsx
2023-07,monthly,material_wholesale_price,"Steel plate, 4mm thick",6251.0,tonne,B10600052023MM07B0100.xlsx
2023-07,monthly,material_wholesale_price,Steel plates,21954.0,tonne,B10600052023MM07B0100.xlsx
2023-07,monthly,material_wholesale_price,"Steel reinforcement - High tensile steel bars, 10mm to 40mm",5901.0,tonne,B10600052023MM07B0100.csv
2023-07,monthly,material_wholesale_price,"Timber formwork - Plywood, formwork, 19mm thick",87.0,square metre,B10600052023MM07B0100.csv
2023-07,monthly,material_wholesale_price,"Tinted glass, 6mm thick",267.0,square metre,B10600052023MM07B0100.xlsx
2023-07,monthly,material_wholesale_price,"Unglazed tiles, 25mm x 25mm",220.0,square metre,B10600052023MM07B0100.xlsx
2023-07,monthly,material_wholesale_price,"Woodwork - Sawn hardwood, 50mm x 75mm column",6939.0,cubic metre,B10600052023MM07B0100.csv
2023-07,monthly,material_wholesale_price,"uPVC pipes - 32mm diameter pipes, 4m long",62.0,no.,B10600052023MM07B0100.csv
2023-08,monthly,material_wholesale_price,"100mm diameter pipes, 3m long",604.0,no.,B10600052023MM08B0100.xlsx
2023-08,monthly,material_wholesale_price,"100mm diameter pipes, 6m long",1167.0,no.,B10600052023MM08B0100.xlsx
2023-08,monthly,material_wholesale_price,"22mm diameter pipes, 5.8m long",327.0,no.,B10600052023MM08B0100.xlsx
2023-08,monthly,material_wholesale_price,"32mm diameter pipes, 4m long",62.0,no.,B10600052023MM08B0100.xlsx
2023-08,monthly,material_wholesale_price,Acrylic paint,66.0,litre,B10600052023MM08B0100.xlsx
2023-08,monthly,material_wholesale_price,Aggregates,102.0,tonne,B10600052023MM08B0100.csv
2023-08,monthly,material_wholesale_price,Aggregates,102.0,tonne,B10600052023MM08B0100.xlsx
2023-08,monthly,material_wholesale_price,Bitumen,9700.0,tonne,B10600052023MM08B0100.csv
2023-08,monthly,material_wholesale_price,Bitumen,9700.0,tonne,B10600052023MM08B0100.xlsx
2023-08,monthly,material_wholesale_price,"Clear float glass, 6mm thick",202.0,square metre,B10600052023MM08B0100.xlsx
2023-08,monthly,material_wholesale_price,"Colour tiles, 200mm x 200mm, include white",462.0,100 pieces,B10600052023MM08B0100.xlsx
2023-08,monthly,material_wholesale_price,"Concrete blocks, 100mm thick",108.0,square metre,B10600052023MM08B0100.csv
2023-08,monthly,material_wholesale_price,"Concrete blocks, 100mm thick",108.0,square metre,B10600052023MM08B0100.xlsx
2023-08,monthly,material_wholesale_price,"Copper pipes - 22mm diameter pipes, 5.8m long",327.0,no.,B10600052023MM08B0100.csv
2023-08,monthly,material_wholesale_price,Diesel fuel - For industrial use (light),3397.0,200-litre drum,B10600052023MM08B0100.csv
2023-08,monthly,material_wholesale_price,Diesel fuel - For road use,1887.0,100 litre,B10600052023MM08B0100.csv
2023-08,monthly,material_wholesale_price,Emulsion paint,68.0,litre,B10600052023MM08B0100.xlsx
2023-08,monthly,material_wholesale_price,"Epoxy coated cast iron pipes - 100mm diameter pipes, 3m long",604.0,no.,B10600052023MM08B0100.csv
2023-08,monthly,material_wholesale_price,For industrial use (light),3397.0,200-litre drum,B10600052023MM08B0100.xlsx
2023-08,monthly,material_wholesale_price,For road use,1887.0,100 litre,B10600052023MM08B0100.xlsx
2023-08,monthly,material_wholesale_price,"GMS pipes - 100mm diameter pipes, 6m long",1167.0,no.,B10600052023MM08B0100.csv
2023-08,monthly,material_wholesale_price,Galvanised mild steel - Steel flats,11016.0,tonne,B10600052023MM08B0100.csv
2023-08,monthly,material_wholesale_price,Galvanised mild steel - Steel hollow sections,16442.0,tonne,B10600052023MM08B0100.csv
2023-08,monthly,material_wholesale_price,Galvanised mild steel - Steel plates,21880.0,tonne,B10600052023MM08B0100.csv
2023-08,monthly,material_wholesale_price,"Glass - Clear float glass, 6mm thick",202.0,square metre,B10600052023MM08B0100.csv
2023-08,monthly,material_wholesale_price,"Glass - Tinted glass, 6mm thick",267.0,square metre,B10600052023MM08B0100.csv
2023-08,monthly,material_wholesale_price,"Glazed ceramic wall tiles - Colour tiles, 200mm x 200mm, include white",462.0,100 pieces,B10600052023MM08B0100.csv
2023-08,monthly,material_wholesale_price,"Glazed tiles, 45mm x 45mm",173.0,square metre,B10600052023MM08B0100.xlsx
2023-08,monthly,material_wholesale_price,"High tensile steel bars, 10mm to 40mm",5768.0,tonne,B10600052023MM08B0100.xlsx
2023-08,monthly,material_wholesale_price,"Homogeneous floor tiles - Non-slip tile, 200mm x 200mm",239.0,square metre,B10600052023MM08B0100.csv
2023-08,monthly,material_wholesale_price,"Metal formwork - Steel plate, 4mm thick",5925.0,tonne,B10600052023MM08B0100.csv
2023-08,monthly,material_wholesale_price,"Mosaic tiles - Glazed tiles, 45mm x 45mm",173.0,square metre,B10600052023MM08B0100.csv
2023-08,monthly,material_wholesale_price,"Mosaic tiles - Unglazed tiles, 25mm x 25mm",225.0,square metre,B10600052023MM08B0100.csv
2023-08,monthly,material_wholesale_price,"Non-slip tile, 200mm x 200mm",239.0,square metre,B10600052023MM08B0100.xlsx
2023-08,monthly,material_wholesale_price,Paint - Acrylic paint,66.0,litre,B10600052023MM08B0100.csv
2023-08,monthly,material_wholesale_price,Paint - Emulsion paint,68.0,litre,B10600052023MM08B0100.csv
2023-08,monthly,material_wholesale_price,"Plywood, formwork, 19mm thick",87.0,square metre,B10600052023MM08B0100.xlsx
2023-08,monthly,material_wholesale_price,Portland cement (ordinary),930.0,tonne,B10600052023MM08B0100.csv
2023-08,monthly,material_wholesale_price,Portland cement (ordinary),930.0,tonne,B10600052023MM08B0100.xlsx
2023-08,monthly,material_wholesale_price,Sand,317.0,tonne,B10600052023MM08B0100.csv
2023-08,monthly,material_wholesale_price,Sand,317.0,tonne,B10600052023MM08B0100.xlsx
2023-08,monthly,material_wholesale_price,"Sawn hardwood, 50mm x 75mm column",6939.0,cubic metre,B10600052023MM08B0100.xlsx
2023-08,monthly,material_wholesale_price,Steel flats,11016.0,tonne,B10600052023MM08B0100.xlsx
2023-08,monthly,material_wholesale_price,Steel hollow sections,16442.0,tonne,B10600052023MM08B0100.xlsx
2023-08,monthly,material_wholesale_price,"Steel plate, 4mm thick",5925.0,tonne,B10600052023MM08B0100.xlsx
2023-08,monthly,material_wholesale_price,Steel plates,21880.0,tonne,B10600052023MM08B0100.xlsx
2023-08,monthly,material_wholesale_price,"Steel reinforcement - High tensile steel bars, 10mm to 40mm",5768.0,tonne,B10600052023MM08B0100.csv
2023-08,monthly,material_wholesale_price,"Timber formwork - Plywood, formwork, 19mm thick",87.0,square metre,B10600052023MM08B0100.csv
2023-08,monthly,material_wholesale_price,"Tinted glass, 6mm thick",267.0,square metre,B10600052023MM08B0100.xlsx
2023-08,monthly,material_wholesale_price,"Unglazed tiles, 25mm x 25mm",225.0,square metre,B10600052023MM08B0100.xlsx
2023-08,monthly,material_wholesale_price,"Woodwork - Sawn hardwood, 50mm x 75mm column",6939.0,cubic metre,B10600052023MM08B0100.csv
2023-08,monthly,material_wholesale_price,"uPVC pipes - 32mm diameter pipes, 4m long",62.0,no.,B10600052023MM08B0100.csv
2023-09,monthly,material_wholesale_price,"100mm diameter pipes, 3m long",604.0,no.,B10600052023MM09B0100.xlsx
2023-09,monthly,material_wholesale_price,"100mm diameter pipes, 6m long",1112.0,no.,B10600052023MM09B0100.xlsx
2023-09,monthly,material_wholesale_price,"22mm diameter pipes, 5.8m long",326.0,no.,B10600052023MM09B0100.xlsx
2023-09,monthly,material_wholesale_price,"32mm diameter pipes, 4m long",62.0,no.,B10600052023MM09B0100.xlsx
2023-09,monthly,material_wholesale_price,Acrylic paint,66.0,litre,B10600052023MM09B0100.xlsx
2023-09,monthly,material_wholesale_price,Aggregates,106.0,tonne,B10600052023MM09B0100.csv
2023-09,monthly,material_wholesale_price,Aggregates,106.0,tonne,B10600052023MM09B0100.xlsx
2023-09,monthly,material_wholesale_price,Bitumen,9700.0,tonne,B10600052023MM09B0100.csv
2023-09,monthly,material_wholesale_price,Bitumen,9700.0,tonne,B10600052023MM09B0100.xlsx
2023-09,monthly,material_wholesale_price,"Clear float glass, 6mm thick",198.0,square metre,B10600052023MM09B0100.xlsx
2023-09,monthly,material_wholesale_price,"Colour tiles, 200mm x 200mm, include white",462.0,100 pieces,B10600052023MM09B0100.xlsx
2023-09,monthly,material_wholesale_price,"Concrete blocks, 100mm thick",108.0,square metre,B10600052023MM09B0100.csv
2023-09,monthly,material_wholesale_price,"Concrete blocks, 100mm thick",108.0,square metre,B10600052023MM09B0100.xlsx
2023-09,monthly,material_wholesale_price,"Copper pipes - 22mm diameter pipes, 5.8m long",326.0,no.,B10600052023MM09B0100.csv
2023-09,monthly,material_wholesale_price,Diesel fuel - For industrial use (light),3447.0,200-litre drum,B10600052023MM09B0100.csv
2023-09,monthly,material_wholesale_price,Diesel fuel - For road use,1948.0,100 litre,B10600052023MM09B0100.csv
2023-09,monthly,material_wholesale_price,Emulsion paint,68.0,litre,B10600052023MM09B0100.xlsx
2023-09,monthly,material_wholesale_price,"Epoxy coated cast iron pipes - 100mm diameter pipes, 3m long",604.0,no.,B10600052023MM09B0100.csv
2023-09,monthly,material_wholesale_price,For industrial use (light),3447.0,200-litre drum,B10600052023MM09B0100.xlsx
2023-09,monthly,material_wholesale_price,For road use,1948.0,100 litre,B10600052023MM09B0100.xlsx
2023-09,monthly,material_wholesale_price,"GMS pipes - 100mm diameter pipes, 6m long",1112.0,no.,B10600052023MM09B0100.csv
2023-09,monthly,material_wholesale_price,Galvanised mild steel - Steel flats,10274.0,tonne,B10600052023MM09B0100.csv
2023-09,monthly,material_wholesale_price,Galvanised mild steel - Steel hollow sections,16353.0,tonne,B10600052023MM09B0100.csv
2023-09,monthly,material_wholesale_price,Galvanised mild steel - Steel plates,21853.0,tonne,B10600052023MM09B0100.csv
2023-09,monthly,material_wholesale_price,"Glass - Clear float glass, 6mm thick",198.0,square metre,B10600052023MM09B0100.csv
2023-09,monthly,material_wholesale_price,"Glass - Tinted glass, 6mm thick",263.0,square metre,B10600052023MM09B0100.csv
2023-09,monthly,material_wholesale_price,"Glazed ceramic wall tiles - Colour tiles, 200mm x 200mm, include white",462.0,100 pieces,B10600052023MM09B0100.csv
2023-09,monthly,material_wholesale_price,"Glazed tiles, 45mm x 45mm",173.0,square metre,B10600052023MM09B0100.xlsx
2023-09,monthly,material_wholesale_price,"High tensile steel bars, 10mm to 40mm",5730.0,tonne,B10600052023MM09B0100.xlsx
2023-09,monthly,material_wholesale_price,"Homogeneous floor tiles - Non-slip tile, 200mm x 200mm",239.0,square metre,B10600052023MM09B0100.csv
2023-09,monthly,material_wholesale_price,"Metal formwork - Steel plate, 4mm thick",5884.0,tonne,B10600052023MM09B0100.csv
2023-09,monthly,material_wholesale_price,"Mosaic tiles - Glazed tiles, 45mm x 45mm",173.0,square metre,B10600052023MM09B0100.csv
2023-09,monthly,material_wholesale_price,"Mosaic tiles - Unglazed tiles, 25mm x 25mm",225.0,square metre,B10600052023MM09B0100.csv
2023-09,monthly,material_wholesale_price,"Non-slip tile, 200mm x 200mm",239.0,square metre,B10600052023MM09B0100.xlsx
2023-09,monthly,material_wholesale_price,Paint - Acrylic paint,66.0,litre,B10600052023MM09B0100.csv
2023-09,monthly,material_wholesale_price,Paint - Emulsion paint,68.0,litre,B10600052023MM09B0100.csv
2023-09,monthly,material_wholesale_price,"Plywood, formwork, 19mm thick",87.0,square metre,B10600052023MM09B0100.xlsx
2023-09,monthly,material_wholesale_price,Portland cement (ordinary),933.0,tonne,B10600052023MM09B0100.csv
2023-09,monthly,material_wholesale_price,Portland cement (ordinary),933.0,tonne,B10600052023MM09B0100.xlsx
2023-09,monthly,material_wholesale_price,Sand,308.0,tonne,B10600052023MM09B0100.csv
2023-09,monthly,material_wholesale_price,Sand,308.0,tonne,B10600052023MM09B0100.xlsx
2023-09,monthly,material_wholesale_price,"Sawn hardwood, 50mm x 75mm column",6939.0,cubic metre,B10600052023MM09B0100.xlsx
2023-09,monthly,material_wholesale_price,Steel flats,10274.0,tonne,B10600052023MM09B0100.xlsx
2023-09,monthly,material_wholesale_price,Steel hollow sections,16353.0,tonne,B10600052023MM09B0100.xlsx
2023-09,monthly,material_wholesale_price,"Steel plate, 4mm thick",5884.0,tonne,B10600052023MM09B0100.xlsx
2023-09,monthly,material_wholesale_price,Steel plates,21853.0,tonne,B10600052023MM09B0100.xlsx
2023-09,monthly,material_wholesale_price,"Steel reinforcement - High tensile steel bars, 10mm to 40mm",5730.0,tonne,B10600052023MM09B0100.csv
2023-09,monthly,material_wholesale_price,"Timber formwork - Plywood, formwork, 19mm thick",87.0,square metre,B10600052023MM09B0100.csv
2023-09,monthly,material_wholesale_price,"Tinted glass, 6mm thick",263.0,square metre,B10600052023MM09B0100.xlsx
2023-09,monthly,material_wholesale_price,"Unglazed tiles, 25mm x 25mm",225.0,square metre,B10600052023MM09B0100.xlsx
2023-09,monthly,material_wholesale_price,"Woodwork - Sawn hardwood, 50mm x 75mm column",6939.0,cubic metre,B10600052023MM09B0100.csv
2023-09,monthly,material_wholesale_price,"uPVC pipes - 32mm diameter pipes, 4m long",62.0,no.,B10600052023MM09B0100.csv
2023-10,monthly,material_wholesale_price,"100mm diameter pipes, 3m long",604.0,no.,B10600052023MM10B0100.xlsx
2023-10,monthly,material_wholesale_price,"100mm diameter pipes, 6m long",1112.0,no.,B10600052023MM10B0100.xlsx
2023-10,monthly,material_wholesale_price,"22mm diameter pipes, 5.8m long",324.0,no.,B10600052023MM10B0100.xlsx
2023-10,monthly,material_wholesale_price,"32mm diameter pipes, 4m long",62.0,no.,B10600052023MM10B0100.xlsx
2023-10,monthly,material_wholesale_price,Acrylic paint,66.0,litre,B10600052023MM10B0100.xlsx
2023-10,monthly,material_wholesale_price,Aggregates,103.0,tonne,B10600052023MM10B0100.csv
2023-10,monthly,material_wholesale_price,Aggregates,103.0,tonne,B10600052023MM10B0100.xlsx
2023-10,monthly,material_wholesale_price,Bitumen,9700.0,tonne,B10600052023MM10B0100.csv
2023-10,monthly,material_wholesale_price,Bitumen,9700.0,tonne,B10600052023MM10B0100.xlsx
2023-10,monthly,material_wholesale_price,"Clear float glass, 6mm thick",198.0,square metre,B10600052023MM10B0100.xlsx
2023-10,monthly,material_wholesale_price,"Colour tiles, 200mm x 200mm, include white",462.0,100 pieces,B10600052023MM10B0100.xlsx
2023-10,monthly,material_wholesale_price,"Concrete blocks, 100mm thick",108.0,square metre,B10600052023MM10B0100.csv
2023-10,monthly,material_wholesale_price,"Concrete blocks, 100mm thick",108.0,square metre,B10600052023MM10B0100.xlsx
2023-10,monthly,material_wholesale_price,"Copper pipes - 22mm diameter pipes, 5.8m long",324.0,no.,B10600052023MM10B0100.csv
2023-10,monthly,material_wholesale_price,Diesel fuel - For industrial use (light),3524.0,200-litre drum,B10600052023MM10B0100.csv
2023-10,monthly,material_wholesale_price,Diesel fuel - For road use,1984.0,100 litre,B10600052023MM10B0100.csv
2023-10,monthly,material_wholesale_price,Emulsion paint,68.0,litre,B10600052023MM10B0100.xlsx
2023-10,monthly,material_wholesale_price,"Epoxy coated cast iron pipes - 100mm diameter pipes, 3m long",604.0,no.,B10600052023MM10B0100.csv
2023-10,monthly,material_wholesale_price,For industrial use (light),3524.0,200-litre drum,B10600052023MM10B0100.xlsx
2023-10,monthly,material_wholesale_price,For road use,1984.0,100 litre,B10600052023MM10B0100.xlsx
2023-10,monthly,material_wholesale_price,"GMS pipes - 100mm diameter pipes, 6m long",1112.0,no.,B10600052023MM10B0100.csv
2023-10,monthly,material_wholesale_price,Galvanised mild steel - Steel flats,10613.0,tonne,B10600052023MM10B0100.csv
2023-10,monthly,material_wholesale_price,Galvanised mild steel - Steel hollow sections,15417.0,tonne,B10600052023MM10B0100.csv
2023-10,monthly,material_wholesale_price,Galvanised mild steel - Steel plates,20523.0,tonne,B10600052023MM10B0100.csv
2023-10,monthly,material_wholesale_price,"Glass - Clear float glass, 6mm thick",198.0,square metre,B10600052023MM10B0100.csv
2023-10,monthly,material_wholesale_price,"Glass - Tinted glass, 6mm thick",263.0,square metre,B10600052023MM10B0100.csv
2023-10,monthly,material_wholesale_price,"Glazed ceramic wall tiles - Colour tiles, 200mm x 200mm, include white",462.0,100 pieces,B10600052023MM10B0100.csv
2023-10,monthly,material_wholesale_price,"Glazed tiles, 45mm x 45mm",173.0,square metre,B10600052023MM10B0100.xlsx
2023-10,monthly,material_wholesale_price,"High tensile steel bars, 10mm to 40mm",5779.0,tonne,B10600052023MM10B0100.xlsx
2023-10,monthly,material_wholesale_price,"Homogeneous floor tiles - Non-slip tile, 200mm x 200mm",239.0,square metre,B10600052023MM10B0100.csv
2023-10,monthly,material_wholesale_price,"Metal formwork - Steel plate, 4mm thick",5836.0,tonne,B10600052023MM10B0100.csv
2023-10,monthly,material_wholesale_price,"Mosaic tiles - Glazed tiles, 45mm x 45mm",173.0,square metre,B10600052023MM10B0100.csv
2023-10,monthly,material_wholesale_price,"Mosaic tiles - Unglazed tiles, 25mm x 25mm",225.0,square metre,B10600052023MM10B0100.csv
2023-10,monthly,material_wholesale_price,"Non-slip tile, 200mm x 200mm",239.0,square metre,B10600052023MM10B0100.xlsx
2023-10,monthly,material_wholesale_price,Paint - Acrylic paint,66.0,litre,B10600052023MM10B0100.csv
2023-10,monthly,material_wholesale_price,Paint - Emulsion paint,68.0,litre,B10600052023MM10B0100.csv
2023-10,monthly,material_wholesale_price,"Plywood, formwork, 19mm thick",87.0,square metre,B10600052023MM10B0100.xlsx
2023-10,monthly,material_wholesale_price,Portland cement (ordinary),932.0,tonne,B10600052023MM10B0100.csv
2023-10,monthly,material_wholesale_price,Portland cement (ordinary),932.0,tonne,B10600052023MM10B0100.xlsx
2023-10,monthly,material_wholesale_price,Sand,314.0,tonne,B10600052023MM10B0100.csv
2023-10,monthly,material_wholesale_price,Sand,314.0,tonne,B10600052023MM10B0100.xlsx
2023-10,monthly,material_wholesale_price,"Sawn hardwood, 50mm x 75mm column",6939.0,cubic metre,B10600052023MM10B0100.xlsx
2023-10,monthly,material_wholesale_price,Steel flats,10613.0,tonne,B10600052023MM10B0100.xlsx
2023-10,monthly,material_wholesale_price,Steel hollow sections,15417.0,tonne,B10600052023MM10B0100.xlsx
2023-10,monthly,material_wholesale_price,"Steel plate, 4mm thick",5836.0,tonne,B10600052023MM10B0100.xlsx
2023-10,monthly,material_wholesale_price,Steel plates,20523.0,tonne,B10600052023MM10B0100.xlsx
2023-10,monthly,material_wholesale_price,"Steel reinforcement - High tensile steel bars, 10mm to 40mm",5779.0,tonne,B10600052023MM10B0100.csv
2023-10,monthly,material_wholesale_price,"Timber formwork - Plywood, formwork, 19mm thick",87.0,square metre,B10600052023MM10B0100.csv
2023-10,monthly,material_wholesale_price,"Tinted glass, 6mm thick",263.0,square metre,B10600052023MM10B0100.xlsx
2023-10,monthly,material_wholesale_price,"Unglazed tiles, 25mm x 25mm",225.0,square metre,B10600052023MM10B0100.xlsx
2023-10,monthly,material_wholesale_price,"Woodwork - Sawn hardwood, 50mm x 75mm column",6939.0,cubic metre,B10600052023MM10B0100.csv
2023-10,monthly,material_wholesale_price,"uPVC pipes - 32mm diameter pipes, 4m long",62.0,no.,B10600052023MM10B0100.csv
2023-11,monthly,material_wholesale_price,"100mm diameter pipes, 3m long",630.0,no.,B10600052023MM11B0100.xlsx
2023-11,monthly,material_wholesale_price,"100mm diameter pipes, 6m long",1112.0,no.,B10600052023MM11B0100.xlsx
2023-11,monthly,material_wholesale_price,"22mm diameter pipes, 5.8m long",325.0,no.,B10600052023MM11B0100.xlsx
2023-11,monthly,material_wholesale_price,"32mm diameter pipes, 4m long",62.0,no.,B10600052023MM11B0100.xlsx
2023-11,monthly,material_wholesale_price,Acrylic paint,66.0,litre,B10600052023MM11B0100.xlsx
2023-11,monthly,material_wholesale_price,Aggregates,100.0,tonne,B10600052023MM11B0100.csv
2023-11,monthly,material_wholesale_price,Aggregates,100.0,tonne,B10600052023MM11B0100.xlsx
2023-11,monthly,material_wholesale_price,Bitumen,9700.0,tonne,B10600052023MM11B0100.csv
2023-11,monthly,material_wholesale_price,Bitumen,9700.0,tonne,B10600052023MM11B0100.xlsx
2023-11,monthly,material_wholesale_price,"Clear float glass, 6mm thick",198.0,square metre,B10600052023MM11B0100.xlsx
2023-11,monthly,material_wholesale_price,"Colour tiles, 200mm x 200mm, include white",462.0,100 pieces,B10600052023MM11B0100.xlsx
2023-11,monthly,material_wholesale_price,"Concrete blocks, 100mm thick",108.0,square metre,B10600052023MM11B0100.csv
2023-11,monthly,material_wholesale_price,"Concrete blocks, 100mm thick",108.0,square metre,B10600052023MM11B0100.xlsx
2023-11,monthly,material_wholesale_price,"Copper pipes - 22mm diameter pipes, 5.8m long",325.0,no.,B10600052023MM11B0100.csv
2023-11,monthly,material_wholesale_price,Diesel fuel - For industrial use (light),3475.0,200-litre drum,B10600052023MM11B0100.csv
2023-11,monthly,material_wholesale_price,Diesel fuel - For road use,1977.0,100 litre,B10600052023MM11B0100.csv
2023-11,monthly,material_wholesale_price,Emulsion paint,69.0,litre,B10600052023MM11B0100.xlsx
2023-11,monthly,material_wholesale_price,"Epoxy coated cast iron pipes - 100mm diameter pipes, 3m long",630.0,no.,B10600052023MM11B0100.csv
2023-11,monthly,material_wholesale_price,For industrial use (light),3475.0,200-litre drum,B10600052023MM11B0100.xlsx
2023-11,monthly,material_wholesale_price,For road use,1977.0,100 litre,B10600052023MM11B0100.xlsx
2023-11,monthly,material_wholesale_price,"GMS pipes - 100mm diameter pipes, 6m long",1112.0,no.,B10600052023MM11B0100.csv
2023-11,monthly,material_wholesale_price,Galvanised mild steel - Steel flats,11342.0,tonne,B10600052023MM11B0100.csv
2023-11,monthly,material_wholesale_price,Galvanised mild steel - Steel hollow sections,14576.0,tonne,B10600052023MM11B0100.csv
2023-11,monthly,material_wholesale_price,Galvanised mild steel - Steel plates,18961.0,tonne,B10600052023MM11B0100.csv
2023-11,monthly,material_wholesale_price,"Glass - Clear float glass, 6mm thick",198.0,square metre,B10600052023MM11B0100.csv
2023-11,monthly,material_wholesale_price,"Glass - Tinted glass, 6mm thick",263.0,square metre,B10600052023MM11B0100.csv
2023-11,monthly,material_wholesale_price,"Glazed ceramic wall tiles - Colour tiles, 200mm x 200mm, include white",462.0,100 pieces,B10600052023MM11B0100.csv
2023-11,monthly,material_wholesale_price,"Glazed tiles, 45mm x 45mm",173.0,square metre,B10600052023MM11B0100.xlsx
2023-11,monthly,material_wholesale_price,"High tensile steel bars, 10mm to 40mm",5883.0,tonne,B10600052023MM11B0100.xlsx
2023-11,monthly,material_wholesale_price,"Homogeneous floor tiles - Non-slip tile, 200mm x 200mm",241.0,square metre,B10600052023MM11B0100.csv
2023-11,monthly,material_wholesale_price,"Metal formwork - Steel plate, 4mm thick",5811.0,tonne,B10600052023MM11B0100.csv
2023-11,monthly,material_wholesale_price,"Mosaic tiles - Glazed tiles, 45mm x 45mm",173.0,square metre,B10600052023MM11B0100.csv
2023-11,monthly,material_wholesale_price,"Mosaic tiles - Unglazed tiles, 25mm x 25mm",225.0,square metre,B10600052023MM11B0100.csv
2023-11,monthly,material_wholesale_price,"Non-slip tile, 200mm x 200mm",241.0,square metre,B10600052023MM11B0100.xlsx
2023-11,monthly,material_wholesale_price,Paint - Acrylic paint,66.0,litre,B10600052023MM11B0100.csv
2023-11,monthly,material_wholesale_price,Paint - Emulsion paint,69.0,litre,B10600052023MM11B0100.csv
2023-11,monthly,material_wholesale_price,"Plywood, formwork, 19mm thick",87.0,square metre,B10600052023MM11B0100.xlsx
2023-11,monthly,material_wholesale_price,Portland cement (ordinary),941.0,tonne,B10600052023MM11B0100.csv
2023-11,monthly,material_wholesale_price,Portland cement (ordinary),941.0,tonne,B10600052023MM11B0100.xlsx
2023-11,monthly,material_wholesale_price,Sand,315.0,tonne,B10600052023MM11B0100.csv
2023-11,monthly,material_wholesale_price,Sand,315.0,tonne,B10600052023MM11B0100.xlsx
2023-11,monthly,material_wholesale_price,"Sawn hardwood, 50mm x 75mm column",6939.0,cubic metre,B10600052023MM11B0100.xlsx
2023-11,monthly,material_wholesale_price,Steel flats,11342.0,tonne,B10600052023MM11B0100.xlsx
2023-11,monthly,material_wholesale_price,Steel hollow sections,14576.0,tonne,B10600052023MM11B0100.xlsx
2023-11,monthly,material_wholesale_price,"Steel plate, 4mm thick",5811.0,tonne,B10600052023MM11B0100.xlsx
2023-11,monthly,material_wholesale_price,Steel plates,18961.0,tonne,B10600052023MM11B0100.xlsx
2023-11,monthly,material_wholesale_price,"Steel reinforcement - High tensile steel bars, 10mm to 40mm",5883.0,tonne,B10600052023MM11B0100.csv
2023-11,monthly,material_wholesale_price,"Timber formwork - Plywood, formwork, 19mm thick",87.0,square metre,B10600052023MM11B0100.csv
2023-11,monthly,material_wholesale_price,"Tinted glass, 6mm thick",263.0,square metre,B10600052023MM11B0100.xlsx
2023-11,monthly,material_wholesale_price,"Unglazed tiles, 25mm x 25mm",225.0,square metre,B10600052023MM11B0100.xlsx
2023-11,monthly,material_wholesale_price,"Woodwork - Sawn hardwood, 50mm x 75mm column",6939.0,cubic metre,B10600052023MM11B0100.csv
2023-11,monthly,material_wholesale_price,"uPVC pipes - 32mm diameter pipes, 4m long",62.0,no.,B10600052023MM11B0100.csv
2023-12,monthly,material_wholesale_price,"100mm diameter pipes, 3m long",630.0,no.,B10600052023MM12B0100.xlsx
2023-12,monthly,material_wholesale_price,"100mm diameter pipes, 6m long",1112.0,no.,B10600052023MM12B0100.xlsx
2023-12,monthly,material_wholesale_price,"22mm diameter pipes, 5.8m long",327.0,no.,B10600052023MM12B0100.xlsx
2023-12,monthly,material_wholesale_price,"32mm diameter pipes, 4m long",62.0,no.,B10600052023MM12B0100.xlsx
2023-12,monthly,material_wholesale_price,Acrylic paint,66.0,litre,B10600052023MM12B0100.xlsx
2023-12,monthly,material_wholesale_price,Aggregates,99.0,tonne,B10600052023MM12B0100.csv
2023-12,monthly,material_wholesale_price,Aggregates,99.0,tonne,B10600052023MM12B0100.xlsx
2023-12,monthly,material_wholesale_price,Bitumen,9700.0,tonne,B10600052023MM12B0100.csv
2023-12,monthly,material_wholesale_price,Bitumen,9700.0,tonne,B10600052023MM12B0100.xlsx
2023-12,monthly,material_wholesale_price,"Clear float glass, 6mm thick",198.0,square metre,B10600052023MM12B0100.xlsx
2023-12,monthly,material_wholesale_price,"Colour tiles, 200mm x 200mm, include white",462.0,100 pieces,B10600052023MM12B0100.xlsx
2023-12,monthly,material_wholesale_price,"Concrete blocks, 100mm thick",112.0,square metre,B10600052023MM12B0100.csv
2023-12,monthly,material_wholesale_price,"Concrete blocks, 100mm thick",112.0,square metre,B10600052023MM12B0100.xlsx
2023-12,monthly,material_wholesale_price,"Copper pipes - 22mm diameter pipes, 5.8m long",327.0,no.,B10600052023MM12B0100.csv
2023-12,monthly,material_wholesale_price,Diesel fuel - For industrial use (light),3429.0,200-litre drum,B10600052023MM12B0100.csv
2023-12,monthly,material_wholesale_price,Diesel fuel - For road use,1957.0,100 litre,B10600052023MM12B0100.csv
2023-12,monthly,material_wholesale_price,Emulsion paint,69.0,litre,B10600052023MM12B0100.xlsx
2023-12,monthly,material_wholesale_price,"Epoxy coated cast iron pipes - 100mm diameter pipes, 3m long",630.0,no.,B10600052023MM12B0100.csv
2023-12,monthly,material_wholesale_price,For industrial use (light),3429.0,200-litre drum,B10600052023MM12B0100.xlsx
2023-12,monthly,material_wholesale_price,For road use,1957.0,100 litre,B10600052023MM12B0100.xlsx
2023-12,monthly,material_wholesale_price,"GMS pipes - 100mm diameter pipes, 6m long",1112.0,no.,B10600052023MM12B0100.csv
2023-12,monthly,material_wholesale_price,Galvanised mild steel - Steel flats,11941.0,tonne,B10600052023MM12B0100.csv
2023-12,monthly,material_wholesale_price,Galvanised mild steel - Steel hollow sections,14653.0,tonne,B10600052023MM12B0100.csv
2023-12,monthly,material_wholesale_price,Galvanised mild steel - Steel plates,18977.0,tonne,B10600052023MM12B0100.csv
2023-12,monthly,material_wholesale_price,"Glass - Clear float glass, 6mm thick",198.0,square metre,B10600052023MM12B0100.csv
2023-12,monthly,material_wholesale_price,"Glass - Tinted glass, 6mm thick",263.0,square metre,B10600052023MM12B0100.csv
2023-12,monthly,material_wholesale_price,"Glazed ceramic wall tiles - Colour tiles, 200mm x 200mm, include white",462.0,100 pieces,B10600052023MM12B0100.csv
2023-12,monthly,material_wholesale_price,"Glazed tiles, 45mm x 45mm",173.0,square metre,B10600052023MM12B0100.xlsx
2023-12,monthly,material_wholesale_price,"High tensile steel bars, 10mm to 40mm",5979.0,tonne,B10600052023MM12B0100.xlsx
2023-12,monthly,material_wholesale_price,"Homogeneous floor tiles - Non-slip tile, 200mm x 200mm",241.0,square metre,B10600052023MM12B0100.csv
2023-12,monthly,material_wholesale_price,"Metal formwork - Steel plate, 4mm thick",5811.0,tonne,B10600052023MM12B0100.csv
2023-12,monthly,material_wholesale_price,"Mosaic tiles - Glazed tiles, 45mm x 45mm",173.0,square metre,B10600052023MM12B0100.csv
2023-12,monthly,material_wholesale_price,"Mosaic tiles - Unglazed tiles, 25mm x 25mm",225.0,square metre,B10600052023MM12B0100.csv
2023-12,monthly,material_wholesale_price,"Non-slip tile, 200mm x 200mm",241.0,square metre,B10600052023MM12B0100.xlsx
2023-12,monthly,material_wholesale_price,Paint - Acrylic paint,66.0,litre,B10600052023MM12B0100.csv
2023-12,monthly,material_wholesale_price,Paint - Emulsion paint,69.0,litre,B10600052023MM12B0100.csv
2023-12,monthly,material_wholesale_price,"Plywood, formwork, 19mm thick",87.0,square metre,B10600052023MM12B0100.xlsx
2023-12,monthly,material_wholesale_price,Portland cement (ordinary),940.0,tonne,B10600052023MM12B0100.csv
2023-12,monthly,material_wholesale_price,Portland cement (ordinary),940.0,tonne,B10600052023MM12B0100.xlsx
2023-12,monthly,material_wholesale_price,Sand,300.0,tonne,B10600052023MM12B0100.csv
2023-12,monthly,material_wholesale_price,Sand,300.0,tonne,B10600052023MM12B0100.xlsx
2023-12,monthly,material_wholesale_price,"Sawn hardwood, 50mm x 75mm column",6939.0,cubic metre,B10600052023MM12B0100.xlsx
2023-12,monthly,material_wholesale_price,Steel flats,11941.0,tonne,B10600052023MM12B0100.xlsx
2023-12,monthly,material_wholesale_price,Steel hollow sections,14653.0,tonne,B10600052023MM12B0100.xlsx
2023-12,monthly,material_wholesale_price,"Steel plate, 4mm thick",5811.0,tonne,B10600052023MM12B0100.xlsx
2023-12,monthly,material_wholesale_price,Steel plates,18977.0,tonne,B10600052023MM12B0100.xlsx
2023-12,monthly,material_wholesale_price,"Steel reinforcement - High tensile steel bars, 10mm to 40mm",5979.0,tonne,B10600052023MM12B0100.csv
2023-12,monthly,material_wholesale_price,"Timber formwork - Plywood, formwork, 19mm thick",87.0,square metre,B10600052023MM12B0100.csv
2023-12,monthly,material_wholesale_price,"Tinted glass, 6mm thick",263.0,square metre,B10600052023MM12B0100.xlsx
2023-12,monthly,material_wholesale_price,"Unglazed tiles, 25mm x 25mm",225.0,square metre,B10600052023MM12B0100.xlsx
2023-12,monthly,material_wholesale_price,"Woodwork - Sawn hardwood, 50mm x 75mm column",6939.0,cubic metre,B10600052023MM12B0100.csv
2023-12,monthly,material_wholesale_price,"uPVC pipes - 32mm diameter pipes, 4m long",62.0,no.,B10600052023MM12B0100.csv
2024-01,monthly,material_wholesale_price,"100mm diameter pipes, 3m long",640.0,no.,B10600052024MM01B0100.xlsx
2024-01,monthly,material_wholesale_price,"100mm diameter pipes, 6m long",1112.0,no.,B10600052024MM01B0100.xlsx
2024-01,monthly,material_wholesale_price,"22mm diameter pipes, 5.8m long",327.0,no.,B10600052024MM01B0100.xlsx
2024-01,monthly,material_wholesale_price,"32mm diameter pipes, 4m long",62.0,no.,B10600052024MM01B0100.xlsx
2024-01,monthly,material_wholesale_price,Acrylic paint,66.0,litre,B10600052024MM01B0100.xlsx
2024-01,monthly,material_wholesale_price,Aggregates,99.0,tonne,B10600052024MM01B0100.csv
2024-01,monthly,material_wholesale_price,Aggregates,99.0,tonne,B10600052024MM01B0100.xlsx
2024-01,monthly,material_wholesale_price,Bitumen,9700.0,tonne,B10600052024MM01B0100.csv
2024-01,monthly,material_wholesale_price,Bitumen,9700.0,tonne,B10600052024MM01B0100.xlsx
2024-01,monthly,material_wholesale_price,"Clear float glass, 6mm thick",186.0,square metre,B10600052024MM01B0100.xlsx
2024-01,monthly,material_wholesale_price,"Colour tiles, 200mm x 200mm, include white",462.0,100 pieces,B10600052024MM01B0100.xlsx
2024-01,monthly,material_wholesale_price,"Concrete blocks, 100mm thick",112.0,square metre,B10600052024MM01B0100.csv
2024-01,monthly,material_wholesale_price,"Concrete blocks, 100mm thick",112.0,square metre,B10600052024MM01B0100.xlsx
2024-01,monthly,material_wholesale_price,"Copper pipes - 22mm diameter pipes, 5.8m long",327.0,no.,B10600052024MM01B0100.csv
2024-01,monthly,material_wholesale_price,Diesel fuel - For industrial use (light),3443.0,200-litre drum,B10600052024MM01B0100.csv
2024-01,monthly,material_wholesale_price,Diesel fuel - For road use,1953.0,100 litre,B10600052024MM01B0100.csv
2024-01,monthly,material_wholesale_price,Emulsion paint,69.0,litre,B10600052024MM01B0100.xlsx
2024-01,monthly,material_wholesale_price,"Epoxy coated cast iron pipes - 100mm diameter pipes, 3m long",640.0,no.,B10600052024MM01B0100.csv
2024-01,monthly,material_wholesale_price,For industrial use (light),3443.0,200-litre drum,B10600052024MM01B0100.xlsx
2024-01,monthly,material_wholesale_price,For road use,1953.0,100 litre,B10600052024MM01B0100.xlsx
2024-01,monthly,material_wholesale_price,"GMS pipes - 100mm diameter pipes, 6m long",1112.0,no.,B10600052024MM01B0100.csv
2024-01,monthly,material_wholesale_price,Galvanised mild steel - Steel flats,11941.0,tonne,B10600052024MM01B0100.csv
2024-01,monthly,material_wholesale_price,Galvanised mild steel - Steel hollow sections,14653.0,tonne,B10600052024MM01B0100.csv
2024-01,monthly,material_wholesale_price,Galvanised mild steel - Steel plates,18977.0,tonne,B10600052024MM01B0100.csv
2024-01,monthly,material_wholesale_price,"Glass - Clear float glass, 6mm thick",186.0,square metre,B10600052024MM01B0100.csv
2024-01,monthly,material_wholesale_price,"Glass - Tinted glass, 6mm thick",276.0,square metre,B10600052024MM01B0100.csv
2024-01,monthly,material_wholesale_price,"Glazed ceramic wall tiles - Colour tiles, 200mm x 200mm, include white",462.0,100 pieces,B10600052024MM01B0100.csv
2024-01,monthly,material_wholesale_price,"Glazed tiles, 45mm x 45mm",173.0,square metre,B10600052024MM01B0100.xlsx
2024-01,monthly,material_wholesale_price,"High tensile steel bars, 10mm to 40mm",5966.0,tonne,B10600052024MM01B0100.xlsx
2024-01,monthly,material_wholesale_price,"Homogeneous floor tiles - Non-slip tile, 200mm x 200mm",245.0,square metre,B10600052024MM01B0100.csv
2024-01,monthly,material_wholesale_price,"Metal formwork - Steel plate, 4mm thick",5811.0,tonne,B10600052024MM01B0100.csv
2024-01,monthly,material_wholesale_price,"Mosaic tiles - Glazed tiles, 45mm x 45mm",173.0,square metre,B10600052024MM01B0100.csv
2024-01,monthly,material_wholesale_price,"Mosaic tiles - Unglazed tiles, 25mm x 25mm",227.0,square metre,B10600052024MM01B0100.csv
2024-01,monthly,material_wholesale_price,"Non-slip tile, 200mm x 200mm",245.0,square metre,B10600052024MM01B0100.xlsx
2024-01,monthly,material_wholesale_price,Paint - Acrylic paint,66.0,litre,B10600052024MM01B0100.csv
2024-01,monthly,material_wholesale_price,Paint - Emulsion paint,69.0,litre,B10600052024MM01B0100.csv
2024-01,monthly,material_wholesale_price,"Plywood, formwork, 19mm thick",87.0,square metre,B10600052024MM01B0100.xlsx
2024-01,monthly,material_wholesale_price,Portland cement (ordinary),938.0,tonne,B10600052024MM01B0100.csv
2024-01,monthly,material_wholesale_price,Portland cement (ordinary),938.0,tonne,B10600052024MM01B0100.xlsx
2024-01,monthly,material_wholesale_price,Sand,303.0,tonne,B10600052024MM01B0100.csv
2024-01,monthly,material_wholesale_price,Sand,303.0,tonne,B10600052024MM01B0100.xlsx
2024-01,monthly,material_wholesale_price,"Sawn hardwood, 50mm x 75mm column",6939.0,cubic metre,B10600052024MM01B0100.xlsx
2024-01,monthly,material_wholesale_price,Steel flats,11941.0,tonne,B10600052024MM01B0100.xlsx
2024-01,monthly,material_wholesale_price,Steel hollow sections,14653.0,tonne,B10600052024MM01B0100.xlsx
2024-01,monthly,material_wholesale_price,"Steel plate, 4mm thick",5811.0,tonne,B10600052024MM01B0100.xlsx
2024-01,monthly,material_wholesale_price,Steel plates,18977.0,tonne,B10600052024MM01B0100.xlsx
2024-01,monthly,material_wholesale_price,"Steel reinforcement - High tensile steel bars, 10mm to 40mm",5966.0,tonne,B10600052024MM01B0100.csv
2024-01,monthly,material_wholesale_price,"Timber formwork - Plywood, formwork, 19mm thick",87.0,square metre,B10600052024MM01B0100.csv
2024-01,monthly,material_wholesale_price,"Tinted glass, 6mm thick",276.0,square metre,B10600052024MM01B0100.xlsx
2024-01,monthly,material_wholesale_price,"Unglazed tiles, 25mm x 25mm",227.0,square metre,B10600052024MM01B0100.xlsx
2024-01,monthly,material_wholesale_price,"Woodwork - Sawn hardwood, 50mm x 75mm column",6939.0,cubic metre,B10600052024MM01B0100.csv
2024-01,monthly,material_wholesale_price,"uPVC pipes - 32mm diameter pipes, 4m long",62.0,no.,B10600052024MM01B0100.csv
2024-02,monthly,material_wholesale_price,"100mm diameter pipes, 3m long",640.0,no.,B10600052024MM02B0100.xlsx
2024-02,monthly,material_wholesale_price,"100mm diameter pipes, 6m long",1112.0,no.,B10600052024MM02B0100.xlsx
2024-02,monthly,material_wholesale_price,"22mm diameter pipes, 5.8m long",327.0,no.,B10600052024MM02B0100.xlsx
2024-02,monthly,material_wholesale_price,"32mm diameter pipes, 4m long",62.0,no.,B10600052024MM02B0100.xlsx
2024-02,monthly,material_wholesale_price,Acrylic paint,67.0,litre,B10600052024MM02B0100.xlsx
2024-02,monthly,material_wholesale_price,Aggregates,94.0,tonne,B10600052024MM02B0100.csv
2024-02,monthly,material_wholesale_price,Aggregates,94.0,tonne,B10600052024MM02B0100.xlsx
2024-02,monthly,material_wholesale_price,Bitumen,9700.0,tonne,B10600052024MM02B0100.csv
2024-02,monthly,material_wholesale_price,Bitumen,9700.0,tonne,B10600052024MM02B0100.xlsx
2024-02,monthly,material_wholesale_price,"Clear float glass, 6mm thick",186.0,square metre,B10600052024MM02B0100.xlsx
2024-02,monthly,material_wholesale_price,"Colour tiles, 200mm x 200mm, include white",464.0,100 pieces,B10600052024MM02B0100.xlsx
2024-02,monthly,material_wholesale_price,"Concrete blocks, 100mm thick",112.0,square metre,B10600052024MM02B0100.csv
2024-02,monthly,material_wholesale_price,"Concrete blocks, 100mm thick",112.0,square metre,B10600052024MM02B0100.xlsx
2024-02,monthly,material_wholesale_price,"Copper pipes - 22mm diameter pipes, 5.8m long",327.0,no.,B10600052024MM02B0100.csv
2024-02,monthly,material_wholesale_price,Diesel fuel - For industrial use (light),3516.0,200-litre drum,B10600052024MM02B0100.csv
2024-02,monthly,material_wholesale_price,Diesel fuel - For road use,1994.0,100 litre,B10600052024MM02B0100.csv
2024-02,monthly,material_wholesale_price,Emulsion paint,69.0,litre,B10600052024MM02B0100.xlsx
2024-02,monthly,material_wholesale_price,"Epoxy coated cast iron pipes - 100mm diameter pipes, 3m long",640.0,no.,B10600052024MM02B0100.csv
2024-02,monthly,material_wholesale_price,For industrial use (light),3516.0,200-litre drum,B10600052024MM02B0100.xlsx
2024-02,monthly,material_wholesale_price,For road use,1994.0,100 litre,B10600052024MM02B0100.xlsx
2024-02,monthly,material_wholesale_price,"GMS pipes - 100mm diameter pipes, 6m long",1112.0,no.,B10600052024MM02B0100.csv
2024-02,monthly,material_wholesale_price,Galvanised mild steel - Steel flats,11941.0,tonne,B10600052024MM02B0100.csv
2024-02,monthly,material_wholesale_price,Galvanised mild steel - Steel hollow sections,14653.0,tonne,B10600052024MM02B0100.csv
2024-02,monthly,material_wholesale_price,Galvanised mild steel - Steel plates,18977.0,tonne,B10600052024MM02B0100.csv
2024-02,monthly,material_wholesale_price,"Glass - Clear float glass, 6mm thick",186.0,square metre,B10600052024MM02B0100.csv
2024-02,monthly,material_wholesale_price,"Glass - Tinted glass, 6mm thick",276.0,square metre,B10600052024MM02B0100.csv
2024-02,monthly,material_wholesale_price,"Glazed ceramic wall tiles - Colour tiles, 200mm x 200mm, include white",464.0,100 pieces,B10600052024MM02B0100.csv
2024-02,monthly,material_wholesale_price,"Glazed tiles, 45mm x 45mm",175.0,square metre,B10600052024MM02B0100.xlsx
2024-02,monthly,material_wholesale_price,"High tensile steel bars, 10mm to 40mm",5952.0,tonne,B10600052024MM02B0100.xlsx
2024-02,monthly,material_wholesale_price,"Homogeneous floor tiles - Non-slip tile, 200mm x 200mm",245.0,square metre,B10600052024MM02B0100.csv
2024-02,monthly,material_wholesale_price,"Metal formwork - Steel plate, 4mm thick",5819.0,tonne,B10600052024MM02B0100.csv
2024-02,monthly,material_wholesale_price,"Mosaic tiles - Glazed tiles, 45mm x 45mm",175.0,square metre,B10600052024MM02B0100.csv
2024-02,monthly,material_wholesale_price,"Mosaic tiles - Unglazed tiles, 25mm x 25mm",227.0,square metre,B10600052024MM02B0100.csv
2024-02,monthly,material_wholesale_price,"Non-slip tile, 200mm x 200mm",245.0,square metre,B10600052024MM02B0100.xlsx
2024-02,monthly,material_wholesale_price,Paint - Acrylic paint,67.0,litre,B10600052024MM02B0100.csv
2024-02,monthly,material_wholesale_price,Paint - Emulsion paint,69.0,litre,B10600052024MM02B0100.csv
2024-02,monthly,material_wholesale_price,"Plywood, formwork, 19mm thick",87.0,square metre,B10600052024MM02B0100.xlsx
2024-02,monthly,material_wholesale_price,Portland cement (ordinary),935.0,tonne,B10600052024MM02B0100.csv
2024-02,monthly,material_wholesale_price,Portland cement (ordinary),935.0,tonne,B10600052024MM02B0100.xlsx
2024-02,monthly,material_wholesale_price,Sand,308.0,tonne,B10600052024MM02B0100.csv
2024-02,monthly,material_wholesale_price,Sand,308.0,tonne,B10600052024MM02B0100.xlsx
2024-02,monthly,material_wholesale_price,"Sawn hardwood, 50mm x 75mm column",6939.0,cubic metre,B10600052024MM02B0100.xlsx
2024-02,monthly,material_wholesale_price,Steel flats,11941.0,tonne,B10600052024MM02B0100.xlsx
2024-02,monthly,material_wholesale_price,Steel hollow sections,14653.0,tonne,B10600052024MM02B0100.xlsx
2024-02,monthly,material_wholesale_price,"Steel plate, 4mm thick",5819.0,tonne,B10600052024MM02B0100.xlsx
2024-02,monthly,material_wholesale_price,Steel plates,18977.0,tonne,B10600052024MM02B0100.xlsx
2024-02,monthly,material_wholesale_price,"Steel reinforcement - High tensile steel bars, 10mm to 40mm",5952.0,tonne,B10600052024MM02B0100.csv
2024-02,monthly,material_wholesale_price,"Timber formwork - Plywood, formwork, 19mm thick",87.0,square metre,B10600052024MM02B0100.csv
2024-02,monthly,material_wholesale_price,"Tinted glass, 6mm thick",276.0,square metre,B10600052024MM02B0100.xlsx
2024-02,monthly,material_wholesale_price,"Unglazed tiles, 25mm x 25mm",227.0,square metre,B10600052024MM02B0100.xlsx
2024-02,monthly,material_wholesale_price,"Woodwork - Sawn hardwood, 50mm x 75mm column",6939.0,cubic metre,B10600052024MM02B0100.csv
2024-02,monthly,material_wholesale_price,"uPVC pipes - 32mm diameter pipes, 4m long",62.0,no.,B10600052024MM02B0100.csv
2024-03,monthly,material_wholesale_price,"100mm diameter pipes, 3m long",640.0,no.,B10600052024MM03B0100.xlsx
2024-03,monthly,material_wholesale_price,"100mm diameter pipes, 6m long",1112.0,no.,B10600052024MM03B0100.xlsx
2024-03,monthly,material_wholesale_price,"22mm diameter pipes, 5.8m long",330.0,no.,B10600052024MM03B0100.xlsx
2024-03,monthly,material_wholesale_price,"32mm diameter pipes, 4m long",62.0,no.,B10600052024MM03B0100.xlsx
2024-03,monthly,material_wholesale_price,Acrylic paint,67.0,litre,B10600052024MM03B0100.xlsx
2024-03,monthly,material_wholesale_price,Aggregates,94.0,tonne,B10600052024MM03B0100.csv
2024-03,monthly,material_wholesale_price,Aggregates,94.0,tonne,B10600052024MM03B0100.xlsx
2024-03,monthly,material_wholesale_price,Bitumen,9700.0,tonne,B10600052024MM03B0100.csv
2024-03,monthly,material_wholesale_price,Bitumen,9700.0,tonne,B10600052024MM03B0100.xlsx
2024-03,monthly,material_wholesale_price,"Clear float glass, 6mm thick",186.0,square metre,B10600052024MM03B0100.xlsx
2024-03,monthly,material_wholesale_price,"Colour tiles, 200mm x 200mm, include white",464.0,100 pieces,B10600052024MM03B0100.xlsx
2024-03,monthly,material_wholesale_price,"Concrete blocks, 100mm thick",111.0,square metre,B10600052024MM03B0100.csv
2024-03,monthly,material_wholesale_price,"Concrete blocks, 100mm thick",111.0,square metre,B10600052024MM03B0100.xlsx
2024-03,monthly,material_wholesale_price,"Copper pipes - 22mm diameter pipes, 5.8m long",330.0,no.,B10600052024MM03B0100.csv
2024-03,monthly,material_wholesale_price,Diesel fuel - For industrial use (light),3511.0,200-litre drum,B10600052024MM03B0100.csv
2024-03,monthly,material_wholesale_price,Diesel fuel - For road use,2026.0,100 litre,B10600052024MM03B0100.csv
2024-03,monthly,material_wholesale_price,Emulsion paint,69.0,litre,B10600052024MM03B0100.xlsx
2024-03,monthly,material_wholesale_price,"Epoxy coated cast iron pipes - 100mm diameter pipes, 3m long",640.0,no.,B10600052024MM03B0100.csv
2024-03,monthly,material_wholesale_price,For industrial use (light),3511.0,200-litre drum,B10600052024MM03B0100.xlsx
2024-03,monthly,material_wholesale_price,For road use,2026.0,100 litre,B10600052024MM03B0100.xlsx
2024-03,monthly,material_wholesale_price,"GMS pipes - 100mm diameter pipes, 6m long",1112.0,no.,B10600052024MM03B0100.csv
2024-03,monthly,material_wholesale_price,Galvanised mild steel - Steel flats,11941.0,tonne,B10600052024MM03B0100.csv
2024-03,monthly,material_wholesale_price,Galvanised mild steel - Steel hollow sections,14609.0,tonne,B10600052024MM03B0100.csv
2024-03,monthly,material_wholesale_price,Galvanised mild steel - Steel plates,18977.0,tonne,B10600052024MM03B0100.csv
2024-03,monthly,material_wholesale_price,"Glass - Clear float glass, 6mm thick",186.0,square metre,B10600052024MM03B0100.csv
2024-03,monthly,material_wholesale_price,"Glass - Tinted glass, 6mm thick",276.0,square metre,B10600052024MM03B0100.csv
2024-03,monthly,material_wholesale_price,"Glazed ceramic wall tiles - Colour tiles, 200mm x 200mm, include white",464.0,100 pieces,B10600052024MM03B0100.csv
2024-03,monthly,material_wholesale_price,"Glazed tiles, 45mm x 45mm",175.0,square metre,B10600052024MM03B0100.xlsx
2024-03,monthly,material_wholesale_price,"High tensile steel bars, 10mm to 40mm",5728.0,tonne,B10600052024MM03B0100.xlsx
2024-03,monthly,material_wholesale_price,"Homogeneous floor tiles - Non-slip tile, 200mm x 200mm",245.0,square metre,B10600052024MM03B0100.csv
2024-03,monthly,material_wholesale_price,"Metal formwork - Steel plate, 4mm thick",5811.0,tonne,B10600052024MM03B0100.csv
2024-03,monthly,material_wholesale_price,"Mosaic tiles - Glazed tiles, 45mm x 45mm",175.0,square metre,B10600052024MM03B0100.csv
2024-03,monthly,material_wholesale_price,"Mosaic tiles - Unglazed tiles, 25mm x 25mm",227.0,square metre,B10600052024MM03B0100.csv
2024-03,monthly,material_wholesale_price,"Non-slip tile, 200mm x 200mm",245.0,square metre,B10600052024MM03B0100.xlsx
2024-03,monthly,material_wholesale_price,Paint - Acrylic paint,67.0,litre,B10600052024MM03B0100.csv
2024-03,monthly,material_wholesale_price,Paint - Emulsion paint,69.0,litre,B10600052024MM03B0100.csv
2024-03,monthly,material_wholesale_price,"Plywood, formwork, 19mm thick",87.0,square metre,B10600052024MM03B0100.xlsx
2024-03,monthly,material_wholesale_price,Portland cement (ordinary),934.0,tonne,B10600052024MM03B0100.csv
2024-03,monthly,material_wholesale_price,Portland cement (ordinary),934.0,tonne,B10600052024MM03B0100.xlsx
2024-03,monthly,material_wholesale_price,Sand,303.0,tonne,B10600052024MM03B0100.csv
2024-03,monthly,material_wholesale_price,Sand,303.0,tonne,B10600052024MM03B0100.xlsx
2024-03,monthly,material_wholesale_price,"Sawn hardwood, 50mm x 75mm column",6939.0,cubic metre,B10600052024MM03B0100.xlsx
2024-03,monthly,material_wholesale_price,Steel flats,11941.0,tonne,B10600052024MM03B0100.xlsx
2024-03,monthly,material_wholesale_price,Steel hollow sections,14609.0,tonne,B10600052024MM03B0100.xlsx
2024-03,monthly,material_wholesale_price,"Steel plate, 4mm thick",5811.0,tonne,B10600052024MM03B0100.xlsx
2024-03,monthly,material_wholesale_price,Steel plates,18977.0,tonne,B10600052024MM03B0100.xlsx
2024-03,monthly,material_wholesale_price,"Steel reinforcement - High tensile steel bars, 10mm to 40mm",5728.0,tonne,B10600052024MM03B0100.csv
2024-03,monthly,material_wholesale_price,"Timber formwork - Plywood, formwork, 19mm thick",87.0,square metre,B10600052024MM03B0100.csv
2024-03,monthly,material_wholesale_price,"Tinted glass, 6mm thick",276.0,square metre,B10600052024MM03B0100.xlsx
2024-03,monthly,material_wholesale_price,"Unglazed tiles, 25mm x 25mm",227.0,square metre,B10600052024MM03B0100.xlsx
2024-03,monthly,material_wholesale_price,"Woodwork - Sawn hardwood, 50mm x 75mm column",6939.0,cubic metre,B10600052024MM03B0100.csv
2024-03,monthly,material_wholesale_price,"uPVC pipes - 32mm diameter pipes, 4m long",62.0,no.,B10600052024MM03B0100.csv
2024-04,monthly,material_wholesale_price,"100mm diameter pipes, 3m long",640.0,no.,B10600052024MM04B0100.xlsx
2024-04,monthly,material_wholesale_price,"100mm diameter pipes, 6m long",1112.0,no.,B10600052024MM04B0100.xlsx
2024-04,monthly,material_wholesale_price,"22mm diameter pipes, 5.8m long",338.0,no.,B10600052024MM04B0100.xlsx
2024-04,monthly,material_wholesale_price,"32mm diameter pipes, 4m long",62.0,no.,B10600052024MM04B0100.xlsx
2024-04,monthly,material_wholesale_price,Acrylic paint,67.0,litre,B10600052024MM04B0100.xlsx
2024-04,monthly,material_wholesale_price,Aggregates,97.0,tonne,B10600052024MM04B0100.csv
2024-04,monthly,material_wholesale_price,Aggregates,97.0,tonne,B10600052024MM04B0100.xlsx
2024-04,monthly,material_wholesale_price,Bitumen,9700.0,tonne,B10600052024MM04B0100.csv
2024-04,monthly,material_wholesale_price,Bitumen,9700.0,tonne,B10600052024MM04B0100.xlsx
2024-04,monthly,material_wholesale_price,"Clear float glass, 6mm thick",174.0,square metre,B10600052024MM04B0100.xlsx
2024-04,monthly,material_wholesale_price,"Colour tiles, 200mm x 200mm, include white",464.0,100 pieces,B10600052024MM04B0100.xlsx
2024-04,monthly,material_wholesale_price,"Concrete blocks, 100mm thick",111.0,square metre,B10600052024MM04B0100.csv
2024-04,monthly,material_wholesale_price,"Concrete blocks, 100mm thick",111.0,square metre,B10600052024MM04B0100.xlsx
2024-04,monthly,material_wholesale_price,"Copper pipes - 22mm diameter pipes, 5.8m long",338.0,no.,B10600052024MM04B0100.csv
2024-04,monthly,material_wholesale_price,Diesel fuel - For industrial use (light),3532.0,200-litre drum,B10600052024MM04B0100.csv
2024-04,monthly,material_wholesale_price,Diesel fuel - For road use,2037.0,100 litre,B10600052024MM04B0100.csv
2024-04,monthly,material_wholesale_price,Emulsion paint,69.0,litre,B10600052024MM04B0100.xlsx
2024-04,monthly,material_wholesale_price,"Epoxy coated cast iron pipes - 100mm diameter pipes, 3m long",640.0,no.,B10600052024MM04B0100.csv
2024-04,monthly,material_wholesale_price,For industrial use (light),3532.0,200-litre drum,B10600052024MM04B0100.xlsx
2024-04,monthly,material_wholesale_price,For road use,2037.0,100 litre,B10600052024MM04B0100.xlsx
2024-04,monthly,material_wholesale_price,"GMS pipes - 100mm diameter pipes, 6m long",1112.0,no.,B10600052024MM04B0100.csv
2024-04,monthly,material_wholesale_price,Galvanised mild steel - Steel flats,11941.0,tonne,B10600052024MM04B0100.csv
2024-04,monthly,material_wholesale_price,Galvanised mild steel - Steel hollow sections,14609.0,tonne,B10600052024MM04B0100.csv
2024-04,monthly,material_wholesale_price,Galvanised mild steel - Steel plates,18977.0,tonne,B10600052024MM04B0100.csv
2024-04,monthly,material_wholesale_price,"Glass - Clear float glass, 6mm thick",174.0,square metre,B10600052024MM04B0100.csv
2024-04,monthly,material_wholesale_price,"Glass - Tinted glass, 6mm thick",281.0,square metre,B10600052024MM04B0100.csv
2024-04,monthly,material_wholesale_price,"Glazed ceramic wall tiles - Colour tiles, 200mm x 200mm, include white",464.0,100 pieces,B10600052024MM04B0100.csv
2024-04,monthly,material_wholesale_price,"Glazed tiles, 45mm x 45mm",175.0,square metre,B10600052024MM04B0100.xlsx
2024-04,monthly,material_wholesale_price,"High tensile steel bars, 10mm to 40mm",5603.0,tonne,B10600052024MM04B0100.xlsx
2024-04,monthly,material_wholesale_price,"Homogeneous floor tiles - Non-slip tile, 200mm x 200mm",245.0,square metre,B10600052024MM04B0100.csv
2024-04,monthly,material_wholesale_price,"Metal formwork - Steel plate, 4mm thick",5811.0,tonne,B10600052024MM04B0100.csv
2024-04,monthly,material_wholesale_price,"Mosaic tiles - Glazed tiles, 45mm x 45mm",175.0,square metre,B10600052024MM04B0100.csv
2024-04,monthly,material_wholesale_price,"Mosaic tiles - Unglazed tiles, 25mm x 25mm",227.0,square metre,B10600052024MM04B0100.csv
2024-04,monthly,material_wholesale_price,"Non-slip tile, 200mm x 200mm",245.0,square metre,B10600052024MM04B0100.xlsx
2024-04,monthly,material_wholesale_price,Paint - Acrylic paint,67.0,litre,B10600052024MM04B0100.csv
2024-04,monthly,material_wholesale_price,Paint - Emulsion paint,69.0,litre,B10600052024MM04B0100.csv
2024-04,monthly,material_wholesale_price,"Plywood, formwork, 19mm thick",87.0,square metre,B10600052024MM04B0100.xlsx
2024-04,monthly,material_wholesale_price,Portland cement (ordinary),933.0,tonne,B10600052024MM04B0100.csv
2024-04,monthly,material_wholesale_price,Portland cement (ordinary),933.0,tonne,B10600052024MM04B0100.xlsx
2024-04,monthly,material_wholesale_price,Sand,308.0,tonne,B10600052024MM04B0100.csv
2024-04,monthly,material_wholesale_price,Sand,308.0,tonne,B10600052024MM04B0100.xlsx
2024-04,monthly,material_wholesale_price,"Sawn hardwood, 50mm x 75mm column",6939.0,cubic metre,B10600052024MM04B0100.xlsx
2024-04,monthly,material_wholesale_price,Steel flats,11941.0,tonne,B10600052024MM04B0100.xlsx
2024-04,monthly,material_wholesale_price,Steel hollow sections,14609.0,tonne,B10600052024MM04B0100.xlsx
2024-04,monthly,material_wholesale_price,"Steel plate, 4mm thick",5811.0,tonne,B10600052024MM04B0100.xlsx
2024-04,monthly,material_wholesale_price,Steel plates,18977.0,tonne,B10600052024MM04B0100.xlsx
2024-04,monthly,material_wholesale_price,"Steel reinforcement - High tensile steel bars, 10mm to 40mm",5603.0,tonne,B10600052024MM04B0100.csv
2024-04,monthly,material_wholesale_price,"Timber formwork - Plywood, formwork, 19mm thick",87.0,square metre,B10600052024MM04B0100.csv
2024-04,monthly,material_wholesale_price,"Tinted glass, 6mm thick",281.0,square metre,B10600052024MM04B0100.xlsx
2024-04,monthly,material_wholesale_price,"Unglazed tiles, 25mm x 25mm",227.0,square metre,B10600052024MM04B0100.xlsx
2024-04,monthly,material_wholesale_price,"Woodwork - Sawn hardwood, 50mm x 75mm column",6939.0,cubic metre,B10600052024MM04B0100.csv
2024-04,monthly,material_wholesale_price,"uPVC pipes - 32mm diameter pipes, 4m long",62.0,no.,B10600052024MM04B0100.csv
2024-05,monthly,material_wholesale_price,"100mm diameter pipes, 3m long",640.0,no.,B10600052024MM05B0100.xlsx
2024-05,monthly,material_wholesale_price,"100mm diameter pipes, 6m long",1257.0,no.,B10600052024MM05B0100.xlsx
2024-05,monthly,material_wholesale_price,"22mm diameter pipes, 5.8m long",347.0,no.,B10600052024MM05B0100.xlsx
2024-05,monthly,material_wholesale_price,"32mm diameter pipes, 4m long",62.0,no.,B10600052024MM05B0100.xlsx
2024-05,monthly,material_wholesale_price,Acrylic paint,67.0,litre,B10600052024MM05B0100.xlsx
2024-05,monthly,material_wholesale_price,Aggregates,106.0,tonne,B10600052024MM05B0100.csv
2024-05,monthly,material_wholesale_price,Aggregates,106.0,tonne,B10600052024MM05B0100.xlsx
2024-05,monthly,material_wholesale_price,Bitumen,9700.0,tonne,B10600052024MM05B0100.csv
2024-05,monthly,material_wholesale_price,Bitumen,9700.0,tonne,B10600052024MM05B0100.xlsx
2024-05,monthly,material_wholesale_price,"Clear float glass, 6mm thick",174.0,square metre,B10600052024MM05B0100.xlsx
2024-05,monthly,material_wholesale_price,"Colour tiles, 200mm x 200mm, include white",464.0,100 pieces,B10600052024MM05B0100.xlsx
2024-05,monthly,material_wholesale_price,"Concrete blocks, 100mm thick",110.0,square metre,B10600052024MM05B0100.csv
2024-05,monthly,material_wholesale_price,"Concrete blocks, 100mm thick",110.0,square metre,B10600052024MM05B0100.xlsx
2024-05,monthly,material_wholesale_price,"Copper pipes - 22mm diameter pipes, 5.8m long",347.0,no.,B10600052024MM05B0100.csv
2024-05,monthly,material_wholesale_price,Diesel fuel - For industrial use (light),3523.0,200-litre drum,B10600052024MM05B0100.csv
2024-05,monthly,material_wholesale_price,Diesel fuel - For road use,2046.0,100 litre,B10600052024MM05B0100.csv
2024-05,monthly,material_wholesale_price,Emulsion paint,69.0,litre,B10600052024MM05B0100.xlsx
2024-05,monthly,material_wholesale_price,"Epoxy coated cast iron pipes - 100mm diameter pipes, 3m long",640.0,no.,B10600052024MM05B0100.csv
2024-05,monthly,material_wholesale_price,For industrial use (light),3523.0,200-litre drum,B10600052024MM05B0100.xlsx
2024-05,monthly,material_wholesale_price,For road use,2046.0,100 litre,B10600052024MM05B0100.xlsx
2024-05,monthly,material_wholesale_price,"GMS pipes - 100mm diameter pipes, 6m long",1257.0,no.,B10600052024MM05B0100.csv
2024-05,monthly,material_wholesale_price,Galvanised mild steel - Steel flats,11941.0,tonne,B10600052024MM05B0100.csv
2024-05,monthly,material_wholesale_price,Galvanised mild steel - Steel hollow sections,14590.0,tonne,B10600052024MM05B0100.csv
2024-05,monthly,material_wholesale_price,Galvanised mild steel - Steel plates,18549.0,tonne,B10600052024MM05B0100.csv
2024-05,monthly,material_wholesale_price,"Glass - Clear float glass, 6mm thick",174.0,square metre,B10600052024MM05B0100.csv
2024-05,monthly,material_wholesale_price,"Glass - Tinted glass, 6mm thick",281.0,square metre,B10600052024MM05B0100.csv
2024-05,monthly,material_wholesale_price,"Glazed ceramic wall tiles - Colour tiles, 200mm x 200mm, include white",464.0,100 pieces,B10600052024MM05B0100.csv
2024-05,monthly,material_wholesale_price,"Glazed tiles, 45mm x 45mm",175.0,square metre,B10600052024MM05B0100.xlsx
2024-05,monthly,material_wholesale_price,"High tensile steel bars, 10mm to 40mm",5622.0,tonne,B10600052024MM05B0100.xlsx
2024-05,monthly,material_wholesale_price,"Homogeneous floor tiles - Non-slip tile, 200mm x 200mm",252.0,square metre,B10600052024MM05B0100.csv
2024-05,monthly,material_wholesale_price,"Metal formwork - Steel plate, 4mm thick",5805.0,tonne,B10600052024MM05B0100.csv
2024-05,monthly,material_wholesale_price,"Mosaic tiles - Glazed tiles, 45mm x 45mm",175.0,square metre,B10600052024MM05B0100.csv
2024-05,monthly,material_wholesale_price,"Mosaic tiles - Unglazed tiles, 25mm x 25mm",230.0,square metre,B10600052024MM05B0100.csv
2024-05,monthly,material_wholesale_price,"Non-slip tile, 200mm x 200mm",252.0,square metre,B10600052024MM05B0100.xlsx
2024-05,monthly,material_wholesale_price,Paint - Acrylic paint,67.0,litre,B10600052024MM05B0100.csv
2024-05,monthly,material_wholesale_price,Paint - Emulsion paint,69.0,litre,B10600052024MM05B0100.csv
2024-05,monthly,material_wholesale_price,"Plywood, formwork, 19mm thick",87.0,square metre,B10600052024MM05B0100.xlsx
2024-05,monthly,material_wholesale_price,Portland cement (ordinary),933.0,tonne,B10600052024MM05B0100.csv
2024-05,monthly,material_wholesale_price,Portland cement (ordinary),933.0,tonne,B10600052024MM05B0100.xlsx
2024-05,monthly,material_wholesale_price,Sand,301.0,tonne,B10600052024MM05B0100.csv
2024-05,monthly,material_wholesale_price,Sand,301.0,tonne,B10600052024MM05B0100.xlsx
2024-05,monthly,material_wholesale_price,"Sawn hardwood, 50mm x 75mm column",6939.0,cubic metre,B10600052024MM05B0100.xlsx
2024-05,monthly,material_wholesale_price,Steel flats,11941.0,tonne,B10600052024MM05B0100.xlsx
2024-05,monthly,material_wholesale_price,Steel hollow sections,14590.0,tonne,B10600052024MM05B0100.xlsx
2024-05,monthly,material_wholesale_price,"Steel plate, 4mm thick",5805.0,tonne,B10600052024MM05B0100.xlsx
2024-05,monthly,material_wholesale_price,Steel plates,18549.0,tonne,B10600052024MM05B0100.xlsx
2024-05,monthly,material_wholesale_price,"Steel reinforcement - High tensile steel bars, 10mm to 40mm",5622.0,tonne,B10600052024MM05B0100.csv
2024-05,monthly,material_wholesale_price,"Timber formwork - Plywood, formwork, 19mm thick",87.0,square metre,B10600052024MM05B0100.csv
2024-05,monthly,material_wholesale_price,"Tinted glass, 6mm thick",281.0,square metre,B10600052024MM05B0100.xlsx
2024-05,monthly,material_wholesale_price,"Unglazed tiles, 25mm x 25mm",230.0,square metre,B10600052024MM05B0100.xlsx
2024-05,monthly,material_wholesale_price,"Woodwork - Sawn hardwood, 50mm x 75mm column",6939.0,cubic metre,B10600052024MM05B0100.csv
2024-05,monthly,material_wholesale_price,"uPVC pipes - 32mm diameter pipes, 4m long",62.0,no.,B10600052024MM05B0100.csv
2024-06,monthly,material_wholesale_price,"100mm diameter pipes, 3m long",640.0,no.,B10600052024MM06B0100.xlsx
2024-06,monthly,material_wholesale_price,"100mm diameter pipes, 6m long",1257.0,no.,B10600052024MM06B0100.xlsx
2024-06,monthly,material_wholesale_price,"22mm diameter pipes, 5.8m long",368.0,no.,B10600052024MM06B0100.xlsx
2024-06,monthly,material_wholesale_price,"32mm diameter pipes, 4m long",59.0,no.,B10600052024MM06B0100.xlsx
2024-06,monthly,material_wholesale_price,Acrylic paint,67.0,litre,B10600052024MM06B0100.xlsx
2024-06,monthly,material_wholesale_price,Aggregates,106.0,tonne,B10600052024MM06B0100.csv
2024-06,monthly,material_wholesale_price,Aggregates,106.0,tonne,B10600052024MM06B0100.xlsx
2024-06,monthly,material_wholesale_price,Bitumen,9700.0,tonne,B10600052024MM06B0100.csv
2024-06,monthly,material_wholesale_price,Bitumen,9700.0,tonne,B10600052024MM06B0100.xlsx
2024-06,monthly,material_wholesale_price,"Clear float glass, 6mm thick",174.0,square metre,B10600052024MM06B0100.xlsx
2024-06,monthly,material_wholesale_price,"Colour tiles, 200mm x 200mm, include white",464.0,100 pieces,B10600052024MM06B0100.xlsx
2024-06,monthly,material_wholesale_price,"Concrete blocks, 100mm thick",110.0,square metre,B10600052024MM06B0100.csv
2024-06,monthly,material_wholesale_price,"Concrete blocks, 100mm thick",110.0,square metre,B10600052024MM06B0100.xlsx
2024-06,monthly,material_wholesale_price,"Copper pipes - 22mm diameter pipes, 5.8m long",368.0,no.,B10600052024MM06B0100.csv
2024-06,monthly,material_wholesale_price,Diesel fuel - For industrial use (light),3502.0,200-litre drum,B10600052024MM06B0100.csv
2024-06,monthly,material_wholesale_price,Diesel fuel - For road use,2051.0,100 litre,B10600052024MM06B0100.csv
2024-06,monthly,material_wholesale_price,Emulsion paint,68.0,litre,B10600052024MM06B0100.xlsx
2024-06,monthly,material_wholesale_price,"Epoxy coated cast iron pipes - 100mm diameter pipes, 3m long",640.0,no.,B10600052024MM06B0100.csv
2024-06,monthly,material_wholesale_price,For industrial use (light),3502.0,200-litre drum,B10600052024MM06B0100.xlsx
2024-06,monthly,material_wholesale_price,For road use,2051.0,100 litre,B10600052024MM06B0100.xlsx
2024-06,monthly,material_wholesale_price,"GMS pipes - 100mm diameter pipes, 6m long",1257.0,no.,B10600052024MM06B0100.csv
2024-06,monthly,material_wholesale_price,Galvanised mild steel - Steel flats,11941.0,tonne,B10600052024MM06B0100.csv
2024-06,monthly,material_wholesale_price,Galvanised mild steel - Steel hollow sections,14609.0,tonne,B10600052024MM06B0100.csv
2024-06,monthly,material_wholesale_price,Galvanised mild steel - Steel plates,18441.0,tonne,B10600052024MM06B0100.csv
2024-06,monthly,material_wholesale_price,"Glass - Clear float glass, 6mm thick",174.0,square metre,B10600052024MM06B0100.csv
2024-06,monthly,material_wholesale_price,"Glass - Tinted glass, 6mm thick",281.0,square metre,B10600052024MM06B0100.csv
2024-06,monthly,material_wholesale_price,"Glazed ceramic wall tiles - Colour tiles, 200mm x 200mm, include white",464.0,100 pieces,B10600052024MM06B0100.csv
2024-06,monthly,material_wholesale_price,"Glazed tiles, 45mm x 45mm",175.0,square metre,B10600052024MM06B0100.xlsx
2024-06,monthly,material_wholesale_price,"High tensile steel bars, 10mm to 40mm",5590.0,tonne,B10600052024MM06B0100.xlsx
2024-06,monthly,material_wholesale_price,"Homogeneous floor tiles - Non-slip tile, 200mm x 200mm",252.0,square metre,B10600052024MM06B0100.csv
2024-06,monthly,material_wholesale_price,"Metal formwork - Steel plate, 4mm thick",5811.0,tonne,B10600052024MM06B0100.csv
2024-06,monthly,material_wholesale_price,"Mosaic tiles - Glazed tiles, 45mm x 45mm",175.0,square metre,B10600052024MM06B0100.csv
2024-06,monthly,material_wholesale_price,"Mosaic tiles - Unglazed tiles, 25mm x 25mm",230.0,square metre,B10600052024MM06B0100.csv
2024-06,monthly,material_wholesale_price,"Non-slip tile, 200mm x 200mm",252.0,square metre,B10600052024MM06B0100.xlsx
2024-06,monthly,material_wholesale_price,Paint - Acrylic paint,67.0,litre,B10600052024MM06B0100.csv
2024-06,monthly,material_wholesale_price,Paint - Emulsion paint,68.0,litre,B10600052024MM06B0100.csv
2024-06,monthly,material_wholesale_price,"Plywood, formwork, 19mm thick",87.0,square metre,B10600052024MM06B0100.xlsx
2024-06,monthly,material_wholesale_price,Portland cement (ordinary),922.0,tonne,B10600052024MM06B0100.csv
2024-06,monthly,material_wholesale_price,Portland cement (ordinary),922.0,tonne,B10600052024MM06B0100.xlsx
2024-06,monthly,material_wholesale_price,Sand,286.0,tonne,B10600052024MM06B0100.csv
2024-06,monthly,material_wholesale_price,Sand,286.0,tonne,B10600052024MM06B0100.xlsx
2024-06,monthly,material_wholesale_price,"Sawn hardwood, 50mm x 75mm column",6939.0,cubic metre,B10600052024MM06B0100.xlsx
2024-06,monthly,material_wholesale_price,Steel flats,11941.0,tonne,B10600052024MM06B0100.xlsx
2024-06,monthly,material_wholesale_price,Steel hollow sections,14609.0,tonne,B10600052024MM06B0100.xlsx
2024-06,monthly,material_wholesale_price,"Steel plate, 4mm thick",5811.0,tonne,B10600052024MM06B0100.xlsx
2024-06,monthly,material_wholesale_price,Steel plates,18441.0,tonne,B10600052024MM06B0100.xlsx
2024-06,monthly,material_wholesale_price,"Steel reinforcement - High tensile steel bars, 10mm to 40mm",5590.0,tonne,B10600052024MM06B0100.csv
2024-06,monthly,material_wholesale_price,"Timber formwork - Plywood, formwork, 19mm thick",87.0,square metre,B10600052024MM06B0100.csv
2024-06,monthly,material_wholesale_price,"Tinted glass, 6mm thick",281.0,square metre,B10600052024MM06B0100.xlsx
2024-06,monthly,material_wholesale_price,"Unglazed tiles, 25mm x 25mm",230.0,square metre,B10600052024MM06B0100.xlsx
2024-06,monthly,material_wholesale_price,"Woodwork - Sawn hardwood, 50mm x 75mm column",6939.0,cubic metre,B10600052024MM06B0100.csv
2024-06,monthly,material_wholesale_price,"uPVC pipes - 32mm diameter pipes, 4m long",59.0,no.,B10600052024MM06B0100.csv
2024-07,monthly,material_wholesale_price,"100mm diameter pipes, 3m long",640.0,no.,B10600052024MM07B0100.xlsx
2024-07,monthly,material_wholesale_price,"100mm diameter pipes, 6m long",1257.0,no.,B10600052024MM07B0100.xlsx
2024-07,monthly,material_wholesale_price,"22mm diameter pipes, 5.8m long",367.0,no.,B10600052024MM07B0100.xlsx
2024-07,monthly,material_wholesale_price,"32mm diameter pipes, 4m long",60.0,no.,B10600052024MM07B0100.xlsx
2024-07,monthly,material_wholesale_price,Acrylic paint,67.0,litre,B10600052024MM07B0100.xlsx
2024-07,monthly,material_wholesale_price,Aggregates,106.0,tonne,B10600052024MM07B0100.csv
2024-07,monthly,material_wholesale_price,Aggregates,106.0,tonne,B10600052024MM07B0100.xlsx
2024-07,monthly,material_wholesale_price,Bitumen,9700.0,tonne,B10600052024MM07B0100.csv
2024-07,monthly,material_wholesale_price,Bitumen,9700.0,tonne,B10600052024MM07B0100.xlsx
2024-07,monthly,material_wholesale_price,"Clear float glass, 6mm thick",174.0,square metre,B10600052024MM07B0100.xlsx
2024-07,monthly,material_wholesale_price,"Colour tiles, 200mm x 200mm, include white",473.0,100 pieces,B10600052024MM07B0100.xlsx
2024-07,monthly,material_wholesale_price,"Concrete blocks, 100mm thick",110.0,square metre,B10600052024MM07B0100.csv
2024-07,monthly,material_wholesale_price,"Concrete blocks, 100mm thick",110.0,square metre,B10600052024MM07B0100.xlsx
2024-07,monthly,material_wholesale_price,"Copper pipes - 22mm diameter pipes, 5.8m long",367.0,no.,B10600052024MM07B0100.csv
2024-07,monthly,material_wholesale_price,Diesel fuel - For industrial use (light),3544.0,200-litre drum,B10600052024MM07B0100.csv
2024-07,monthly,material_wholesale_price,Diesel fuel - For road use,2095.0,100 litre,B10600052024MM07B0100.csv
2024-07,monthly,material_wholesale_price,Emulsion paint,68.0,litre,B10600052024MM07B0100.xlsx
2024-07,monthly,material_wholesale_price,"Epoxy coated cast iron pipes - 100mm diameter pipes, 3m long",640.0,no.,B10600052024MM07B0100.csv
2024-07,monthly,material_wholesale_price,For industrial use (light),3544.0,200-litre drum,B10600052024MM07B0100.xlsx
2024-07,monthly,material_wholesale_price,For road use,2095.0,100 litre,B10600052024MM07B0100.xlsx
2024-07,monthly,material_wholesale_price,"GMS pipes - 100mm diameter pipes, 6m long",1257.0,no.,B10600052024MM07B0100.csv
2024-07,monthly,material_wholesale_price,Galvanised mild steel - Steel flats,11356.0,tonne,B10600052024MM07B0100.csv
2024-07,monthly,material_wholesale_price,Galvanised mild steel - Steel hollow sections,14609.0,tonne,B10600052024MM07B0100.csv
2024-07,monthly,material_wholesale_price,Galvanised mild steel - Steel plates,17856.0,tonne,B10600052024MM07B0100.csv
2024-07,monthly,material_wholesale_price,"Glass - Clear float glass, 6mm thick",174.0,square metre,B10600052024MM07B0100.csv
2024-07,monthly,material_wholesale_price,"Glass - Tinted glass, 6mm thick",281.0,square metre,B10600052024MM07B0100.csv
2024-07,monthly,material_wholesale_price,"Glazed ceramic wall tiles - Colour tiles, 200mm x 200mm, include white",473.0,100 pieces,B10600052024MM07B0100.csv
2024-07,monthly,material_wholesale_price,"Glazed tiles, 45mm x 45mm",174.0,square metre,B10600052024MM07B0100.xlsx
2024-07,monthly,material_wholesale_price,"High tensile steel bars, 10mm to 40mm",5301.0,tonne,B10600052024MM07B0100.xlsx
2024-07,monthly,material_wholesale_price,"Homogeneous floor tiles - Non-slip tile, 200mm x 200mm",252.0,square metre,B10600052024MM07B0100.csv
2024-07,monthly,material_wholesale_price,"Metal formwork - Steel plate, 4mm thick",5954.0,tonne,B10600052024MM07B0100.csv
2024-07,monthly,material_wholesale_price,"Mosaic tiles - Glazed tiles, 45mm x 45mm",174.0,square metre,B10600052024MM07B0100.csv
2024-07,monthly,material_wholesale_price,"Mosaic tiles - Unglazed tiles, 25mm x 25mm",230.0,square metre,B10600052024MM07B0100.csv
2024-07,monthly,material_wholesale_price,"Non-slip tile, 200mm x 200mm",252.0,square metre,B10600052024MM07B0100.xlsx
2024-07,monthly,material_wholesale_price,Paint - Acrylic paint,67.0,litre,B10600052024MM07B0100.csv
2024-07,monthly,material_wholesale_price,Paint - Emulsion paint,68.0,litre,B10600052024MM07B0100.csv
2024-07,monthly,material_wholesale_price,"Plywood, formwork, 19mm thick",87.0,square metre,B10600052024MM07B0100.xlsx
2024-07,monthly,material_wholesale_price,Portland cement (ordinary),920.0,tonne,B10600052024MM07B0100.csv
2024-07,monthly,material_wholesale_price,Portland cement (ordinary),920.0,tonne,B10600052024MM07B0100.xlsx
2024-07,monthly,material_wholesale_price,Sand,292.0,tonne,B10600052024MM07B0100.csv
2024-07,monthly,material_wholesale_price,Sand,292.0,tonne,B10600052024MM07B0100.xlsx
2024-07,monthly,material_wholesale_price,"Sawn hardwood, 50mm x 75mm column",6939.0,cubic metre,B10600052024MM07B0100.xlsx
2024-07,monthly,material_wholesale_price,Steel flats,11356.0,tonne,B10600052024MM07B0100.xlsx
2024-07,monthly,material_wholesale_price,Steel hollow sections,14609.0,tonne,B10600052024MM07B0100.xlsx
2024-07,monthly,material_wholesale_price,"Steel plate, 4mm thick",5954.0,tonne,B10600052024MM07B0100.xlsx
2024-07,monthly,material_wholesale_price,Steel plates,17856.0,tonne,B10600052024MM07B0100.xlsx
2024-07,monthly,material_wholesale_price,"Steel reinforcement - High tensile steel bars, 10mm to 40mm",5301.0,tonne,B10600052024MM07B0100.csv
2024-07,monthly,material_wholesale_price,"Timber formwork - Plywood, formwork, 19mm thick",87.0,square metre,B10600052024MM07B0100.csv
2024-07,monthly,material_wholesale_price,"Tinted glass, 6mm thick",281.0,square metre,B10600052024MM07B0100.xlsx
2024-07,monthly,material_wholesale_price,"Unglazed tiles, 25mm x 25mm",230.0,square metre,B10600052024MM07B0100.xlsx
2024-07,monthly,material_wholesale_price,"Woodwork - Sawn hardwood, 50mm x 75mm column",6939.0,cubic metre,B10600052024MM07B0100.csv
2024-07,monthly,material_wholesale_price,"uPVC pipes - 32mm diameter pipes, 4m long",60.0,no.,B10600052024MM07B0100.csv
2024-08,monthly,material_wholesale_price,"100mm diameter pipes, 3m long",640.0,no.,B10600052024MM08B0100.xlsx
2024-08,monthly,material_wholesale_price,"100mm diameter pipes, 6m long",1257.0,no.,B10600052024MM08B0100.xlsx
2024-08,monthly,material_wholesale_price,"22mm diameter pipes, 5.8m long",343.0,no.,B10600052024MM08B0100.xlsx
2024-08,monthly,material_wholesale_price,"32mm diameter pipes, 4m long",60.0,no.,B10600052024MM08B0100.xlsx
2024-08,monthly,material_wholesale_price,Acrylic paint,67.0,litre,B10600052024MM08B0100.xlsx
2024-08,monthly,material_wholesale_price,Aggregates,90.0,tonne,B10600052024MM08B0100.csv
2024-08,monthly,material_wholesale_price,Aggregates,90.0,tonne,B10600052024MM08B0100.xlsx
2024-08,monthly,material_wholesale_price,Bitumen,9700.0,tonne,B10600052024MM08B0100.csv
2024-08,monthly,material_wholesale_price,Bitumen,9700.0,tonne,B10600052024MM08B0100.xlsx
2024-08,monthly,material_wholesale_price,"Clear float glass, 6mm thick",174.0,square metre,B10600052024MM08B0100.xlsx
2024-08,monthly,material_wholesale_price,"Colour tiles, 200mm x 200mm, include white",467.0,100 pieces,B10600052024MM08B0100.xlsx
2024-08,monthly,material_wholesale_price,"Concrete blocks, 100mm thick",110.0,square metre,B10600052024MM08B0100.csv
2024-08,monthly,material_wholesale_price,"Concrete blocks, 100mm thick",110.0,square metre,B10600052024MM08B0100.xlsx
2024-08,monthly,material_wholesale_price,"Copper pipes - 22mm diameter pipes, 5.8m long",343.0,no.,B10600052024MM08B0100.csv
2024-08,monthly,material_wholesale_price,Diesel fuel - For industrial use (light),3514.0,200-litre drum,B10600052024MM08B0100.csv
2024-08,monthly,material_wholesale_price,Diesel fuel - For road use,2101.0,100 litre,B10600052024MM08B0100.csv
2024-08,monthly,material_wholesale_price,Emulsion paint,68.0,litre,B10600052024MM08B0100.xlsx
2024-08,monthly,material_wholesale_price,"Epoxy coated cast iron pipes - 100mm diameter pipes, 3m long",640.0,no.,B10600052024MM08B0100.csv
2024-08,monthly,material_wholesale_price,For industrial use (light),3514.0,200-litre drum,B10600052024MM08B0100.xlsx
2024-08,monthly,material_wholesale_price,For road use,2101.0,100 litre,B10600052024MM08B0100.xlsx
2024-08,monthly,material_wholesale_price,"GMS pipes - 100mm diameter pipes, 6m long",1257.0,no.,B10600052024MM08B0100.csv
2024-08,monthly,material_wholesale_price,Galvanised mild steel - Steel flats,11036.0,tonne,B10600052024MM08B0100.csv
2024-08,monthly,material_wholesale_price,Galvanised mild steel - Steel hollow sections,14609.0,tonne,B10600052024MM08B0100.csv
2024-08,monthly,material_wholesale_price,Galvanised mild steel - Steel plates,17103.0,tonne,B10600052024MM08B0100.csv
2024-08,monthly,material_wholesale_price,"Glass - Clear float glass, 6mm thick",174.0,square metre,B10600052024MM08B0100.csv
2024-08,monthly,material_wholesale_price,"Glass - Tinted glass, 6mm thick",281.0,square metre,B10600052024MM08B0100.csv
2024-08,monthly,material_wholesale_price,"Glazed ceramic wall tiles - Colour tiles, 200mm x 200mm, include white",467.0,100 pieces,B10600052024MM08B0100.csv
2024-08,monthly,material_wholesale_price,"Glazed tiles, 45mm x 45mm",174.0,square metre,B10600052024MM08B0100.xlsx
2024-08,monthly,material_wholesale_price,"High tensile steel bars, 10mm to 40mm",5168.0,tonne,B10600052024MM08B0100.xlsx
2024-08,monthly,material_wholesale_price,"Homogeneous floor tiles - Non-slip tile, 200mm x 200mm",260.0,square metre,B10600052024MM08B0100.csv
2024-08,monthly,material_wholesale_price,"Metal formwork - Steel plate, 4mm thick",5954.0,tonne,B10600052024MM08B0100.csv
2024-08,monthly,material_wholesale_price,"Mosaic tiles - Glazed tiles, 45mm x 45mm",174.0,square metre,B10600052024MM08B0100.csv
2024-08,monthly,material_wholesale_price,"Mosaic tiles - Unglazed tiles, 25mm x 25mm",230.0,square metre,B10600052024MM08B0100.csv
2024-08,monthly,material_wholesale_price,"Non-slip tile, 200mm x 200mm",260.0,square metre,B10600052024MM08B0100.xlsx
2024-08,monthly,material_wholesale_price,Paint - Acrylic paint,67.0,litre,B10600052024MM08B0100.csv
2024-08,monthly,material_wholesale_price,Paint - Emulsion paint,68.0,litre,B10600052024MM08B0100.csv
2024-08,monthly,material_wholesale_price,"Plywood, formwork, 19mm thick",86.0,square metre,B10600052024MM08B0100.xlsx
2024-08,monthly,material_wholesale_price,Portland cement (ordinary),919.0,tonne,B10600052024MM08B0100.csv
2024-08,monthly,material_wholesale_price,Portland cement (ordinary),919.0,tonne,B10600052024MM08B0100.xlsx
2024-08,monthly,material_wholesale_price,Sand,284.0,tonne,B10600052024MM08B0100.csv
2024-08,monthly,material_wholesale_price,Sand,284.0,tonne,B10600052024MM08B0100.xlsx
2024-08,monthly,material_wholesale_price,"Sawn hardwood, 50mm x 75mm column",6939.0,cubic metre,B10600052024MM08B0100.xlsx
2024-08,monthly,material_wholesale_price,Steel flats,11036.0,tonne,B10600052024MM08B0100.xlsx
2024-08,monthly,material_wholesale_price,Steel hollow sections,14609.0,tonne,B10600052024MM08B0100.xlsx
2024-08,monthly,material_wholesale_price,"Steel plate, 4mm thick",5954.0,tonne,B10600052024MM08B0100.xlsx
2024-08,monthly,material_wholesale_price,Steel plates,17103.0,tonne,B10600052024MM08B0100.xlsx
2024-08,monthly,material_wholesale_price,"Steel reinforcement - High tensile steel bars, 10mm to 40mm",5168.0,tonne,B10600052024MM08B0100.csv
2024-08,monthly,material_wholesale_price,"Timber formwork - Plywood, formwork, 19mm thick",86.0,square metre,B10600052024MM08B0100.csv
2024-08,monthly,material_wholesale_price,"Tinted glass, 6mm thick",281.0,square metre,B10600052024MM08B0100.xlsx
2024-08,monthly,material_wholesale_price,"Unglazed tiles, 25mm x 25mm",230.0,square metre,B10600052024MM08B0100.xlsx
2024-08,monthly,material_wholesale_price,"Woodwork - Sawn hardwood, 50mm x 75mm column",6939.0,cubic metre,B10600052024MM08B0100.csv
2024-08,monthly,material_wholesale_price,"uPVC pipes - 32mm diameter pipes, 4m long",60.0,no.,B10600052024MM08B0100.csv
2024-09,monthly,material_wholesale_price,"100mm diameter pipes, 3m long",640.0,no.,B10600052024MM09B0100.xlsx
2024-09,monthly,material_wholesale_price,"100mm diameter pipes, 6m long",1257.0,no.,B10600052024MM09B0100.xlsx
2024-09,monthly,material_wholesale_price,"22mm diameter pipes, 5.8m long",345.0,no.,B10600052024MM09B0100.xlsx
2024-09,monthly,material_wholesale_price,"32mm diameter pipes, 4m long",60.0,no.,B10600052024MM09B0100.xlsx
2024-09,monthly,material_wholesale_price,Acrylic paint,67.0,litre,B10600052024MM09B0100.xlsx
2024-09,monthly,material_wholesale_price,Aggregates,94.0,tonne,B10600052024MM09B0100.csv
2024-09,monthly,material_wholesale_price,Aggregates,94.0,tonne,B10600052024MM09B0100.xlsx
2024-09,monthly,material_wholesale_price,Bitumen,9700.0,tonne,B10600052024MM09B0100.csv
2024-09,monthly,material_wholesale_price,Bitumen,9700.0,tonne,B10600052024MM09B0100.xlsx
2024-09,monthly,material_wholesale_price,"Clear float glass, 6mm thick",174.0,square metre,B10600052024MM09B0100.xlsx
2024-09,monthly,material_wholesale_price,"Colour tiles, 200mm x 200mm, include white",467.0,100 pieces,B10600052024MM09B0100.xlsx
2024-09,monthly,material_wholesale_price,"Concrete blocks, 100mm thick",107.0,square metre,B10600052024MM09B0100.csv
2024-09,monthly,material_wholesale_price,"Concrete blocks, 100mm thick",107.0,square metre,B10600052024MM09B0100.xlsx
2024-09,monthly,material_wholesale_price,"Copper pipes - 22mm diameter pipes, 5.8m long",345.0,no.,B10600052024MM09B0100.csv
2024-09,monthly,material_wholesale_price,Diesel fuel - For industrial use (light),3470.0,200-litre drum,B10600052024MM09B0100.csv
2024-09,monthly,material_wholesale_price,Diesel fuel - For road use,2102.0,100 litre,B10600052024MM09B0100.csv
2024-09,monthly,material_wholesale_price,Emulsion paint,68.0,litre,B10600052024MM09B0100.xlsx
2024-09,monthly,material_wholesale_price,"Epoxy coated cast iron pipes - 100mm diameter pipes, 3m long",640.0,no.,B10600052024MM09B0100.csv
2024-09,monthly,material_wholesale_price,For industrial use (light),3470.0,200-litre drum,B10600052024MM09B0100.xlsx
2024-09,monthly,material_wholesale_price,For road use,2102.0,100 litre,B10600052024MM09B0100.xlsx
2024-09,monthly,material_wholesale_price,"GMS pipes - 100mm diameter pipes, 6m long",1257.0,no.,B10600052024MM09B0100.csv
2024-09,monthly,material_wholesale_price,Galvanised mild steel - Steel flats,11036.0,tonne,B10600052024MM09B0100.csv
2024-09,monthly,material_wholesale_price,Galvanised mild steel - Steel hollow sections,13635.0,tonne,B10600052024MM09B0100.csv
2024-09,monthly,material_wholesale_price,Galvanised mild steel - Steel plates,16968.0,tonne,B10600052024MM09B0100.csv
2024-09,monthly,material_wholesale_price,"Glass - Clear float glass, 6mm thick",174.0,square metre,B10600052024MM09B0100.csv
2024-09,monthly,material_wholesale_price,"Glass - Tinted glass, 6mm thick",281.0,square metre,B10600052024MM09B0100.csv
2024-09,monthly,material_wholesale_price,"Glazed ceramic wall tiles - Colour tiles, 200mm x 200mm, include white",467.0,100 pieces,B10600052024MM09B0100.csv
2024-09,monthly,material_wholesale_price,"Glazed tiles, 45mm x 45mm",174.0,square metre,B10600052024MM09B0100.xlsx
2024-09,monthly,material_wholesale_price,"High tensile steel bars, 10mm to 40mm",5158.0,tonne,B10600052024MM09B0100.xlsx
2024-09,monthly,material_wholesale_price,"Homogeneous floor tiles - Non-slip tile, 200mm x 200mm",262.0,square metre,B10600052024MM09B0100.csv
2024-09,monthly,material_wholesale_price,"Metal formwork - Steel plate, 4mm thick",5920.0,tonne,B10600052024MM09B0100.csv
2024-09,monthly,material_wholesale_price,"Mosaic tiles - Glazed tiles, 45mm x 45mm",174.0,square metre,B10600052024MM09B0100.csv
2024-09,monthly,material_wholesale_price,"Mosaic tiles - Unglazed tiles, 25mm x 25mm",230.0,square metre,B10600052024MM09B0100.csv
2024-09,monthly,material_wholesale_price,"Non-slip tile, 200mm x 200mm",262.0,square metre,B10600052024MM09B0100.xlsx
2024-09,monthly,material_wholesale_price,Paint - Acrylic paint,67.0,litre,B10600052024MM09B0100.csv
2024-09,monthly,material_wholesale_price,Paint - Emulsion paint,68.0,litre,B10600052024MM09B0100.csv
2024-09,monthly,material_wholesale_price,"Plywood, formwork, 19mm thick",86.0,square metre,B10600052024MM09B0100.xlsx
2024-09,monthly,material_wholesale_price,Portland cement (ordinary),918.0,tonne,B10600052024MM09B0100.csv
2024-09,monthly,material_wholesale_price,Portland cement (ordinary),918.0,tonne,B10600052024MM09B0100.xlsx
2024-09,monthly,material_wholesale_price,Sand,284.0,tonne,B10600052024MM09B0100.csv
2024-09,monthly,material_wholesale_price,Sand,284.0,tonne,B10600052024MM09B0100.xlsx
2024-09,monthly,material_wholesale_price,"Sawn hardwood, 50mm x 75mm column",6939.0,cubic metre,B10600052024MM09B0100.xlsx
2024-09,monthly,material_wholesale_price,Steel flats,11036.0,tonne,B10600052024MM09B0100.xlsx
2024-09,monthly,material_wholesale_price,Steel hollow sections,13635.0,tonne,B10600052024MM09B0100.xlsx
2024-09,monthly,material_wholesale_price,"Steel plate, 4mm thick",5920.0,tonne,B10600052024MM09B0100.xlsx
2024-09,monthly,material_wholesale_price,Steel plates,16968.0,tonne,B10600052024MM09B0100.xlsx
2024-09,monthly,material_wholesale_price,"Steel reinforcement - High tensile steel bars, 10mm to 40mm",5158.0,tonne,B10600052024MM09B0100.csv
2024-09,monthly,material_wholesale_price,"Timber formwork - Plywood, formwork, 19mm thick",86.0,square metre,B10600052024MM09B0100.csv
2024-09,monthly,material_wholesale_price,"Tinted glass, 6mm thick",281.0,square metre,B10600052024MM09B0100.xlsx
2024-09,monthly,material_wholesale_price,"Unglazed tiles, 25mm x 25mm",230.0,square metre,B10600052024MM09B0100.xlsx
2024-09,monthly,material_wholesale_price,"Woodwork - Sawn hardwood, 50mm x 75mm column",6939.0,cubic metre,B10600052024MM09B0100.csv
2024-09,monthly,material_wholesale_price,"uPVC pipes - 32mm diameter pipes, 4m long",60.0,no.,B10600052024MM09B0100.csv
2024-10,monthly,material_wholesale_price,"100mm diameter pipes, 3m long",640.0,no.,B10600052024MM10B0100.xlsx
2024-10,monthly,material_wholesale_price,"100mm diameter pipes, 6m long",1257.0,no.,B10600052024MM10B0100.xlsx
2024-10,monthly,material_wholesale_price,"22mm diameter pipes, 5.8m long",348.0,no.,B10600052024MM10B0100.xlsx
2024-10,monthly,material_wholesale_price,"32mm diameter pipes, 4m long",60.0,no.,B10600052024MM10B0100.xlsx
2024-10,monthly,material_wholesale_price,Acrylic paint,67.0,litre,B10600052024MM10B0100.xlsx
2024-10,monthly,material_wholesale_price,Aggregates,94.0,tonne,B10600052024MM10B0100.csv
2024-10,monthly,material_wholesale_price,Aggregates,94.0,tonne,B10600052024MM10B0100.xlsx
2024-10,monthly,material_wholesale_price,Bitumen,9700.0,tonne,B10600052024MM10B0100.csv
2024-10,monthly,material_wholesale_price,Bitumen,9700.0,tonne,B10600052024MM10B0100.xlsx
2024-10,monthly,material_wholesale_price,"Clear float glass, 6mm thick",174.0,square metre,B10600052024MM10B0100.xlsx
2024-10,monthly,material_wholesale_price,"Colour tiles, 200mm x 200mm, include white",467.0,100 pieces,B10600052024MM10B0100.xlsx
2024-10,monthly,material_wholesale_price,"Concrete blocks, 100mm thick",106.0,square metre,B10600052024MM10B0100.csv
2024-10,monthly,material_wholesale_price,"Concrete blocks, 100mm thick",106.0,square metre,B10600052024MM10B0100.xlsx
2024-10,monthly,material_wholesale_price,"Copper pipes - 22mm diameter pipes, 5.8m long",348.0,no.,B10600052024MM10B0100.csv
2024-10,monthly,material_wholesale_price,Diesel fuel - For industrial use (light),3468.0,200-litre drum,B10600052024MM10B0100.csv
2024-10,monthly,material_wholesale_price,Diesel fuel - For road use,2116.0,100 litre,B10600052024MM10B0100.csv
2024-10,monthly,material_wholesale_price,Emulsion paint,68.0,litre,B10600052024MM10B0100.xlsx
2024-10,monthly,material_wholesale_price,"Epoxy coated cast iron pipes - 100mm diameter pipes, 3m long",640.0,no.,B10600052024MM10B0100.csv
2024-10,monthly,material_wholesale_price,For industrial use (light),3468.0,200-litre drum,B10600052024MM10B0100.xlsx
2024-10,monthly,material_wholesale_price,For road use,2116.0,100 litre,B10600052024MM10B0100.xlsx
2024-10,monthly,material_wholesale_price,"GMS pipes - 100mm diameter pipes, 6m long",1257.0,no.,B10600052024MM10B0100.csv
2024-10,monthly,material_wholesale_price,Galvanised mild steel - Steel flats,11147.0,tonne,B10600052024MM10B0100.csv
2024-10,monthly,material_wholesale_price,Galvanised mild steel - Steel hollow sections,13635.0,tonne,B10600052024MM10B0100.csv
2024-10,monthly,material_wholesale_price,Galvanised mild steel - Steel plates,17103.0,tonne,B10600052024MM10B0100.csv
2024-10,monthly,material_wholesale_price,"Glass - Clear float glass, 6mm thick",174.0,square metre,B10600052024MM10B0100.csv
2024-10,monthly,material_wholesale_price,"Glass - Tinted glass, 6mm thick",281.0,square metre,B10600052024MM10B0100.csv
2024-10,monthly,material_wholesale_price,"Glazed ceramic wall tiles - Colour tiles, 200mm x 200mm, include white",467.0,100 pieces,B10600052024MM10B0100.csv
2024-10,monthly,material_wholesale_price,"Glazed tiles, 45mm x 45mm",174.0,square metre,B10600052024MM10B0100.xlsx
2024-10,monthly,material_wholesale_price,"High tensile steel bars, 10mm to 40mm",5295.0,tonne,B10600052024MM10B0100.xlsx
2024-10,monthly,material_wholesale_price,"Homogeneous floor tiles - Non-slip tile, 200mm x 200mm",262.0,square metre,B10600052024MM10B0100.csv
2024-10,monthly,material_wholesale_price,"Metal formwork - Steel plate, 4mm thick",5962.0,tonne,B10600052024MM10B0100.csv
2024-10,monthly,material_wholesale_price,"Mosaic tiles - Glazed tiles, 45mm x 45mm",174.0,square metre,B10600052024MM10B0100.csv
2024-10,monthly,material_wholesale_price,"Mosaic tiles - Unglazed tiles, 25mm x 25mm",230.0,square metre,B10600052024MM10B0100.csv
2024-10,monthly,material_wholesale_price,"Non-slip tile, 200mm x 200mm",262.0,square metre,B10600052024MM10B0100.xlsx
2024-10,monthly,material_wholesale_price,Paint - Acrylic paint,67.0,litre,B10600052024MM10B0100.csv
2024-10,monthly,material_wholesale_price,Paint - Emulsion paint,68.0,litre,B10600052024MM10B0100.csv
2024-10,monthly,material_wholesale_price,"Plywood, formwork, 19mm thick",86.0,square metre,B10600052024MM10B0100.xlsx
2024-10,monthly,material_wholesale_price,Portland cement (ordinary),918.0,tonne,B10600052024MM10B0100.csv
2024-10,monthly,material_wholesale_price,Portland cement (ordinary),918.0,tonne,B10600052024MM10B0100.xlsx
2024-10,monthly,material_wholesale_price,Sand,274.0,tonne,B10600052024MM10B0100.csv
2024-10,monthly,material_wholesale_price,Sand,274.0,tonne,B10600052024MM10B0100.xlsx
2024-10,monthly,material_wholesale_price,"Sawn hardwood, 50mm x 75mm column",6939.0,cubic metre,B10600052024MM10B0100.xlsx
2024-10,monthly,material_wholesale_price,Steel flats,11147.0,tonne,B10600052024MM10B0100.xlsx
2024-10,monthly,material_wholesale_price,Steel hollow sections,13635.0,tonne,B10600052024MM10B0100.xlsx
2024-10,monthly,material_wholesale_price,"Steel plate, 4mm thick",5962.0,tonne,B10600052024MM10B0100.xlsx
2024-10,monthly,material_wholesale_price,Steel plates,17103.0,tonne,B10600052024MM10B0100.xlsx
2024-10,monthly,material_wholesale_price,"Steel reinforcement - High tensile steel bars, 10mm to 40mm",5295.0,tonne,B10600052024MM10B0100.csv
2024-10,monthly,material_wholesale_price,"Timber formwork - Plywood, formwork, 19mm thick",86.0,square metre,B10600052024MM10B0100.csv
2024-10,monthly,material_wholesale_price,"Tinted glass, 6mm thick",281.0,square metre,B10600052024MM10B0100.xlsx
2024-10,monthly,material_wholesale_price,"Unglazed tiles, 25mm x 25mm",230.0,square metre,B10600052024MM10B0100.xlsx
2024-10,monthly,material_wholesale_price,"Woodwork - Sawn hardwood, 50mm x 75mm column",6939.0,cubic metre,B10600052024MM10B0100.csv
2024-10,monthly,material_wholesale_price,"uPVC pipes - 32mm diameter pipes, 4m long",60.0,no.,B10600052024MM10B0100.csv
2024-11,monthly,material_wholesale_price,"100mm diameter pipes, 3m long",640.0,no.,B10600052024MM11B0100.xlsx
2024-11,monthly,material_wholesale_price,"100mm diameter pipes, 6m long",1257.0,no.,B10600052024MM11B0100.xlsx
2024-11,monthly,material_wholesale_price,"22mm diameter pipes, 5.8m long",345.0,no.,B10600052024MM11B0100.xlsx
2024-11,monthly,material_wholesale_price,"32mm diameter pipes, 4m long",60.0,no.,B10600052024MM11B0100.xlsx
2024-11,monthly,material_wholesale_price,Acrylic paint,67.0,litre,B10600052024MM11B0100.xlsx
2024-11,monthly,material_wholesale_price,Aggregates,91.0,tonne,B10600052024MM11B0100.csv
2024-11,monthly,material_wholesale_price,Aggregates,91.0,tonne,B10600052024MM11B0100.xlsx
2024-11,monthly,material_wholesale_price,Bitumen,9700.0,tonne,B10600052024MM11B0100.csv
2024-11,monthly,material_wholesale_price,Bitumen,9700.0,tonne,B10600052024MM11B0100.xlsx
2024-11,monthly,material_wholesale_price,"Clear float glass, 6mm thick",174.0,square metre,B10600052024MM11B0100.xlsx
2024-11,monthly,material_wholesale_price,"Colour tiles, 200mm x 200mm, include white",467.0,100 pieces,B10600052024MM11B0100.xlsx
2024-11,monthly,material_wholesale_price,"Concrete blocks, 100mm thick",106.0,square metre,B10600052024MM11B0100.csv
2024-11,monthly,material_wholesale_price,"Concrete blocks, 100mm thick",106.0,square metre,B10600052024MM11B0100.xlsx
2024-11,monthly,material_wholesale_price,"Copper pipes - 22mm diameter pipes, 5.8m long",345.0,no.,B10600052024MM11B0100.csv
2024-11,monthly,material_wholesale_price,Diesel fuel - For industrial use (light),3482.0,200-litre drum,B10600052024MM11B0100.csv
2024-11,monthly,material_wholesale_price,Diesel fuel - For road use,2133.0,100 litre,B10600052024MM11B0100.csv
2024-11,monthly,material_wholesale_price,Emulsion paint,68.0,litre,B10600052024MM11B0100.xlsx
2024-11,monthly,material_wholesale_price,"Epoxy coated cast iron pipes - 100mm diameter pipes, 3m long",640.0,no.,B10600052024MM11B0100.csv
2024-11,monthly,material_wholesale_price,For industrial use (light),3482.0,200-litre drum,B10600052024MM11B0100.xlsx
2024-11,monthly,material_wholesale_price,For road use,2133.0,100 litre,B10600052024MM11B0100.xlsx
2024-11,monthly,material_wholesale_price,"GMS pipes - 100mm diameter pipes, 6m long",1257.0,no.,B10600052024MM11B0100.csv
2024-11,monthly,material_wholesale_price,Galvanised mild steel - Steel flats,11147.0,tonne,B10600052024MM11B0100.csv
2024-11,monthly,material_wholesale_price,Galvanised mild steel - Steel hollow sections,13635.0,tonne,B10600052024MM11B0100.csv
2024-11,monthly,material_wholesale_price,Galvanised mild steel - Steel plates,17103.0,tonne,B10600052024MM11B0100.csv
2024-11,monthly,material_wholesale_price,"Glass - Clear float glass, 6mm thick",174.0,square metre,B10600052024MM11B0100.csv
2024-11,monthly,material_wholesale_price,"Glass - Tinted glass, 6mm thick",281.0,square metre,B10600052024MM11B0100.csv
2024-11,monthly,material_wholesale_price,"Glazed ceramic wall tiles - Colour tiles, 200mm x 200mm, include white",467.0,100 pieces,B10600052024MM11B0100.csv
2024-11,monthly,material_wholesale_price,"Glazed tiles, 45mm x 45mm",174.0,square metre,B10600052024MM11B0100.xlsx
2024-11,monthly,material_wholesale_price,"High tensile steel bars, 10mm to 40mm",5178.0,tonne,B10600052024MM11B0100.xlsx
2024-11,monthly,material_wholesale_price,"Homogeneous floor tiles - Non-slip tile, 200mm x 200mm",262.0,square metre,B10600052024MM11B0100.csv
2024-11,monthly,material_wholesale_price,"Metal formwork - Steel plate, 4mm thick",5895.0,tonne,B10600052024MM11B0100.csv
2024-11,monthly,material_wholesale_price,"Mosaic tiles - Glazed tiles, 45mm x 45mm",174.0,square metre,B10600052024MM11B0100.csv
2024-11,monthly,material_wholesale_price,"Mosaic tiles - Unglazed tiles, 25mm x 25mm",224.0,square metre,B10600052024MM11B0100.csv
2024-11,monthly,material_wholesale_price,"Non-slip tile, 200mm x 200mm",262.0,square metre,B10600052024MM11B0100.xlsx
2024-11,monthly,material_wholesale_price,Paint - Acrylic paint,67.0,litre,B10600052024MM11B0100.csv
2024-11,monthly,material_wholesale_price,Paint - Emulsion paint,68.0,litre,B10600052024MM11B0100.csv
2024-11,monthly,material_wholesale_price,"Plywood, formwork, 19mm thick",86.0,square metre,B10600052024MM11B0100.xlsx
2024-11,monthly,material_wholesale_price,Portland cement (ordinary),913.0,tonne,B10600052024MM11B0100.csv
2024-11,monthly,material_wholesale_price,Portland cement (ordinary),913.0,tonne,B10600052024MM11B0100.xlsx
2024-11,monthly,material_wholesale_price,Sand,282.0,tonne,B10600052024MM11B0100.csv
2024-11,monthly,material_wholesale_price,Sand,282.0,tonne,B10600052024MM11B0100.xlsx
2024-11,monthly,material_wholesale_price,"Sawn hardwood, 50mm x 75mm column",6955.0,cubic metre,B10600052024MM11B0100.xlsx
2024-11,monthly,material_wholesale_price,Steel flats,11147.0,tonne,B10600052024MM11B0100.xlsx
2024-11,monthly,material_wholesale_price,Steel hollow sections,13635.0,tonne,B10600052024MM11B0100.xlsx
2024-11,monthly,material_wholesale_price,"Steel plate, 4mm thick",5895.0,tonne,B10600052024MM11B0100.xlsx
2024-11,monthly,material_wholesale_price,Steel plates,17103.0,tonne,B10600052024MM11B0100.xlsx
2024-11,monthly,material_wholesale_price,"Steel reinforcement - High tensile steel bars, 10mm to 40mm",5178.0,tonne,B10600052024MM11B0100.csv
2024-11,monthly,material_wholesale_price,"Timber formwork - Plywood, formwork, 19mm thick",86.0,square metre,B10600052024MM11B0100.csv
2024-11,monthly,material_wholesale_price,"Tinted glass, 6mm thick",281.0,square metre,B10600052024MM11B0100.xlsx
2024-11,monthly,material_wholesale_price,"Unglazed tiles, 25mm x 25mm",224.0,square metre,B10600052024MM11B0100.xlsx
2024-11,monthly,material_wholesale_price,"Woodwork - Sawn hardwood, 50mm x 75mm column",6955.0,cubic metre,B10600052024MM11B0100.csv
2024-11,monthly,material_wholesale_price,"uPVC pipes - 32mm diameter pipes, 4m long",60.0,no.,B10600052024MM11B0100.csv
2024-12,monthly,material_wholesale_price,"100mm diameter pipes, 3m long",640.0,no.,B10600052024MM12B0100.xlsx
2024-12,monthly,material_wholesale_price,"100mm diameter pipes, 6m long",1257.0,no.,B10600052024MM12B0100.xlsx
2024-12,monthly,material_wholesale_price,"22mm diameter pipes, 5.8m long",345.0,no.,B10600052024MM12B0100.xlsx
2024-12,monthly,material_wholesale_price,"32mm diameter pipes, 4m long",60.0,no.,B10600052024MM12B0100.xlsx
2024-12,monthly,material_wholesale_price,Acrylic paint,67.0,litre,B10600052024MM12B0100.xlsx
2024-12,monthly,material_wholesale_price,Aggregates,88.0,tonne,B10600052024MM12B0100.csv
2024-12,monthly,material_wholesale_price,Aggregates,88.0,tonne,B10600052024MM12B0100.xlsx
2024-12,monthly,material_wholesale_price,Bitumen,9700.0,tonne,B10600052024MM12B0100.csv
2024-12,monthly,material_wholesale_price,Bitumen,9700.0,tonne,B10600052024MM12B0100.xlsx
2024-12,monthly,material_wholesale_price,"Clear float glass, 6mm thick",173.0,square metre,B10600052024MM12B0100.xlsx
2024-12,monthly,material_wholesale_price,"Colour tiles, 200mm x 200mm, include white",460.0,100 pieces,B10600052024MM12B0100.xlsx
2024-12,monthly,material_wholesale_price,"Concrete blocks, 100mm thick",106.0,square metre,B10600052024MM12B0100.csv
2024-12,monthly,material_wholesale_price,"Concrete blocks, 100mm thick",106.0,square metre,B10600052024MM12B0100.xlsx
2024-12,monthly,material_wholesale_price,"Copper pipes - 22mm diameter pipes, 5.8m long",345.0,no.,B10600052024MM12B0100.csv
2024-12,monthly,material_wholesale_price,Diesel fuel - For industrial use (light),3504.0,200-litre drum,B10600052024MM12B0100.csv
2024-12,monthly,material_wholesale_price,Diesel fuel - For road use,2136.0,100 litre,B10600052024MM12B0100.csv
2024-12,monthly,material_wholesale_price,Emulsion paint,68.0,litre,B10600052024MM12B0100.xlsx
2024-12,monthly,material_wholesale_price,"Epoxy coated cast iron pipes - 100mm diameter pipes, 3m long",640.0,no.,B10600052024MM12B0100.csv
2024-12,monthly,material_wholesale_price,For industrial use (light),3504.0,200-litre drum,B10600052024MM12B0100.xlsx
2024-12,monthly,material_wholesale_price,For road use,2136.0,100 litre,B10600052024MM12B0100.xlsx
2024-12,monthly,material_wholesale_price,"GMS pipes - 100mm diameter pipes, 6m long",1257.0,no.,B10600052024MM12B0100.csv
2024-12,monthly,material_wholesale_price,Galvanised mild steel - Steel flats,10536.0,tonne,B10600052024MM12B0100.csv
2024-12,monthly,material_wholesale_price,Galvanised mild steel - Steel hollow sections,13520.0,tonne,B10600052024MM12B0100.csv
2024-12,monthly,material_wholesale_price,Galvanised mild steel - Steel plates,16968.0,tonne,B10600052024MM12B0100.csv
2024-12,monthly,material_wholesale_price,"Glass - Clear float glass, 6mm thick",173.0,square metre,B10600052024MM12B0100.csv
2024-12,monthly,material_wholesale_price,"Glass - Tinted glass, 6mm thick",281.0,square metre,B10600052024MM12B0100.csv
2024-12,monthly,material_wholesale_price,"Glazed ceramic wall tiles - Colour tiles, 200mm x 200mm, include white",460.0,100 pieces,B10600052024MM12B0100.csv
2024-12,monthly,material_wholesale_price,"Glazed tiles, 45mm x 45mm",174.0,square metre,B10600052024MM12B0100.xlsx
2024-12,monthly,material_wholesale_price,"High tensile steel bars, 10mm to 40mm",5135.0,tonne,B10600052024MM12B0100.xlsx
2024-12,monthly,material_wholesale_price,"Homogeneous floor tiles - Non-slip tile, 200mm x 200mm",262.0,square metre,B10600052024MM12B0100.csv
2024-12,monthly,material_wholesale_price,"Metal formwork - Steel plate, 4mm thick",5895.0,tonne,B10600052024MM12B0100.csv
2024-12,monthly,material_wholesale_price,"Mosaic tiles - Glazed tiles, 45mm x 45mm",174.0,square metre,B10600052024MM12B0100.csv
2024-12,monthly,material_wholesale_price,"Mosaic tiles - Unglazed tiles, 25mm x 25mm",224.0,square metre,B10600052024MM12B0100.csv
2024-12,monthly,material_wholesale_price,"Non-slip tile, 200mm x 200mm",262.0,square metre,B10600052024MM12B0100.xlsx
2024-12,monthly,material_wholesale_price,Paint - Acrylic paint,67.0,litre,B10600052024MM12B0100.csv
2024-12,monthly,material_wholesale_price,Paint - Emulsion paint,68.0,litre,B10600052024MM12B0100.csv
2024-12,monthly,material_wholesale_price,"Plywood, formwork, 19mm thick",86.0,square metre,B10600052024MM12B0100.xlsx
2024-12,monthly,material_wholesale_price,Portland cement (ordinary),910.0,tonne,B10600052024MM12B0100.csv
2024-12,monthly,material_wholesale_price,Portland cement (ordinary),910.0,tonne,B10600052024MM12B0100.xlsx
2024-12,monthly,material_wholesale_price,Sand,281.0,tonne,B10600052024MM12B0100.csv
2024-12,monthly,material_wholesale_price,Sand,281.0,tonne,B10600052024MM12B0100.xlsx
2024-12,monthly,material_wholesale_price,"Sawn hardwood, 50mm x 75mm column",6955.0,cubic metre,B10600052024MM12B0100.xlsx
2024-12,monthly,material_wholesale_price,Steel flats,10536.0,tonne,B10600052024MM12B0100.xlsx
2024-12,monthly,material_wholesale_price,Steel hollow sections,13520.0,tonne,B10600052024MM12B0100.xlsx
2024-12,monthly,material_wholesale_price,"Steel plate, 4mm thick",5895.0,tonne,B10600052024MM12B0100.xlsx
2024-12,monthly,material_wholesale_price,Steel plates,16968.0,tonne,B10600052024MM12B0100.xlsx
2024-12,monthly,material_wholesale_price,"Steel reinforcement - High tensile steel bars, 10mm to 40mm",5135.0,tonne,B10600052024MM12B0100.csv
2024-12,monthly,material_wholesale_price,"Timber formwork - Plywood, formwork, 19mm thick",86.0,square metre,B10600052024MM12B0100.csv
2024-12,monthly,material_wholesale_price,"Tinted glass, 6mm thick",281.0,square metre,B10600052024MM12B0100.xlsx
2024-12,monthly,material_wholesale_price,"Unglazed tiles, 25mm x 25mm",224.0,square metre,B10600052024MM12B0100.xlsx
2024-12,monthly,material_wholesale_price,"Woodwork - Sawn hardwood, 50mm x 75mm column",6955.0,cubic metre,B10600052024MM12B0100.csv
2024-12,monthly,material_wholesale_price,"uPVC pipes - 32mm diameter pipes, 4m long",60.0,no.,B10600052024MM12B0100.csv
2025-01,monthly,material_wholesale_price,"100mm diameter pipes, 3m long",640.0,no.,B10600052025MM01B0100.xlsx
2025-01,monthly,material_wholesale_price,"100mm diameter pipes, 6m long",1257.0,no.,B10600052025MM01B0100.xlsx
2025-01,monthly,material_wholesale_price,"22mm diameter pipes, 5.8m long",345.0,no.,B10600052025MM01B0100.xlsx
2025-01,monthly,material_wholesale_price,"32mm diameter pipes, 4m long",60.0,no.,B10600052025MM01B0100.xlsx
2025-01,monthly,material_wholesale_price,Acrylic paint,67.0,litre,B10600052025MM01B0100.xlsx
2025-01,monthly,material_wholesale_price,Aggregates,88.0,tonne,B10600052025MM01B0100.csv
2025-01,monthly,material_wholesale_price,Aggregates,88.0,tonne,B10600052025MM01B0100.xlsx
2025-01,monthly,material_wholesale_price,Bitumen,9700.0,tonne,B10600052025MM01B0100.csv
2025-01,monthly,material_wholesale_price,Bitumen,9700.0,tonne,B10600052025MM01B0100.xlsx
2025-01,monthly,material_wholesale_price,"Clear float glass, 6mm thick",173.0,square metre,B10600052025MM01B0100.xlsx
2025-01,monthly,material_wholesale_price,"Colour tiles, 200mm x 200mm, include white",460.0,100 pieces,B10600052025MM01B0100.xlsx
2025-01,monthly,material_wholesale_price,"Concrete blocks, 100mm thick",106.0,square metre,B10600052025MM01B0100.csv
2025-01,monthly,material_wholesale_price,"Concrete blocks, 100mm thick",106.0,square metre,B10600052025MM01B0100.xlsx
2025-01,monthly,material_wholesale_price,"Copper pipes - 22mm diameter pipes, 5.8m long",345.0,no.,B10600052025MM01B0100.csv
2025-01,monthly,material_wholesale_price,Diesel fuel - For industrial use (light),3542.0,200-litre drum,B10600052025MM01B0100.csv
2025-01,monthly,material_wholesale_price,Diesel fuel - For road use,2186.0,100 litre,B10600052025MM01B0100.csv
2025-01,monthly,material_wholesale_price,Emulsion paint,68.0,litre,B10600052025MM01B0100.xlsx
2025-01,monthly,material_wholesale_price,"Epoxy coated cast iron pipes - 100mm diameter pipes, 3m long",640.0,no.,B10600052025MM01B0100.csv
2025-01,monthly,material_wholesale_price,For industrial use (light),3542.0,200-litre drum,B10600052025MM01B0100.xlsx
2025-01,monthly,material_wholesale_price,For road use,2186.0,100 litre,B10600052025MM01B0100.xlsx
2025-01,monthly,material_wholesale_price,"GMS pipes - 100mm diameter pipes, 6m long",1257.0,no.,B10600052025MM01B0100.csv
2025-01,monthly,material_wholesale_price,Galvanised mild steel - Steel flats,10417.0,tonne,B10600052025MM01B0100.csv
2025-01,monthly,material_wholesale_price,Galvanised mild steel - Steel hollow sections,13416.0,tonne,B10600052025MM01B0100.csv
2025-01,monthly,material_wholesale_price,Galvanised mild steel - Steel plates,16832.0,tonne,B10600052025MM01B0100.csv
2025-01,monthly,material_wholesale_price,"Glass - Clear float glass, 6mm thick",173.0,square metre,B10600052025MM01B0100.csv
2025-01,monthly,material_wholesale_price,"Glass - Tinted glass, 6mm thick",286.0,square metre,B10600052025MM01B0100.csv
2025-01,monthly,material_wholesale_price,"Glazed ceramic wall tiles - Colour tiles, 200mm x 200mm, include white",460.0,100 pieces,B10600052025MM01B0100.csv
2025-01,monthly,material_wholesale_price,"Glazed tiles, 45mm x 45mm",174.0,square metre,B10600052025MM01B0100.xlsx
2025-01,monthly,material_wholesale_price,"High tensile steel bars, 10mm to 40mm",5144.0,tonne,B10600052025MM01B0100.xlsx
2025-01,monthly,material_wholesale_price,"Homogeneous floor tiles - Non-slip tile, 200mm x 200mm",262.0,square metre,B10600052025MM01B0100.csv
2025-01,monthly,material_wholesale_price,"Metal formwork - Steel plate, 4mm thick",5887.0,tonne,B10600052025MM01B0100.csv
2025-01,monthly,material_wholesale_price,"Mosaic tiles - Glazed tiles, 45mm x 45mm",174.0,square metre,B10600052025MM01B0100.csv
2025-01,monthly,material_wholesale_price,"Mosaic tiles - Unglazed tiles, 25mm x 25mm",224.0,square metre,B10600052025MM01B0100.csv
2025-01,monthly,material_wholesale_price,"Non-slip tile, 200mm x 200mm",262.0,square metre,B10600052025MM01B0100.xlsx
2025-01,monthly,material_wholesale_price,Paint - Acrylic paint,67.0,litre,B10600052025MM01B0100.csv
2025-01,monthly,material_wholesale_price,Paint - Emulsion paint,68.0,litre,B10600052025MM01B0100.csv
2025-01,monthly,material_wholesale_price,"Plywood, formwork, 19mm thick",86.0,square metre,B10600052025MM01B0100.xlsx
2025-01,monthly,material_wholesale_price,Portland cement (ordinary),905.0,tonne,B10600052025MM01B0100.csv
2025-01,monthly,material_wholesale_price,Portland cement (ordinary),905.0,tonne,B10600052025MM01B0100.xlsx
2025-01,monthly,material_wholesale_price,Sand,287.0,tonne,B10600052025MM01B0100.csv
2025-01,monthly,material_wholesale_price,Sand,287.0,tonne,B10600052025MM01B0100.xlsx
2025-01,monthly,material_wholesale_price,"Sawn hardwood, 50mm x 75mm column",6955.0,cubic metre,B10600052025MM01B0100.xlsx
2025-01,monthly,material_wholesale_price,Steel flats,10417.0,tonne,B10600052025MM01B0100.xlsx
2025-01,monthly,material_wholesale_price,Steel hollow sections,13416.0,tonne,B10600052025MM01B0100.xlsx
2025-01,monthly,material_wholesale_price,"Steel plate, 4mm thick",5887.0,tonne,B10600052025MM01B0100.xlsx
2025-01,monthly,material_wholesale_price,Steel plates,16832.0,tonne,B10600052025MM01B0100.xlsx
2025-01,monthly,material_wholesale_price,"Steel reinforcement - High tensile steel bars, 10mm to 40mm",5144.0,tonne,B10600052025MM01B0100.csv
2025-01,monthly,material_wholesale_price,"Timber formwork - Plywood, formwork, 19mm thick",86.0,square metre,B10600052025MM01B0100.csv
2025-01,monthly,material_wholesale_price,"Tinted glass, 6mm thick",286.0,square metre,B10600052025MM01B0100.xlsx
2025-01,monthly,material_wholesale_price,"Unglazed tiles, 25mm x 25mm",224.0,square metre,B10600052025MM01B0100.xlsx
2025-01,monthly,material_wholesale_price,"Woodwork - Sawn hardwood, 50mm x 75mm column",6955.0,cubic metre,B10600052025MM01B0100.csv
2025-01,monthly,material_wholesale_price,"uPVC pipes - 32mm diameter pipes, 4m long",60.0,no.,B10600052025MM01B0100.csv
2025-02,monthly,material_wholesale_price,"100mm diameter pipes, 3m long",640.0,no.,B10600052025MM02B0100.xlsx
2025-02,monthly,material_wholesale_price,"100mm diameter pipes, 6m long",1257.0,no.,B10600052025MM02B0100.xlsx
2025-02,monthly,material_wholesale_price,"22mm diameter pipes, 5.8m long",345.0,no.,B10600052025MM02B0100.xlsx
2025-02,monthly,material_wholesale_price,"32mm diameter pipes, 4m long",60.0,no.,B10600052025MM02B0100.xlsx
2025-02,monthly,material_wholesale_price,Acrylic paint,67.0,litre,B10600052025MM02B0100.xlsx
2025-02,monthly,material_wholesale_price,Aggregates,90.0,tonne,B10600052025MM02B0100.csv
2025-02,monthly,material_wholesale_price,Aggregates,90.0,tonne,B10600052025MM02B0100.xlsx
2025-02,monthly,material_wholesale_price,Bitumen,9700.0,tonne,B10600052025MM02B0100.csv
2025-02,monthly,material_wholesale_price,Bitumen,9700.0,tonne,B10600052025MM02B0100.xlsx
2025-02,monthly,material_wholesale_price,"Clear float glass, 6mm thick",173.0,square metre,B10600052025MM02B0100.xlsx
2025-02,monthly,material_wholesale_price,"Colour tiles, 200mm x 200mm, include white",460.0,100 pieces,B10600052025MM02B0100.xlsx
2025-02,monthly,material_wholesale_price,"Concrete blocks, 100mm thick",106.0,square metre,B10600052025MM02B0100.csv
2025-02,monthly,material_wholesale_price,"Concrete blocks, 100mm thick",106.0,square metre,B10600052025MM02B0100.xlsx
2025-02,monthly,material_wholesale_price,"Copper pipes - 22mm diameter pipes, 5.8m long",345.0,no.,B10600052025MM02B0100.csv
2025-02,monthly,material_wholesale_price,Diesel fuel - For industrial use (light),3555.0,200-litre drum,B10600052025MM02B0100.csv
2025-02,monthly,material_wholesale_price,Diesel fuel - For road use,2239.0,100 litre,B10600052025MM02B0100.csv
2025-02,monthly,material_wholesale_price,Emulsion paint,69.0,litre,B10600052025MM02B0100.xlsx
2025-02,monthly,material_wholesale_price,"Epoxy coated cast iron pipes - 100mm diameter pipes, 3m long",640.0,no.,B10600052025MM02B0100.csv
2025-02,monthly,material_wholesale_price,For industrial use (light),3555.0,200-litre drum,B10600052025MM02B0100.xlsx
2025-02,monthly,material_wholesale_price,For road use,2239.0,100 litre,B10600052025MM02B0100.xlsx
2025-02,monthly,material_wholesale_price,"GMS pipes - 100mm diameter pipes, 6m long",1257.0,no.,B10600052025MM02B0100.csv
2025-02,monthly,material_wholesale_price,Galvanised mild steel - Steel flats,10417.0,tonne,B10600052025MM02B0100.csv
2025-02,monthly,material_wholesale_price,Galvanised mild steel - Steel hollow sections,13316.0,tonne,B10600052025MM02B0100.csv
2025-02,monthly,material_wholesale_price,Galvanised mild steel - Steel plates,16832.0,tonne,B10600052025MM02B0100.csv
2025-02,monthly,material_wholesale_price,"Glass - Clear float glass, 6mm thick",173.0,square metre,B10600052025MM02B0100.csv
2025-02,monthly,material_wholesale_price,"Glass - Tinted glass, 6mm thick",286.0,square metre,B10600052025MM02B0100.csv
2025-02,monthly,material_wholesale_price,"Glazed ceramic wall tiles - Colour tiles, 200mm x 200mm, include white",460.0,100 pieces,B10600052025MM02B0100.csv
2025-02,monthly,material_wholesale_price,"Glazed tiles, 45mm x 45mm",174.0,square metre,B10600052025MM02B0100.xlsx
2025-02,monthly,material_wholesale_price,"High tensile steel bars, 10mm to 40mm",5079.0,tonne,B10600052025MM02B0100.xlsx
2025-02,monthly,material_wholesale_price,"Homogeneous floor tiles - Non-slip tile, 200mm x 200mm",262.0,square metre,B10600052025MM02B0100.csv
2025-02,monthly,material_wholesale_price,"Metal formwork - Steel plate, 4mm thick",5879.0,tonne,B10600052025MM02B0100.csv
2025-02,monthly,material_wholesale_price,"Mosaic tiles - Glazed tiles, 45mm x 45mm",174.0,square metre,B10600052025MM02B0100.csv
2025-02,monthly,material_wholesale_price,"Mosaic tiles - Unglazed tiles, 25mm x 25mm",224.0,square metre,B10600052025MM02B0100.csv
2025-02,monthly,material_wholesale_price,"Non-slip tile, 200mm x 200mm",262.0,square metre,B10600052025MM02B0100.xlsx
2025-02,monthly,material_wholesale_price,Paint - Acrylic paint,67.0,litre,B10600052025MM02B0100.csv
2025-02,monthly,material_wholesale_price,Paint - Emulsion paint,69.0,litre,B10600052025MM02B0100.csv
2025-02,monthly,material_wholesale_price,"Plywood, formwork, 19mm thick",86.0,square metre,B10600052025MM02B0100.xlsx
2025-02,monthly,material_wholesale_price,Portland cement (ordinary),901.0,tonne,B10600052025MM02B0100.csv
2025-02,monthly,material_wholesale_price,Portland cement (ordinary),901.0,tonne,B10600052025MM02B0100.xlsx
2025-02,monthly,material_wholesale_price,Sand,276.0,tonne,B10600052025MM02B0100.csv
2025-02,monthly,material_wholesale_price,Sand,276.0,tonne,B10600052025MM02B0100.xlsx
2025-02,monthly,material_wholesale_price,"Sawn hardwood, 50mm x 75mm column",6955.0,cubic metre,B10600052025MM02B0100.xlsx
2025-02,monthly,material_wholesale_price,Steel flats,10417.0,tonne,B10600052025MM02B0100.xlsx
2025-02,monthly,material_wholesale_price,Steel hollow sections,13316.0,tonne,B10600052025MM02B0100.xlsx
2025-02,monthly,material_wholesale_price,"Steel plate, 4mm thick",5879.0,tonne,B10600052025MM02B0100.xlsx
2025-02,monthly,material_wholesale_price,Steel plates,16832.0,tonne,B10600052025MM02B0100.xlsx
2025-02,monthly,material_wholesale_price,"Steel reinforcement - High tensile steel bars, 10mm to 40mm",5079.0,tonne,B10600052025MM02B0100.csv
2025-02,monthly,material_wholesale_price,"Timber formwork - Plywood, formwork, 19mm thick",86.0,square metre,B10600052025MM02B0100.csv
2025-02,monthly,material_wholesale_price,"Tinted glass, 6mm thick",286.0,square metre,B10600052025MM02B0100.xlsx
2025-02,monthly,material_wholesale_price,"Unglazed tiles, 25mm x 25mm",224.0,square metre,B10600052025MM02B0100.xlsx
2025-02,monthly,material_wholesale_price,"Woodwork - Sawn hardwood, 50mm x 75mm column",6955.0,cubic metre,B10600052025MM02B0100.csv
2025-02,monthly,material_wholesale_price,"uPVC pipes - 32mm diameter pipes, 4m long",60.0,no.,B10600052025MM02B0100.csv
2025-03,monthly,material_wholesale_price,"100mm diameter pipes, 3m long",640.0,no.,B10600052025MM03B0100.xlsx
2025-03,monthly,material_wholesale_price,"100mm diameter pipes, 6m long",1242.0,no.,B10600052025MM03B0100.xlsx
2025-03,monthly,material_wholesale_price,"22mm diameter pipes, 5.8m long",347.0,no.,B10600052025MM03B0100.xlsx
2025-03,monthly,material_wholesale_price,"32mm diameter pipes, 4m long",60.0,no.,B10600052025MM03B0100.xlsx
2025-03,monthly,material_wholesale_price,Acrylic paint,67.0,litre,B10600052025MM03B0100.xlsx
2025-03,monthly,material_wholesale_price,Aggregates,89.0,tonne,B10600052025MM03B0100.csv
2025-03,monthly,material_wholesale_price,Aggregates,89.0,tonne,B10600052025MM03B0100.xlsx
2025-03,monthly,material_wholesale_price,Bitumen,9700.0,tonne,B10600052025MM03B0100.csv
2025-03,monthly,material_wholesale_price,Bitumen,9700.0,tonne,B10600052025MM03B0100.xlsx
2025-03,monthly,material_wholesale_price,"Clear float glass, 6mm thick",174.0,square metre,B10600052025MM03B0100.xlsx
2025-03,monthly,material_wholesale_price,"Colour tiles, 200mm x 200mm, include white",460.0,100 pieces,B10600052025MM03B0100.xlsx
2025-03,monthly,material_wholesale_price,"Concrete blocks, 100mm thick",106.0,square metre,B10600052025MM03B0100.csv
2025-03,monthly,material_wholesale_price,"Concrete blocks, 100mm thick",106.0,square metre,B10600052025MM03B0100.xlsx
2025-03,monthly,material_wholesale_price,"Copper pipes - 22mm diameter pipes, 5.8m long",347.0,no.,B10600052025MM03B0100.csv
2025-03,monthly,material_wholesale_price,Diesel fuel - For industrial use (light),3545.0,200-litre drum,B10600052025MM03B0100.csv
2025-03,monthly,material_wholesale_price,Diesel fuel - For road use,2244.0,100 litre,B10600052025MM03B0100.csv
2025-03,monthly,material_wholesale_price,Emulsion paint,69.0,litre,B10600052025MM03B0100.xlsx
2025-03,monthly,material_wholesale_price,"Epoxy coated cast iron pipes - 100mm diameter pipes, 3m long",640.0,no.,B10600052025MM03B0100.csv
2025-03,monthly,material_wholesale_price,For industrial use (light),3545.0,200-litre drum,B10600052025MM03B0100.xlsx
2025-03,monthly,material_wholesale_price,For road use,2244.0,100 litre,B10600052025MM03B0100.xlsx
2025-03,monthly,material_wholesale_price,"GMS pipes - 100mm diameter pipes, 6m long",1242.0,no.,B10600052025MM03B0100.csv
2025-03,monthly,material_wholesale_price,Galvanised mild steel - Steel flats,10417.0,tonne,B10600052025MM03B0100.csv
2025-03,monthly,material_wholesale_price,Galvanised mild steel - Steel hollow sections,13316.0,tonne,B10600052025MM03B0100.csv
2025-03,monthly,material_wholesale_price,Galvanised mild steel - Steel plates,16215.0,tonne,B10600052025MM03B0100.csv
2025-03,monthly,material_wholesale_price,"Glass - Clear float glass, 6mm thick",174.0,square metre,B10600052025MM03B0100.csv
2025-03,monthly,material_wholesale_price,"Glass - Tinted glass, 6mm thick",284.0,square metre,B10600052025MM03B0100.csv
2025-03,monthly,material_wholesale_price,"Glazed ceramic wall tiles - Colour tiles, 200mm x 200mm, include white",460.0,100 pieces,B10600052025MM03B0100.csv
2025-03,monthly,material_wholesale_price,"Glazed tiles, 45mm x 45mm",172.0,square metre,B10600052025MM03B0100.xlsx
2025-03,monthly,material_wholesale_price,"High tensile steel bars, 10mm to 40mm",5034.0,tonne,B10600052025MM03B0100.xlsx
2025-03,monthly,material_wholesale_price,"Homogeneous floor tiles - Non-slip tile, 200mm x 200mm",260.0,square metre,B10600052025MM03B0100.csv
2025-03,monthly,material_wholesale_price,"Metal formwork - Steel plate, 4mm thick",5879.0,tonne,B10600052025MM03B0100.csv
2025-03,monthly,material_wholesale_price,"Mosaic tiles - Glazed tiles, 45mm x 45mm",172.0,square metre,B10600052025MM03B0100.csv
2025-03,monthly,material_wholesale_price,"Mosaic tiles - Unglazed tiles, 25mm x 25mm",221.0,square metre,B10600052025MM03B0100.csv
2025-03,monthly,material_wholesale_price,"Non-slip tile, 200mm x 200mm",260.0,square metre,B10600052025MM03B0100.xlsx
2025-03,monthly,material_wholesale_price,Paint - Acrylic paint,67.0,litre,B10600052025MM03B0100.csv
2025-03,monthly,material_wholesale_price,Paint - Emulsion paint,69.0,litre,B10600052025MM03B0100.csv
2025-03,monthly,material_wholesale_price,"Plywood, formwork, 19mm thick",86.0,square metre,B10600052025MM03B0100.xlsx
2025-03,monthly,material_wholesale_price,Portland cement (ordinary),910.0,tonne,B10600052025MM03B0100.csv
2025-03,monthly,material_wholesale_price,Portland cement (ordinary),910.0,tonne,B10600052025MM03B0100.xlsx
2025-03,monthly,material_wholesale_price,Sand,271.0,tonne,B10600052025MM03B0100.csv
2025-03,monthly,material_wholesale_price,Sand,271.0,tonne,B10600052025MM03B0100.xlsx
2025-03,monthly,material_wholesale_price,"Sawn hardwood, 50mm x 75mm column",6955.0,cubic metre,B10600052025MM03B0100.xlsx
2025-03,monthly,material_wholesale_price,Steel flats,10417.0,tonne,B10600052025MM03B0100.xlsx
2025-03,monthly,material_wholesale_price,Steel hollow sections,13316.0,tonne,B10600052025MM03B0100.xlsx
2025-03,monthly,material_wholesale_price,"Steel plate, 4mm thick",5879.0,tonne,B10600052025MM03B0100.xlsx
2025-03,monthly,material_wholesale_price,Steel plates,16215.0,tonne,B10600052025MM03B0100.xlsx
2025-03,monthly,material_wholesale_price,"Steel reinforcement - High tensile steel bars, 10mm to 40mm",5034.0,tonne,B10600052025MM03B0100.csv
2025-03,monthly,material_wholesale_price,"Timber formwork - Plywood, formwork, 19mm thick",86.0,square metre,B10600052025MM03B0100.csv
2025-03,monthly,material_wholesale_price,"Tinted glass, 6mm thick",284.0,square metre,B10600052025MM03B0100.xlsx
2025-03,monthly,material_wholesale_price,"Unglazed tiles, 25mm x 25mm",221.0,square metre,B10600052025MM03B0100.xlsx
2025-03,monthly,material_wholesale_price,"Woodwork - Sawn hardwood, 50mm x 75mm column",6955.0,cubic metre,B10600052025MM03B0100.csv
2025-03,monthly,material_wholesale_price,"uPVC pipes - 32mm diameter pipes, 4m long",60.0,no.,B10600052025MM03B0100.csv
2025-04,monthly,material_wholesale_price,"100mm diameter pipes, 3m long",640.0,no.,B10600052025MM04B0100.xlsx
2025-04,monthly,material_wholesale_price,"100mm diameter pipes, 6m long",1242.0,no.,B10600052025MM04B0100.xlsx
2025-04,monthly,material_wholesale_price,"22mm diameter pipes, 5.8m long",345.0,no.,B10600052025MM04B0100.xlsx
2025-04,monthly,material_wholesale_price,"32mm diameter pipes, 4m long",60.0,no.,B10600052025MM04B0100.xlsx
2025-04,monthly,material_wholesale_price,Acrylic paint,67.0,litre,B10600052025MM04B0100.xlsx
2025-04,monthly,material_wholesale_price,Aggregates,88.0,tonne,B10600052025MM04B0100.csv
2025-04,monthly,material_wholesale_price,Aggregates,88.0,tonne,B10600052025MM04B0100.xlsx
2025-04,monthly,material_wholesale_price,Bitumen,9700.0,tonne,B10600052025MM04B0100.csv
2025-04,monthly,material_wholesale_price,Bitumen,9700.0,tonne,B10600052025MM04B0100.xlsx
2025-04,monthly,material_wholesale_price,"Clear float glass, 6mm thick",174.0,square metre,B10600052025MM04B0100.xlsx
2025-04,monthly,material_wholesale_price,"Colour tiles, 200mm x 200mm, include white",460.0,100 pieces,B10600052025MM04B0100.xlsx
2025-04,monthly,material_wholesale_price,"Concrete blocks, 100mm thick",105.0,square metre,B10600052025MM04B0100.csv
2025-04,monthly,material_wholesale_price,"Concrete blocks, 100mm thick",105.0,square metre,B10600052025MM04B0100.xlsx
2025-04,monthly,material_wholesale_price,"Copper pipes - 22mm diameter pipes, 5.8m long",345.0,no.,B10600052025MM04B0100.csv
2025-04,monthly,material_wholesale_price,Diesel fuel - For industrial use (light),3517.0,200-litre drum,B10600052025MM04B0100.csv
2025-04,monthly,material_wholesale_price,Diesel fuel - For road use,2262.0,100 litre,B10600052025MM04B0100.csv
2025-04,monthly,material_wholesale_price,Emulsion paint,69.0,litre,B10600052025MM04B0100.xlsx
2025-04,monthly,material_wholesale_price,"Epoxy coated cast iron pipes - 100mm diameter pipes, 3m long",640.0,no.,B10600052025MM04B0100.csv
2025-04,monthly,material_wholesale_price,For industrial use (light),3517.0,200-litre drum,B10600052025MM04B0100.xlsx
2025-04,monthly,material_wholesale_price,For road use,2262.0,100 litre,B10600052025MM04B0100.xlsx
2025-04,monthly,material_wholesale_price,"GMS pipes - 100mm diameter pipes, 6m long",1242.0,no.,B10600052025MM04B0100.csv
2025-04,monthly,material_wholesale_price,Galvanised mild steel - Steel flats,10417.0,tonne,B10600052025MM04B0100.csv
2025-04,monthly,material_wholesale_price,Galvanised mild steel - Steel hollow sections,13316.0,tonne,B10600052025MM04B0100.csv
2025-04,monthly,material_wholesale_price,Galvanised mild steel - Steel plates,16215.0,tonne,B10600052025MM04B0100.csv
2025-04,monthly,material_wholesale_price,"Glass - Clear float glass, 6mm thick",174.0,square metre,B10600052025MM04B0100.csv
2025-04,monthly,material_wholesale_price,"Glass - Tinted glass, 6mm thick",284.0,square metre,B10600052025MM04B0100.csv
2025-04,monthly,material_wholesale_price,"Glazed ceramic wall tiles - Colour tiles, 200mm x 200mm, include white",460.0,100 pieces,B10600052025MM04B0100.csv
2025-04,monthly,material_wholesale_price,"Glazed tiles, 45mm x 45mm",172.0,square metre,B10600052025MM04B0100.xlsx
2025-04,monthly,material_wholesale_price,"High tensile steel bars, 10mm to 40mm",4985.0,tonne,B10600052025MM04B0100.xlsx
2025-04,monthly,material_wholesale_price,"Homogeneous floor tiles - Non-slip tile, 200mm x 200mm",260.0,square metre,B10600052025MM04B0100.csv
2025-04,monthly,material_wholesale_price,"Metal formwork - Steel plate, 4mm thick",5879.0,tonne,B10600052025MM04B0100.csv
2025-04,monthly,material_wholesale_price,"Mosaic tiles - Glazed tiles, 45mm x 45mm",172.0,square metre,B10600052025MM04B0100.csv
2025-04,monthly,material_wholesale_price,"Mosaic tiles - Unglazed tiles, 25mm x 25mm",219.0,square metre,B10600052025MM04B0100.csv
2025-04,monthly,material_wholesale_price,"Non-slip tile, 200mm x 200mm",260.0,square metre,B10600052025MM04B0100.xlsx
2025-04,monthly,material_wholesale_price,Paint - Acrylic paint,67.0,litre,B10600052025MM04B0100.csv
2025-04,monthly,material_wholesale_price,Paint - Emulsion paint,69.0,litre,B10600052025MM04B0100.csv
2025-04,monthly,material_wholesale_price,"Plywood, formwork, 19mm thick",85.0,square metre,B10600052025MM04B0100.xlsx
2025-04,monthly,material_wholesale_price,Portland cement (ordinary),908.0,tonne,B10600052025MM04B0100.csv
2025-04,monthly,material_wholesale_price,Portland cement (ordinary),908.0,tonne,B10600052025MM04B0100.xlsx
2025-04,monthly,material_wholesale_price,Sand,285.0,tonne,B10600052025MM04B0100.csv
2025-04,monthly,material_wholesale_price,Sand,285.0,tonne,B10600052025MM04B0100.xlsx
2025-04,monthly,material_wholesale_price,"Sawn hardwood, 50mm x 75mm column",6955.0,cubic metre,B10600052025MM04B0100.xlsx
2025-04,monthly,material_wholesale_price,Steel flats,10417.0,tonne,B10600052025MM04B0100.xlsx
2025-04,monthly,material_wholesale_price,Steel hollow sections,13316.0,tonne,B10600052025MM04B0100.xlsx
2025-04,monthly,material_wholesale_price,"Steel plate, 4mm thick",5879.0,tonne,B10600052025MM04B0100.xlsx
2025-04,monthly,material_wholesale_price,Steel plates,16215.0,tonne,B10600052025MM04B0100.xlsx
2025-04,monthly,material_wholesale_price,"Steel reinforcement - High tensile steel bars, 10mm to 40mm",4985.0,tonne,B10600052025MM04B0100.csv
2025-04,monthly,material_wholesale_price,"Timber formwork - Plywood, formwork, 19mm thick",85.0,square metre,B10600052025MM04B0100.csv
2025-04,monthly,material_wholesale_price,"Tinted glass, 6mm thick",284.0,square metre,B10600052025MM04B0100.xlsx
2025-04,monthly,material_wholesale_price,"Unglazed tiles, 25mm x 25mm",219.0,square metre,B10600052025MM04B0100.xlsx
2025-04,monthly,material_wholesale_price,"Woodwork - Sawn hardwood, 50mm x 75mm column",6955.0,cubic metre,B10600052025MM04B0100.csv
2025-04,monthly,material_wholesale_price,"uPVC pipes - 32mm diameter pipes, 4m long",60.0,no.,B10600052025MM04B0100.csv
2025-05,monthly,material_wholesale_price,Aggregates,87.0,tonne,B10600052025MM05B0100.csv
2025-05,monthly,material_wholesale_price,Bitumen,9692.0,tonne,B10600052025MM05B0100.csv
2025-05,monthly,material_wholesale_price,"Concrete blocks, 100mm thick",105.0,square metre,B10600052025MM05B0100.csv
2025-05,monthly,material_wholesale_price,"Copper pipes - 22mm diameter pipes, 5.8m long",345.0,no.,B10600052025MM05B0100.csv
2025-05,monthly,material_wholesale_price,Diesel fuel - For industrial use (light),3518.0,200-litre drum,B10600052025MM05B0100.csv
2025-05,monthly,material_wholesale_price,Diesel fuel - For road use,2272.0,100 litre,B10600052025MM05B0100.csv
2025-05,monthly,material_wholesale_price,"Epoxy coated cast iron pipes - 100mm diameter pipes, 3m long",640.0,no.,B10600052025MM05B0100.csv
2025-05,monthly,material_wholesale_price,"GMS pipes - 100mm diameter pipes, 6m long",1230.0,no.,B10600052025MM05B0100.csv
2025-05,monthly,material_wholesale_price,Galvanised mild steel - Steel flats,10417.0,tonne,B10600052025MM05B0100.csv
2025-05,monthly,material_wholesale_price,Galvanised mild steel - Steel hollow sections,13203.0,tonne,B10600052025MM05B0100.csv
2025-05,monthly,material_wholesale_price,Galvanised mild steel - Steel plates,16215.0,tonne,B10600052025MM05B0100.csv
2025-05,monthly,material_wholesale_price,"Glass - Clear float glass, 6mm thick",174.0,square metre,B10600052025MM05B0100.csv
2025-05,monthly,material_wholesale_price,"Glass - Tinted glass, 6mm thick",284.0,square metre,B10600052025MM05B0100.csv
2025-05,monthly,material_wholesale_price,"Glazed ceramic wall tiles - Colour tiles, 200mm x 200mm, include white",460.0,100 pieces,B10600052025MM05B0100.csv
2025-05,monthly,material_wholesale_price,"Homogeneous floor tiles - Non-slip tile, 200mm x 200mm",260.0,square metre,B10600052025MM05B0100.csv
2025-05,monthly,material_wholesale_price,"Metal formwork - Steel plate, 4mm thick",5870.0,tonne,B10600052025MM05B0100.csv
2025-05,monthly,material_wholesale_price,"Mosaic tiles - Glazed tiles, 45mm x 45mm",172.0,square metre,B10600052025MM05B0100.csv
2025-05,monthly,material_wholesale_price,"Mosaic tiles - Unglazed tiles, 25mm x 25mm",219.0,square metre,B10600052025MM05B0100.csv
2025-05,monthly,material_wholesale_price,Paint - Acrylic paint,67.0,litre,B10600052025MM05B0100.csv
2025-05,monthly,material_wholesale_price,Paint - Emulsion paint,68.0,litre,B10600052025MM05B0100.csv
2025-05,monthly,material_wholesale_price,Portland cement (ordinary),905.0,tonne,B10600052025MM05B0100.csv
2025-05,monthly,material_wholesale_price,Sand,266.0,tonne,B10600052025MM05B0100.csv
2025-05,monthly,material_wholesale_price,"Steel reinforcement - High tensile steel bars, 10mm to 40mm",4966.0,tonne,B10600052025MM05B0100.csv
2025-05,monthly,material_wholesale_price,"Timber formwork - Plywood, formwork, 19mm thick",84.0,square metre,B10600052025MM05B0100.csv
2025-05,monthly,material_wholesale_price,"Woodwork - Sawn hardwood, 50mm x 75mm column",6955.0,cubic metre,B10600052025MM05B0100.csv
2025-05,monthly,material_wholesale_price,"uPVC pipes - 32mm diameter pipes, 4m long",60.0,no.,B10600052025MM05B0100.csv
2025-06,monthly,material_wholesale_price,"100mm diameter pipes, 3m long",640.0,no.,B10600052025MM06B0100.xlsx
2025-06,monthly,material_wholesale_price,"100mm diameter pipes, 6m long",1230.0,no.,B10600052025MM06B0100.xlsx
2025-06,monthly,material_wholesale_price,"22mm diameter pipes, 5.8m long",349.0,no.,B10600052025MM06B0100.xlsx
2025-06,monthly,material_wholesale_price,"32mm diameter pipes, 4m long",60.0,no.,B10600052025MM06B0100.xlsx
2025-06,monthly,material_wholesale_price,Acrylic paint,67.0,litre,B10600052025MM06B0100.xlsx
2025-06,monthly,material_wholesale_price,Aggregates,86.0,tonne,B10600052025MM06B0100.csv
2025-06,monthly,material_wholesale_price,Aggregates,86.0,tonne,B10600052025MM06B0100.xlsx
2025-06,monthly,material_wholesale_price,Bitumen,9769.0,tonne,B10600052025MM06B0100.csv
2025-06,monthly,material_wholesale_price,Bitumen,9769.0,tonne,B10600052025MM06B0100.xlsx
2025-06,monthly,material_wholesale_price,"Clear float glass, 6mm thick",177.0,square metre,B10600052025MM06B0100.xlsx
2025-06,monthly,material_wholesale_price,"Colour tiles, 200mm x 200mm, include white",454.0,100 pieces,B10600052025MM06B0100.xlsx
2025-06,monthly,material_wholesale_price,"Concrete blocks, 100mm thick",105.0,square metre,B10600052025MM06B0100.csv
2025-06,monthly,material_wholesale_price,"Concrete blocks, 100mm thick",105.0,square metre,B10600052025MM06B0100.xlsx
2025-06,monthly,material_wholesale_price,"Copper pipes - 22mm diameter pipes, 5.8m long",349.0,no.,B10600052025MM06B0100.csv
2025-06,monthly,material_wholesale_price,Diesel fuel - For industrial use (light),3568.0,200-litre drum,B10600052025MM06B0100.csv
2025-06,monthly,material_wholesale_price,Diesel fuel - For road use,2312.0,100 litre,B10600052025MM06B0100.csv
2025-06,monthly,material_wholesale_price,Emulsion paint,68.0,litre,B10600052025MM06B0100.xlsx
2025-06,monthly,material_wholesale_price,"Epoxy coated cast iron pipes - 100mm diameter pipes, 3m long",640.0,no.,B10600052025MM06B0100.csv
2025-06,monthly,material_wholesale_price,For industrial use (light),3568.0,200-litre drum,B10600052025MM06B0100.xlsx
2025-06,monthly,material_wholesale_price,For road use,2312.0,100 litre,B10600052025MM06B0100.xlsx
2025-06,monthly,material_wholesale_price,"GMS pipes - 100mm diameter pipes, 6m long",1230.0,no.,B10600052025MM06B0100.csv
2025-06,monthly,material_wholesale_price,Galvanised mild steel - Steel flats,10417.0,tonne,B10600052025MM06B0100.csv
2025-06,monthly,material_wholesale_price,Galvanised mild steel - Steel hollow sections,13203.0,tonne,B10600052025MM06B0100.csv
2025-06,monthly,material_wholesale_price,Galvanised mild steel - Steel plates,16215.0,tonne,B10600052025MM06B0100.csv
2025-06,monthly,material_wholesale_price,"Glass - Clear float glass, 6mm thick",177.0,square metre,B10600052025MM06B0100.csv
2025-06,monthly,material_wholesale_price,"Glass - Tinted glass, 6mm thick",284.0,square metre,B10600052025MM06B0100.csv
2025-06,monthly,material_wholesale_price,"Glazed ceramic wall tiles - Colour tiles, 200mm x 200mm, include white",454.0,100 pieces,B10600052025MM06B0100.csv
2025-06,monthly,material_wholesale_price,"Glazed tiles, 45mm x 45mm",172.0,square metre,B10600052025MM06B0100.xlsx
2025-06,monthly,material_wholesale_price,"High tensile steel bars, 10mm to 40mm",4886.0,tonne,B10600052025MM06B0100.xlsx
2025-06,monthly,material_wholesale_price,"Homogeneous floor tiles - Non-slip tile, 200mm x 200mm",260.0,square metre,B10600052025MM06B0100.csv
2025-06,monthly,material_wholesale_price,"Metal formwork - Steel plate, 4mm thick",5870.0,tonne,B10600052025MM06B0100.csv
2025-06,monthly,material_wholesale_price,"Mosaic tiles - Glazed tiles, 45mm x 45mm",172.0,square metre,B10600052025MM06B0100.csv
2025-06,monthly,material_wholesale_price,"Mosaic tiles - Unglazed tiles, 25mm x 25mm",219.0,square metre,B10600052025MM06B0100.csv
2025-06,monthly,material_wholesale_price,"Non-slip tile, 200mm x 200mm",260.0,square metre,B10600052025MM06B0100.xlsx
2025-06,monthly,material_wholesale_price,Paint - Acrylic paint,67.0,litre,B10600052025MM06B0100.csv
2025-06,monthly,material_wholesale_price,Paint - Emulsion paint,68.0,litre,B10600052025MM06B0100.csv
2025-06,monthly,material_wholesale_price,"Plywood, formwork, 19mm thick",84.0,square metre,B10600052025MM06B0100.xlsx
2025-06,monthly,material_wholesale_price,Portland cement (ordinary),903.0,tonne,B10600052025MM06B0100.csv
2025-06,monthly,material_wholesale_price,Portland cement (ordinary),903.0,tonne,B10600052025MM06B0100.xlsx
2025-06,monthly,material_wholesale_price,Sand,258.0,tonne,B10600052025MM06B0100.csv
2025-06,monthly,material_wholesale_price,Sand,258.0,tonne,B10600052025MM06B0100.xlsx
2025-06,monthly,material_wholesale_price,"Sawn hardwood, 50mm x 75mm column",6955.0,cubic metre,B10600052025MM06B0100.xlsx
2025-06,monthly,material_wholesale_price,Steel flats,10417.0,tonne,B10600052025MM06B0100.xlsx
2025-06,monthly,material_wholesale_price,Steel hollow sections,13203.0,tonne,B10600052025MM06B0100.xlsx
2025-06,monthly,material_wholesale_price,"Steel plate, 4mm thick",5870.0,tonne,B10600052025MM06B0100.xlsx
2025-06,monthly,material_wholesale_price,Steel plates,16215.0,tonne,B10600052025MM06B0100.xlsx
2025-06,monthly,material_wholesale_price,"Steel reinforcement - High tensile steel bars, 10mm to 40mm",4886.0,tonne,B10600052025MM06B0100.csv
2025-06,monthly,material_wholesale_price,"Timber formwork - Plywood, formwork, 19mm thick",84.0,square metre,B10600052025MM06B0100.csv
2025-06,monthly,material_wholesale_price,"Tinted glass, 6mm thick",284.0,square metre,B10600052025MM06B0100.xlsx
2025-06,monthly,material_wholesale_price,"Unglazed tiles, 25mm x 25mm",219.0,square metre,B10600052025MM06B0100.xlsx
2025-06,monthly,material_wholesale_price,"Woodwork - Sawn hardwood, 50mm x 75mm column",6955.0,cubic metre,B10600052025MM06B0100.csv
2025-06,monthly,material_wholesale_price,"uPVC pipes - 32mm diameter pipes, 4m long",60.0,no.,B10600052025MM06B0100.csv
2025-07,monthly,material_wholesale_price,"100mm diameter pipes, 3m long",640.0,no.,B10600052025MM07B0100.xlsx
2025-07,monthly,material_wholesale_price,"100mm diameter pipes, 6m long",1230.0,no.,B10600052025MM07B0100.xlsx
2025-07,monthly,material_wholesale_price,"22mm diameter pipes, 5.8m long",345.0,no.,B10600052025MM07B0100.xlsx
2025-07,monthly,material_wholesale_price,"32mm diameter pipes, 4m long",60.0,no.,B10600052025MM07B0100.xlsx
2025-07,monthly,material_wholesale_price,Acrylic paint,67.0,litre,B10600052025MM07B0100.xlsx
2025-07,monthly,material_wholesale_price,Aggregates,88.0,tonne,B10600052025MM07B0100.csv
2025-07,monthly,material_wholesale_price,Aggregates,88.0,tonne,B10600052025MM07B0100.xlsx
2025-07,monthly,material_wholesale_price,Bitumen,9972.0,tonne,B10600052025MM07B0100.csv
2025-07,monthly,material_wholesale_price,Bitumen,9972.0,tonne,B10600052025MM07B0100.xlsx
2025-07,monthly,material_wholesale_price,"Clear float glass, 6mm thick",177.0,square metre,B10600052025MM07B0100.xlsx
2025-07,monthly,material_wholesale_price,"Colour tiles, 200mm x 200mm, include white",454.0,100 pieces,B10600052025MM07B0100.xlsx
2025-07,monthly,material_wholesale_price,"Concrete blocks, 100mm thick",105.0,square metre,B10600052025MM07B0100.csv
2025-07,monthly,material_wholesale_price,"Concrete blocks, 100mm thick",105.0,square metre,B10600052025MM07B0100.xlsx
2025-07,monthly,material_wholesale_price,"Copper pipes - 22mm diameter pipes, 5.8m long",345.0,no.,B10600052025MM07B0100.csv
2025-07,monthly,material_wholesale_price,Diesel fuel - For industrial use (light),3633.0,200-litre drum,B10600052025MM07B0100.csv
2025-07,monthly,material_wholesale_price,Diesel fuel - For road use,2364.0,100 litre,B10600052025MM07B0100.csv
2025-07,monthly,material_wholesale_price,Emulsion paint,68.0,litre,B10600052025MM07B0100.xlsx
2025-07,monthly,material_wholesale_price,"Epoxy coated cast iron pipes - 100mm diameter pipes, 3m long",640.0,no.,B10600052025MM07B0100.csv
2025-07,monthly,material_wholesale_price,For industrial use (light),3633.0,200-litre drum,B10600052025MM07B0100.xlsx
2025-07,monthly,material_wholesale_price,For road use,2364.0,100 litre,B10600052025MM07B0100.xlsx
2025-07,monthly,material_wholesale_price,"GMS pipes - 100mm diameter pipes, 6m long",1230.0,no.,B10600052025MM07B0100.csv
2025-07,monthly,material_wholesale_price,Galvanised mild steel - Steel flats,10417.0,tonne,B10600052025MM07B0100.csv
2025-07,monthly,material_wholesale_price,Galvanised mild steel - Steel hollow sections,13203.0,tonne,B10600052025MM07B0100.csv
2025-07,monthly,material_wholesale_price,Galvanised mild steel - Steel plates,16215.0,tonne,B10600052025MM07B0100.csv
2025-07,monthly,material_wholesale_price,"Glass - Clear float glass, 6mm thick",177.0,square metre,B10600052025MM07B0100.csv
2025-07,monthly,material_wholesale_price,"Glass - Tinted glass, 6mm thick",284.0,square metre,B10600052025MM07B0100.csv
2025-07,monthly,material_wholesale_price,"Glazed ceramic wall tiles - Colour tiles, 200mm x 200mm, include white",454.0,100 pieces,B10600052025MM07B0100.csv
2025-07,monthly,material_wholesale_price,"Glazed tiles, 45mm x 45mm",172.0,square metre,B10600052025MM07B0100.xlsx
2025-07,monthly,material_wholesale_price,"High tensile steel bars, 10mm to 40mm",4982.0,tonne,B10600052025MM07B0100.xlsx
2025-07,monthly,material_wholesale_price,"Homogeneous floor tiles - Non-slip tile, 200mm x 200mm",260.0,square metre,B10600052025MM07B0100.csv
2025-07,monthly,material_wholesale_price,"Metal formwork - Steel plate, 4mm thick",5870.0,tonne,B10600052025MM07B0100.csv
2025-07,monthly,material_wholesale_price,"Mosaic tiles - Glazed tiles, 45mm x 45mm",172.0,square metre,B10600052025MM07B0100.csv
2025-07,monthly,material_wholesale_price,"Mosaic tiles - Unglazed tiles, 25mm x 25mm",219.0,square metre,B10600052025MM07B0100.csv
2025-07,monthly,material_wholesale_price,"Non-slip tile, 200mm x 200mm",260.0,square metre,B10600052025MM07B0100.xlsx
2025-07,monthly,material_wholesale_price,Paint - Acrylic paint,67.0,litre,B10600052025MM07B0100.csv
2025-07,monthly,material_wholesale_price,Paint - Emulsion paint,68.0,litre,B10600052025MM07B0100.csv
2025-07,monthly,material_wholesale_price,"Plywood, formwork, 19mm thick",84.0,square metre,B10600052025MM07B0100.xlsx
2025-07,monthly,material_wholesale_price,Portland cement (ordinary),899.0,tonne,B10600052025MM07B0100.csv
2025-07,monthly,material_wholesale_price,Portland cement (ordinary),899.0,tonne,B10600052025MM07B0100.xlsx
2025-07,monthly,material_wholesale_price,Sand,261.0,tonne,B10600052025MM07B0100.csv
2025-07,monthly,material_wholesale_price,Sand,261.0,tonne,B10600052025MM07B0100.xlsx
2025-07,monthly,material_wholesale_price,"Sawn hardwood, 50mm x 75mm column",6955.0,cubic metre,B10600052025MM07B0100.xlsx
2025-07,monthly,material_wholesale_price,Steel flats,10417.0,tonne,B10600052025MM07B0100.xlsx
2025-07,monthly,material_wholesale_price,Steel hollow sections,13203.0,tonne,B10600052025MM07B0100.xlsx
2025-07,monthly,material_wholesale_price,"Steel plate, 4mm thick",5870.0,tonne,B10600052025MM07B0100.xlsx
2025-07,monthly,material_wholesale_price,Steel plates,16215.0,tonne,B10600052025MM07B0100.xlsx
2025-07,monthly,material_wholesale_price,"Steel reinforcement - High tensile steel bars, 10mm to 40mm",4982.0,tonne,B10600052025MM07B0100.csv
2025-07,monthly,material_wholesale_price,"Timber formwork - Plywood, formwork, 19mm thick",84.0,square metre,B10600052025MM07B0100.csv
2025-07,monthly,material_wholesale_price,"Tinted glass, 6mm thick",284.0,square metre,B10600052025MM07B0100.xlsx
2025-07,monthly,material_wholesale_price,"Unglazed tiles, 25mm x 25mm",219.0,square metre,B10600052025MM07B0100.xlsx
2025-07,monthly,material_wholesale_price,"Woodwork - Sawn hardwood, 50mm x 75mm column",6955.0,cubic metre,B10600052025MM07B0100.csv
2025-07,monthly,material_wholesale_price,"uPVC pipes - 32mm diameter pipes, 4m long",60.0,no.,B10600052025MM07B0100.csv
2025-08,monthly,material_wholesale_price,"100mm diameter pipes, 3m long",640.0,no.,B10600052025MM08B0100.xlsx
2025-08,monthly,material_wholesale_price,"100mm diameter pipes, 6m long",1230.0,no.,B10600052025MM08B0100.xlsx
2025-08,monthly,material_wholesale_price,"22mm diameter pipes, 5.8m long",345.0,no.,B10600052025MM08B0100.xlsx
2025-08,monthly,material_wholesale_price,"32mm diameter pipes, 4m long",60.0,no.,B10600052025MM08B0100.xlsx
2025-08,monthly,material_wholesale_price,Acrylic paint,68.0,litre,B10600052025MM08B0100.xlsx
2025-08,monthly,material_wholesale_price,Aggregates,89.0,tonne,B10600052025MM08B0100.csv
2025-08,monthly,material_wholesale_price,Aggregates,89.0,tonne,B10600052025MM08B0100.xlsx
2025-08,monthly,material_wholesale_price,Bitumen,9955.0,tonne,B10600052025MM08B0100.csv
2025-08,monthly,material_wholesale_price,Bitumen,9955.0,tonne,B10600052025MM08B0100.xlsx
2025-08,monthly,material_wholesale_price,"Clear float glass, 6mm thick",177.0,square metre,B10600052025MM08B0100.xlsx
2025-08,monthly,material_wholesale_price,"Colour tiles, 200mm x 200mm, include white",454.0,100 pieces,B10600052025MM08B0100.xlsx
2025-08,monthly,material_wholesale_price,"Concrete blocks, 100mm thick",105.0,square metre,B10600052025MM08B0100.csv
2025-08,monthly,material_wholesale_price,"Concrete blocks, 100mm thick",105.0,square metre,B10600052025MM08B0100.xlsx
2025-08,monthly,material_wholesale_price,"Copper pipes - 22mm diameter pipes, 5.8m long",345.0,no.,B10600052025MM08B0100.csv
2025-08,monthly,material_wholesale_price,Diesel fuel - For industrial use (light),3645.0,200-litre drum,B10600052025MM08B0100.csv
2025-08,monthly,material_wholesale_price,Diesel fuel - For road use,2392.0,100 litre,B10600052025MM08B0100.csv
2025-08,monthly,material_wholesale_price,Emulsion paint,68.0,litre,B10600052025MM08B0100.xlsx
2025-08,monthly,material_wholesale_price,"Epoxy coated cast iron pipes - 100mm diameter pipes, 3m long",640.0,no.,B10600052025MM08B0100.csv
2025-08,monthly,material_wholesale_price,For industrial use (light),3645.0,200-litre drum,B10600052025MM08B0100.xlsx
2025-08,monthly,material_wholesale_price,For road use,2392.0,100 litre,B10600052025MM08B0100.xlsx
2025-08,monthly,material_wholesale_price,"GMS pipes - 100mm diameter pipes, 6m long",1230.0,no.,B10600052025MM08B0100.csv
2025-08,monthly,material_wholesale_price,Galvanised mild steel - Steel flats,10417.0,tonne,B10600052025MM08B0100.csv
2025-08,monthly,material_wholesale_price,Galvanised mild steel - Steel hollow sections,13156.0,tonne,B10600052025MM08B0100.csv
2025-08,monthly,material_wholesale_price,Galvanised mild steel - Steel plates,15679.0,tonne,B10600052025MM08B0100.csv
2025-08,monthly,material_wholesale_price,"Glass - Clear float glass, 6mm thick",177.0,square metre,B10600052025MM08B0100.csv
2025-08,monthly,material_wholesale_price,"Glass - Tinted glass, 6mm thick",284.0,square metre,B10600052025MM08B0100.csv
2025-08,monthly,material_wholesale_price,"Glazed ceramic wall tiles - Colour tiles, 200mm x 200mm, include white",454.0,100 pieces,B10600052025MM08B0100.csv
2025-08,monthly,material_wholesale_price,"Glazed tiles, 45mm x 45mm",172.0,square metre,B10600052025MM08B0100.xlsx
2025-08,monthly,material_wholesale_price,"High tensile steel bars, 10mm to 40mm",5008.0,tonne,B10600052025MM08B0100.xlsx
2025-08,monthly,material_wholesale_price,"Homogeneous floor tiles - Non-slip tile, 200mm x 200mm",260.0,square metre,B10600052025MM08B0100.csv
2025-08,monthly,material_wholesale_price,"Metal formwork - Steel plate, 4mm thick",5779.0,tonne,B10600052025MM08B0100.csv
2025-08,monthly,material_wholesale_price,"Mosaic tiles - Glazed tiles, 45mm x 45mm",172.0,square metre,B10600052025MM08B0100.csv
2025-08,monthly,material_wholesale_price,"Mosaic tiles - Unglazed tiles, 25mm x 25mm",219.0,square metre,B10600052025MM08B0100.csv
2025-08,monthly,material_wholesale_price,"Non-slip tile, 200mm x 200mm",260.0,square metre,B10600052025MM08B0100.xlsx
2025-08,monthly,material_wholesale_price,Paint - Acrylic paint,68.0,litre,B10600052025MM08B0100.csv
2025-08,monthly,material_wholesale_price,Paint - Emulsion paint,68.0,litre,B10600052025MM08B0100.csv
2025-08,monthly,material_wholesale_price,"Plywood, formwork, 19mm thick",84.0,square metre,B10600052025MM08B0100.xlsx
2025-08,monthly,material_wholesale_price,Portland cement (ordinary),897.0,tonne,B10600052025MM08B0100.csv
2025-08,monthly,material_wholesale_price,Portland cement (ordinary),897.0,tonne,B10600052025MM08B0100.xlsx
2025-08,monthly,material_wholesale_price,Sand,254.0,tonne,B10600052025MM08B0100.csv
2025-08,monthly,material_wholesale_price,Sand,254.0,tonne,B10600052025MM08B0100.xlsx
2025-08,monthly,material_wholesale_price,"Sawn hardwood, 50mm x 75mm column",6955.0,cubic metre,B10600052025MM08B0100.xlsx
2025-08,monthly,material_wholesale_price,Steel flats,10417.0,tonne,B10600052025MM08B0100.xlsx
2025-08,monthly,material_wholesale_price,Steel hollow sections,13156.0,tonne,B10600052025MM08B0100.xlsx
2025-08,monthly,material_wholesale_price,"Steel plate, 4mm thick",5779.0,tonne,B10600052025MM08B0100.xlsx
2025-08,monthly,material_wholesale_price,Steel plates,15679.0,tonne,B10600052025MM08B0100.xlsx
2025-08,monthly,material_wholesale_price,"Steel reinforcement - High tensile steel bars, 10mm to 40mm",5008.0,tonne,B10600052025MM08B0100.csv
2025-08,monthly,material_wholesale_price,"Timber formwork - Plywood, formwork, 19mm thick",84.0,square metre,B10600052025MM08B0100.csv
2025-08,monthly,material_wholesale_price,"Tinted glass, 6mm thick",284.0,square metre,B10600052025MM08B0100.xlsx
2025-08,monthly,material_wholesale_price,"Unglazed tiles, 25mm x 25mm",219.0,square metre,B10600052025MM08B0100.xlsx
2025-08,monthly,material_wholesale_price,"Woodwork - Sawn hardwood, 50mm x 75mm column",6955.0,cubic metre,B10600052025MM08B0100.csv
2025-08,monthly,material_wholesale_price,"uPVC pipes - 32mm diameter pipes, 4m long",60.0,no.,B10600052025MM08B0100.csv
2025-09,monthly,material_wholesale_price,"100mm diameter pipes, 3m long",640.0,no.,B10600052025MM09B0100.xlsx
2025-09,monthly,material_wholesale_price,"100mm diameter pipes, 6m long",1230.0,no.,B10600052025MM09B0100.xlsx
2025-09,monthly,material_wholesale_price,"22mm diameter pipes, 5.8m long",347.0,no.,B10600052025MM09B0100.xlsx
2025-09,monthly,material_wholesale_price,"32mm diameter pipes, 4m long",60.0,no.,B10600052025MM09B0100.xlsx
2025-09,monthly,material_wholesale_price,Acrylic paint,65.0,litre,B10600052025MM09B0100.xlsx
2025-09,monthly,material_wholesale_price,Aggregates,88.0,tonne,B10600052025MM09B0100.csv
2025-09,monthly,material_wholesale_price,Aggregates,88.0,tonne,B10600052025MM09B0100.xlsx
2025-09,monthly,material_wholesale_price,Bitumen,10072.0,tonne,B10600052025MM09B0100.csv
2025-09,monthly,material_wholesale_price,Bitumen,10072.0,tonne,B10600052025MM09B0100.xlsx
2025-09,monthly,material_wholesale_price,"Clear float glass, 6mm thick",177.0,square metre,B10600052025MM09B0100.xlsx
2025-09,monthly,material_wholesale_price,"Colour tiles, 200mm x 200mm, include white",438.0,100 pieces,B10600052025MM09B0100.xlsx
2025-09,monthly,material_wholesale_price,"Concrete blocks, 100mm thick",105.0,square metre,B10600052025MM09B0100.csv
2025-09,monthly,material_wholesale_price,"Concrete blocks, 100mm thick",105.0,square metre,B10600052025MM09B0100.xlsx
2025-09,monthly,material_wholesale_price,"Copper pipes - 22mm diameter pipes, 5.8m long",347.0,no.,B10600052025MM09B0100.csv
2025-09,monthly,material_wholesale_price,Diesel fuel - For industrial use (light),3643.0,200-litre drum,B10600052025MM09B0100.csv
2025-09,monthly,material_wholesale_price,Diesel fuel - For road use,2426.0,100 litre,B10600052025MM09B0100.csv
2025-09,monthly,material_wholesale_price,Emulsion paint,68.0,litre,B10600052025MM09B0100.xlsx
2025-09,monthly,material_wholesale_price,"Epoxy coated cast iron pipes - 100mm diameter pipes, 3m long",640.0,no.,B10600052025MM09B0100.csv
2025-09,monthly,material_wholesale_price,For industrial use (light),3643.0,200-litre drum,B10600052025MM09B0100.xlsx
2025-09,monthly,material_wholesale_price,For road use,2426.0,100 litre,B10600052025MM09B0100.xlsx
2025-09,monthly,material_wholesale_price,"GMS pipes - 100mm diameter pipes, 6m long",1230.0,no.,B10600052025MM09B0100.csv
2025-09,monthly,material_wholesale_price,Galvanised mild steel - Steel flats,10417.0,tonne,B10600052025MM09B0100.csv
2025-09,monthly,material_wholesale_price,Galvanised mild steel - Steel hollow sections,13156.0,tonne,B10600052025MM09B0100.csv
2025-09,monthly,material_wholesale_price,Galvanised mild steel - Steel plates,15432.0,tonne,B10600052025MM09B0100.csv
2025-09,monthly,material_wholesale_price,"Glass - Clear float glass, 6mm thick",177.0,square metre,B10600052025MM09B0100.csv
2025-09,monthly,material_wholesale_price,"Glass - Tinted glass, 6mm thick",284.0,square metre,B10600052025MM09B0100.csv
2025-09,monthly,material_wholesale_price,"Glazed ceramic wall tiles - Colour tiles, 200mm x 200mm, include white",438.0,100 pieces,B10600052025MM09B0100.csv
2025-09,monthly,material_wholesale_price,"Glazed tiles, 45mm x 45mm",172.0,square metre,B10600052025MM09B0100.xlsx
2025-09,monthly,material_wholesale_price,"High tensile steel bars, 10mm to 40mm",5024.0,tonne,B10600052025MM09B0100.xlsx
2025-09,monthly,material_wholesale_price,"Homogeneous floor tiles - Non-slip tile, 200mm x 200mm",260.0,square metre,B10600052025MM09B0100.csv
2025-09,monthly,material_wholesale_price,"Metal formwork - Steel plate, 4mm thick",5775.0,tonne,B10600052025MM09B0100.csv
2025-09,monthly,material_wholesale_price,"Mosaic tiles - Glazed tiles, 45mm x 45mm",172.0,square metre,B10600052025MM09B0100.csv
2025-09,monthly,material_wholesale_price,"Mosaic tiles - Unglazed tiles, 25mm x 25mm",219.0,square metre,B10600052025MM09B0100.csv
2025-09,monthly,material_wholesale_price,"Non-slip tile, 200mm x 200mm",260.0,square metre,B10600052025MM09B0100.xlsx
2025-09,monthly,material_wholesale_price,Paint - Acrylic paint,65.0,litre,B10600052025MM09B0100.csv
2025-09,monthly,material_wholesale_price,Paint - Emulsion paint,68.0,litre,B10600052025MM09B0100.csv
2025-09,monthly,material_wholesale_price,"Plywood, formwork, 19mm thick",84.0,square metre,B10600052025MM09B0100.xlsx
2025-09,monthly,material_wholesale_price,Portland cement (ordinary),897.0,tonne,B10600052025MM09B0100.csv
2025-09,monthly,material_wholesale_price,Portland cement (ordinary),897.0,tonne,B10600052025MM09B0100.xlsx
2025-09,monthly,material_wholesale_price,Sand,248.0,tonne,B10600052025MM09B0100.csv
2025-09,monthly,material_wholesale_price,Sand,248.0,tonne,B10600052025MM09B0100.xlsx
2025-09,monthly,material_wholesale_price,"Sawn hardwood, 50mm x 75mm column",6955.0,cubic metre,B10600052025MM09B0100.xlsx
2025-09,monthly,material_wholesale_price,Steel flats,10417.0,tonne,B10600052025MM09B0100.xlsx
2025-09,monthly,material_wholesale_price,Steel hollow sections,13156.0,tonne,B10600052025MM09B0100.xlsx
2025-09,monthly,material_wholesale_price,"Steel plate, 4mm thick",5775.0,tonne,B10600052025MM09B0100.xlsx
2025-09,monthly,material_wholesale_price,Steel plates,15432.0,tonne,B10600052025MM09B0100.xlsx
2025-09,monthly,material_wholesale_price,"Steel reinforcement - High tensile steel bars, 10mm to 40mm",5024.0,tonne,B10600052025MM09B0100.csv
2025-09,monthly,material_wholesale_price,"Timber formwork - Plywood, formwork, 19mm thick",84.0,square metre,B10600052025MM09B0100.csv
2025-09,monthly,material_wholesale_price,"Tinted glass, 6mm thick",284.0,square metre,B10600052025MM09B0100.xlsx
2025-09,monthly,material_wholesale_price,"Unglazed tiles, 25mm x 25mm",219.0,square metre,B10600052025MM09B0100.xlsx
2025-09,monthly,material_wholesale_price,"Woodwork - Sawn hardwood, 50mm x 75mm column",6955.0,cubic metre,B10600052025MM09B0100.csv
2025-09,monthly,material_wholesale_price,"uPVC pipes - 32mm diameter pipes, 4m long",60.0,no.,B10600052025MM09B0100.csv
2025-10,monthly,material_wholesale_price,"100mm diameter pipes, 3m long",640.0,no.,B10600052025MM10B0100.xlsx
2025-10,monthly,material_wholesale_price,"100mm diameter pipes, 6m long",1230.0,no.,B10600052025MM10B0100.xlsx
2025-10,monthly,material_wholesale_price,"22mm diameter pipes, 5.8m long",353.0,no.,B10600052025MM10B0100.xlsx
2025-10,monthly,material_wholesale_price,"32mm diameter pipes, 4m long",60.0,no.,B10600052025MM10B0100.xlsx
2025-10,monthly,material_wholesale_price,Acrylic paint,65.0,litre,B10600052025MM10B0100.xlsx
2025-10,monthly,material_wholesale_price,Aggregates,85.0,tonne,B10600052025MM10B0100.csv
2025-10,monthly,material_wholesale_price,Aggregates,85.0,tonne,B10600052025MM10B0100.xlsx
2025-10,monthly,material_wholesale_price,Bitumen,10219.0,tonne,B10600052025MM10B0100.csv
2025-10,monthly,material_wholesale_price,Bitumen,10219.0,tonne,B10600052025MM10B0100.xlsx
2025-10,monthly,material_wholesale_price,"Clear float glass, 6mm thick",177.0,square metre,B10600052025MM10B0100.xlsx
2025-10,monthly,material_wholesale_price,"Colour tiles, 200mm x 200mm, include white",430.0,100 pieces,B10600052025MM10B0100.xlsx
2025-10,monthly,material_wholesale_price,"Concrete blocks, 100mm thick",105.0,square metre,B10600052025MM10B0100.csv
2025-10,monthly,material_wholesale_price,"Concrete blocks, 100mm thick",105.0,square metre,B10600052025MM10B0100.xlsx
2025-10,monthly,material_wholesale_price,"Copper pipes - 22mm diameter pipes, 5.8m long",353.0,no.,B10600052025MM10B0100.csv
2025-10,monthly,material_wholesale_price,Diesel fuel - For industrial use (light),3677.0,200-litre drum,B10600052025MM10B0100.csv
2025-10,monthly,material_wholesale_price,Diesel fuel - For road use,2438.0,100 litre,B10600052025MM10B0100.csv
2025-10,monthly,material_wholesale_price,Emulsion paint,68.0,litre,B10600052025MM10B0100.xlsx
2025-10,monthly,material_wholesale_price,"Epoxy coated cast iron pipes - 100mm diameter pipes, 3m long",640.0,no.,B10600052025MM10B0100.csv
2025-10,monthly,material_wholesale_price,For industrial use (light),3677.0,200-litre drum,B10600052025MM10B0100.xlsx
2025-10,monthly,material_wholesale_price,For road use,2438.0,100 litre,B10600052025MM10B0100.xlsx
2025-10,monthly,material_wholesale_price,"GMS pipes - 100mm diameter pipes, 6m long",1230.0,no.,B10600052025MM10B0100.csv
2025-10,monthly,material_wholesale_price,Galvanised mild steel - Steel flats,10417.0,tonne,B10600052025MM10B0100.csv
2025-10,monthly,material_wholesale_price,Galvanised mild steel - Steel hollow sections,13388.0,tonne,B10600052025MM10B0100.csv
2025-10,monthly,material_wholesale_price,Galvanised mild steel - Steel plates,14309.0,tonne,B10600052025MM10B0100.csv
2025-10,monthly,material_wholesale_price,"Glass - Clear float glass, 6mm thick",177.0,square metre,B10600052025MM10B0100.csv
2025-10,monthly,material_wholesale_price,"Glass - Tinted glass, 6mm thick",284.0,square metre,B10600052025MM10B0100.csv
2025-10,monthly,material_wholesale_price,"Glazed ceramic wall tiles - Colour tiles, 200mm x 200mm, include white",430.0,100 pieces,B10600052025MM10B0100.csv
2025-10,monthly,material_wholesale_price,"Glazed tiles, 45mm x 45mm",169.0,square metre,B10600052025MM10B0100.xlsx
2025-10,monthly,material_wholesale_price,"High tensile steel bars, 10mm to 40mm",5016.0,tonne,B10600052025MM10B0100.xlsx
2025-10,monthly,material_wholesale_price,"Homogeneous floor tiles - Non-slip tile, 200mm x 200mm",259.0,square metre,B10600052025MM10B0100.csv
2025-10,monthly,material_wholesale_price,"Metal formwork - Steel plate, 4mm thick",5775.0,tonne,B10600052025MM10B0100.csv
2025-10,monthly,material_wholesale_price,"Mosaic tiles - Glazed tiles, 45mm x 45mm",169.0,square metre,B10600052025MM10B0100.csv
2025-10,monthly,material_wholesale_price,"Mosaic tiles - Unglazed tiles, 25mm x 25mm",216.0,square metre,B10600052025MM10B0100.csv
2025-10,monthly,material_wholesale_price,"Non-slip tile, 200mm x 200mm",259.0,square metre,B10600052025MM10B0100.xlsx
2025-10,monthly,material_wholesale_price,Paint - Acrylic paint,65.0,litre,B10600052025MM10B0100.csv
2025-10,monthly,material_wholesale_price,Paint - Emulsion paint,68.0,litre,B10600052025MM10B0100.csv
2025-10,monthly,material_wholesale_price,"Plywood, formwork, 19mm thick",84.0,square metre,B10600052025MM10B0100.xlsx
2025-10,monthly,material_wholesale_price,Portland cement (ordinary),893.0,tonne,B10600052025MM10B0100.csv
2025-10,monthly,material_wholesale_price,Portland cement (ordinary),893.0,tonne,B10600052025MM10B0100.xlsx
2025-10,monthly,material_wholesale_price,Sand,251.0,tonne,B10600052025MM10B0100.csv
2025-10,monthly,material_wholesale_price,Sand,251.0,tonne,B10600052025MM10B0100.xlsx
2025-10,monthly,material_wholesale_price,"Sawn hardwood, 50mm x 75mm column",6955.0,cubic metre,B10600052025MM10B0100.xlsx
2025-10,monthly,material_wholesale_price,Steel flats,10417.0,tonne,B10600052025MM10B0100.xlsx
2025-10,monthly,material_wholesale_price,Steel hollow sections,13388.0,tonne,B10600052025MM10B0100.xlsx
2025-10,monthly,material_wholesale_price,"Steel plate, 4mm thick",5775.0,tonne,B10600052025MM10B0100.xlsx
2025-10,monthly,material_wholesale_price,Steel plates,14309.0,tonne,B10600052025MM10B0100.xlsx
2025-10,monthly,material_wholesale_price,"Steel reinforcement - High tensile steel bars, 10mm to 40mm",5016.0,tonne,B10600052025MM10B0100.csv
2025-10,monthly,material_wholesale_price,"Timber formwork - Plywood, formwork, 19mm thick",84.0,square metre,B10600052025MM10B0100.csv
2025-10,monthly,material_wholesale_price,"Tinted glass, 6mm thick",284.0,square metre,B10600052025MM10B0100.xlsx
2025-10,monthly,material_wholesale_price,"Unglazed tiles, 25mm x 25mm",216.0,square metre,B10600052025MM10B0100.xlsx
2025-10,monthly,material_wholesale_price,"Woodwork - Sawn hardwood, 50mm x 75mm column",6955.0,cubic metre,B10600052025MM10B0100.csv
2025-10,monthly,material_wholesale_price,"uPVC pipes - 32mm diameter pipes, 4m long",60.0,no.,B10600052025MM10B0100.csv
2025-11,monthly,material_wholesale_price,"100mm diameter pipes, 3m long",640.0,no.,B10600052025MM11B0100.xlsx
2025-11,monthly,material_wholesale_price,"100mm diameter pipes, 6m long",1230.0,no.,B10600052025MM11B0100.xlsx
2025-11,monthly,material_wholesale_price,"22mm diameter pipes, 5.8m long",355.0,no.,B10600052025MM11B0100.xlsx
2025-11,monthly,material_wholesale_price,"32mm diameter pipes, 4m long",60.0,no.,B10600052025MM11B0100.xlsx
2025-11,monthly,material_wholesale_price,Acrylic paint,66.0,litre,B10600052025MM11B0100.xlsx
2025-11,monthly,material_wholesale_price,Aggregates,85.0,tonne,B10600052025MM11B0100.csv
2025-11,monthly,material_wholesale_price,Aggregates,85.0,tonne,B10600052025MM11B0100.xlsx
2025-11,monthly,material_wholesale_price,Bitumen,10276.0,tonne,B10600052025MM11B0100.csv
2025-11,monthly,material_wholesale_price,Bitumen,10276.0,tonne,B10600052025MM11B0100.xlsx
2025-11,monthly,material_wholesale_price,"Clear float glass, 6mm thick",177.0,square metre,B10600052025MM11B0100.xlsx
2025-11,monthly,material_wholesale_price,"Colour tiles, 200mm x 200mm, include white",430.0,100 pieces,B10600052025MM11B0100.xlsx
2025-11,monthly,material_wholesale_price,"Concrete blocks, 100mm thick",107.0,square metre,B10600052025MM11B0100.csv
2025-11,monthly,material_wholesale_price,"Concrete blocks, 100mm thick",107.0,square metre,B10600052025MM11B0100.xlsx
2025-11,monthly,material_wholesale_price,"Copper pipes - 22mm diameter pipes, 5.8m long",355.0,no.,B10600052025MM11B0100.csv
2025-11,monthly,material_wholesale_price,Diesel fuel - For industrial use (light),3715.0,200-litre drum,B10600052025MM11B0100.csv
2025-11,monthly,material_wholesale_price,Diesel fuel - For road use,2479.0,100 litre,B10600052025MM11B0100.csv
2025-11,monthly,material_wholesale_price,Emulsion paint,69.0,litre,B10600052025MM11B0100.xlsx
2025-11,monthly,material_wholesale_price,"Epoxy coated cast iron pipes - 100mm diameter pipes, 3m long",640.0,no.,B10600052025MM11B0100.csv
2025-11,monthly,material_wholesale_price,For industrial use (light),3715.0,200-litre drum,B10600052025MM11B0100.xlsx
2025-11,monthly,material_wholesale_price,For road use,2479.0,100 litre,B10600052025MM11B0100.xlsx
2025-11,monthly,material_wholesale_price,"GMS pipes - 100mm diameter pipes, 6m long",1230.0,no.,B10600052025MM11B0100.csv
2025-11,monthly,material_wholesale_price,Galvanised mild steel - Steel flats,10417.0,tonne,B10600052025MM11B0100.csv
2025-11,monthly,material_wholesale_price,Galvanised mild steel - Steel hollow sections,13388.0,tonne,B10600052025MM11B0100.csv
2025-11,monthly,material_wholesale_price,Galvanised mild steel - Steel plates,14309.0,tonne,B10600052025MM11B0100.csv
2025-11,monthly,material_wholesale_price,"Glass - Clear float glass, 6mm thick",177.0,square metre,B10600052025MM11B0100.csv
2025-11,monthly,material_wholesale_price,"Glass - Tinted glass, 6mm thick",284.0,square metre,B10600052025MM11B0100.csv
2025-11,monthly,material_wholesale_price,"Glazed ceramic wall tiles - Colour tiles, 200mm x 200mm, include white",430.0,100 pieces,B10600052025MM11B0100.csv
2025-11,monthly,material_wholesale_price,"Glazed tiles, 45mm x 45mm",169.0,square metre,B10600052025MM11B0100.xlsx
2025-11,monthly,material_wholesale_price,"High tensile steel bars, 10mm to 40mm",4992.0,tonne,B10600052025MM11B0100.xlsx
2025-11,monthly,material_wholesale_price,"Homogeneous floor tiles - Non-slip tile, 200mm x 200mm",259.0,square metre,B10600052025MM11B0100.csv
2025-11,monthly,material_wholesale_price,"Metal formwork - Steel plate, 4mm thick",5775.0,tonne,B10600052025MM11B0100.csv
2025-11,monthly,material_wholesale_price,"Mosaic tiles - Glazed tiles, 45mm x 45mm",169.0,square metre,B10600052025MM11B0100.csv
2025-11,monthly,material_wholesale_price,"Mosaic tiles - Unglazed tiles, 25mm x 25mm",216.0,square metre,B10600052025MM11B0100.csv
2025-11,monthly,material_wholesale_price,"Non-slip tile, 200mm x 200mm",259.0,square metre,B10600052025MM11B0100.xlsx
2025-11,monthly,material_wholesale_price,Paint - Acrylic paint,66.0,litre,B10600052025MM11B0100.csv
2025-11,monthly,material_wholesale_price,Paint - Emulsion paint,69.0,litre,B10600052025MM11B0100.csv
2025-11,monthly,material_wholesale_price,"Plywood, formwork, 19mm thick",84.0,square metre,B10600052025MM11B0100.xlsx
2025-11,monthly,material_wholesale_price,Portland cement (ordinary),893.0,tonne,B10600052025MM11B0100.csv
2025-11,monthly,material_wholesale_price,Portland cement (ordinary),893.0,tonne,B10600052025MM11B0100.xlsx
2025-11,monthly,material_wholesale_price,Sand,252.0,tonne,B10600052025MM11B0100.csv
2025-11,monthly,material_wholesale_price,Sand,252.0,tonne,B10600052025MM11B0100.xlsx
2025-11,monthly,material_wholesale_price,"Sawn hardwood, 50mm x 75mm column",6955.0,cubic metre,B10600052025MM11B0100.xlsx
2025-11,monthly,material_wholesale_price,Steel flats,10417.0,tonne,B10600052025MM11B0100.xlsx
2025-11,monthly,material_wholesale_price,Steel hollow sections,13388.0,tonne,B10600052025MM11B0100.xlsx
2025-11,monthly,material_wholesale_price,"Steel plate, 4mm thick",5775.0,tonne,B10600052025MM11B0100.xlsx
2025-11,monthly,material_wholesale_price,Steel plates,14309.0,tonne,B10600052025MM11B0100.xlsx
2025-11,monthly,material_wholesale_price,"Steel reinforcement - High tensile steel bars, 10mm to 40mm",4992.0,tonne,B10600052025MM11B0100.csv
2025-11,monthly,material_wholesale_price,"Timber formwork - Plywood, formwork, 19mm thick",84.0,square metre,B10600052025MM11B0100.csv
2025-11,monthly,material_wholesale_price,"Tinted glass, 6mm thick",284.0,square metre,B10600052025MM11B0100.xlsx
2025-11,monthly,material_wholesale_price,"Unglazed tiles, 25mm x 25mm",216.0,square metre,B10600052025MM11B0100.xlsx
2025-11,monthly,material_wholesale_price,"Woodwork - Sawn hardwood, 50mm x 75mm column",6955.0,cubic metre,B10600052025MM11B0100.csv
2025-11,monthly,material_wholesale_price,"uPVC pipes - 32mm diameter pipes, 4m long",60.0,no.,B10600052025MM11B0100.csv
2025-12,monthly,material_wholesale_price,"100mm diameter pipes, 3m long",640.0,no.,B10600052025MM12B0100.xlsx
2025-12,monthly,material_wholesale_price,"100mm diameter pipes, 6m long",1230.0,no.,B10600052025MM12B0100.xlsx
2025-12,monthly,material_wholesale_price,"22mm diameter pipes, 5.8m long",364.0,no.,B10600052025MM12B0100.xlsx
2025-12,monthly,material_wholesale_price,"32mm diameter pipes, 4m long",60.0,no.,B10600052025MM12B0100.xlsx
2025-12,monthly,material_wholesale_price,Acrylic paint,66.0,litre,B10600052025MM12B0100.xlsx
2025-12,monthly,material_wholesale_price,Aggregates,83.0,tonne,B10600052025MM12B0100.csv
2025-12,monthly,material_wholesale_price,Aggregates,83.0,tonne,B10600052025MM12B0100.xlsx
2025-12,monthly,material_wholesale_price,Bitumen,10258.0,tonne,B10600052025MM12B0100.csv
2025-12,monthly,material_wholesale_price,Bitumen,10258.0,tonne,B10600052025MM12B0100.xlsx
2025-12,monthly,material_wholesale_price,"Clear float glass, 6mm thick",177.0,square metre,B10600052025MM12B0100.xlsx
2025-12,monthly,material_wholesale_price,"Colour tiles, 200mm x 200mm, include white",430.0,100 pieces,B10600052025MM12B0100.xlsx
2025-12,monthly,material_wholesale_price,"Concrete blocks, 100mm thick",107.0,square metre,B10600052025MM12B0100.csv
2025-12,monthly,material_wholesale_price,"Concrete blocks, 100mm thick",107.0,square metre,B10600052025MM12B0100.xlsx
2025-12,monthly,material_wholesale_price,"Copper pipes - 22mm diameter pipes, 5.8m long",364.0,no.,B10600052025MM12B0100.csv
2025-12,monthly,material_wholesale_price,Diesel fuel - For industrial use (light),3729.0,200-litre drum,B10600052025MM12B0100.csv
2025-12,monthly,material_wholesale_price,Diesel fuel - For road use,2506.0,100 litre,B10600052025MM12B0100.csv
2025-12,monthly,material_wholesale_price,Emulsion paint,69.0,litre,B10600052025MM12B0100.xlsx
2025-12,monthly,material_wholesale_price,"Epoxy coated cast iron pipes - 100mm diameter pipes, 3m long",640.0,no.,B10600052025MM12B0100.csv
2025-12,monthly,material_wholesale_price,For industrial use (light),3729.0,200-litre drum,B10600052025MM12B0100.xlsx
2025-12,monthly,material_wholesale_price,For road use,2506.0,100 litre,B10600052025MM12B0100.xlsx
2025-12,monthly,material_wholesale_price,"GMS pipes - 100mm diameter pipes, 6m long",1230.0,no.,B10600052025MM12B0100.csv
2025-12,monthly,material_wholesale_price,Galvanised mild steel - Steel flats,10417.0,tonne,B10600052025MM12B0100.csv
2025-12,monthly,material_wholesale_price,Galvanised mild steel - Steel hollow sections,13388.0,tonne,B10600052025MM12B0100.csv
2025-12,monthly,material_wholesale_price,Galvanised mild steel - Steel plates,14309.0,tonne,B10600052025MM12B0100.csv
2025-12,monthly,material_wholesale_price,"Glass - Clear float glass, 6mm thick",177.0,square metre,B10600052025MM12B0100.csv
2025-12,monthly,material_wholesale_price,"Glass - Tinted glass, 6mm thick",284.0,square metre,B10600052025MM12B0100.csv
2025-12,monthly,material_wholesale_price,"Glazed ceramic wall tiles - Colour tiles, 200mm x 200mm, include white",430.0,100 pieces,B10600052025MM12B0100.csv
2025-12,monthly,material_wholesale_price,"Glazed tiles, 45mm x 45mm",169.0,square metre,B10600052025MM12B0100.xlsx
2025-12,monthly,material_wholesale_price,"High tensile steel bars, 10mm to 40mm",4999.0,tonne,B10600052025MM12B0100.xlsx
2025-12,monthly,material_wholesale_price,"Homogeneous floor tiles - Non-slip tile, 200mm x 200mm",262.0,square metre,B10600052025MM12B0100.csv
2025-12,monthly,material_wholesale_price,"Metal formwork - Steel plate, 4mm thick",5775.0,tonne,B10600052025MM12B0100.csv
2025-12,monthly,material_wholesale_price,"Mosaic tiles - Glazed tiles, 45mm x 45mm",169.0,square metre,B10600052025MM12B0100.csv
2025-12,monthly,material_wholesale_price,"Mosaic tiles - Unglazed tiles, 25mm x 25mm",216.0,square metre,B10600052025MM12B0100.csv
2025-12,monthly,material_wholesale_price,"Non-slip tile, 200mm x 200mm",262.0,square metre,B10600052025MM12B0100.xlsx
2025-12,monthly,material_wholesale_price,Paint - Acrylic paint,66.0,litre,B10600052025MM12B0100.csv
2025-12,monthly,material_wholesale_price,Paint - Emulsion paint,69.0,litre,B10600052025MM12B0100.csv
2025-12,monthly,material_wholesale_price,"Plywood, formwork, 19mm thick",84.0,square metre,B10600052025MM12B0100.xlsx
2025-12,monthly,material_wholesale_price,Portland cement (ordinary),892.0,tonne,B10600052025MM12B0100.csv
2025-12,monthly,material_wholesale_price,Portland cement (ordinary),892.0,tonne,B10600052025MM12B0100.xlsx
2025-12,monthly,material_wholesale_price,Sand,252.0,tonne,B10600052025MM12B0100.csv
2025-12,monthly,material_wholesale_price,Sand,252.0,tonne,B10600052025MM12B0100.xlsx
2025-12,monthly,material_wholesale_price,"Sawn hardwood, 50mm x 75mm column",6955.0,cubic metre,B10600052025MM12B0100.xlsx
2025-12,monthly,material_wholesale_price,Steel flats,10417.0,tonne,B10600052025MM12B0100.xlsx
2025-12,monthly,material_wholesale_price,Steel hollow sections,13388.0,tonne,B10600052025MM12B0100.xlsx
2025-12,monthly,material_wholesale_price,"Steel plate, 4mm thick",5775.0,tonne,B10600052025MM12B0100.xlsx
2025-12,monthly,material_wholesale_price,Steel plates,14309.0,tonne,B10600052025MM12B0100.xlsx
2025-12,monthly,material_wholesale_price,"Steel reinforcement - High tensile steel bars, 10mm to 40mm",4999.0,tonne,B10600052025MM12B0100.csv
2025-12,monthly,material_wholesale_price,"Timber formwork - Plywood, formwork, 19mm thick",84.0,square metre,B10600052025MM12B0100.csv
2025-12,monthly,material_wholesale_price,"Tinted glass, 6mm thick",284.0,square metre,B10600052025MM12B0100.xlsx
2025-12,monthly,material_wholesale_price,"Unglazed tiles, 25mm x 25mm",216.0,square metre,B10600052025MM12B0100.xlsx
2025-12,monthly,material_wholesale_price,"Woodwork - Sawn hardwood, 50mm x 75mm column",6955.0,cubic metre,B10600052025MM12B0100.csv
2025-12,monthly,material_wholesale_price,"uPVC pipes - 32mm diameter pipes, 4m long",60.0,no.,B10600052025MM12B0100.csv
2026-01,monthly,material_wholesale_price,"100mm diameter pipes, 3m long",640.0,no.,B10600052026MM01B0100.xlsx
2026-01,monthly,material_wholesale_price,"100mm diameter pipes, 6m long",1230.0,no.,B10600052026MM01B0100.xlsx
2026-01,monthly,material_wholesale_price,"22mm diameter pipes, 5.8m long",397.0,no.,B10600052026MM01B0100.xlsx
2026-01,monthly,material_wholesale_price,"32mm diameter pipes, 4m long",60.0,no.,B10600052026MM01B0100.xlsx
2026-01,monthly,material_wholesale_price,Acrylic paint,67.0,litre,B10600052026MM01B0100.xlsx
2026-01,monthly,material_wholesale_price,Aggregates,85.0,tonne,B10600052026MM01B0100.csv
2026-01,monthly,material_wholesale_price,Aggregates,85.0,tonne,B10600052026MM01B0100.xlsx
2026-01,monthly,material_wholesale_price,Bitumen,10163.0,tonne,B10600052026MM01B0100.csv
2026-01,monthly,material_wholesale_price,Bitumen,10163.0,tonne,B10600052026MM01B0100.xlsx
2026-01,monthly,material_wholesale_price,"Clear float glass, 6mm thick",177.0,square metre,B10600052026MM01B0100.xlsx
2026-01,monthly,material_wholesale_price,"Colour tiles, 200mm x 200mm, include white",418.0,100 pieces,B10600052026MM01B0100.xlsx
2026-01,monthly,material_wholesale_price,"Concrete blocks, 100mm thick",107.0,square metre,B10600052026MM01B0100.csv
2026-01,monthly,material_wholesale_price,"Concrete blocks, 100mm thick",107.0,square metre,B10600052026MM01B0100.xlsx
2026-01,monthly,material_wholesale_price,"Copper pipes - 22mm diameter pipes, 5.8m long",397.0,no.,B10600052026MM01B0100.csv
2026-01,monthly,material_wholesale_price,Diesel fuel - For industrial use (light),3702.0,200-litre drum,B10600052026MM01B0100.csv
2026-01,monthly,material_wholesale_price,Diesel fuel - For road use,2499.0,100 litre,B10600052026MM01B0100.csv
2026-01,monthly,material_wholesale_price,Emulsion paint,69.0,litre,B10600052026MM01B0100.xlsx
2026-01,monthly,material_wholesale_price,"Epoxy coated cast iron pipes - 100mm diameter pipes, 3m long",640.0,no.,B10600052026MM01B0100.csv
2026-01,monthly,material_wholesale_price,For industrial use (light),3702.0,200-litre drum,B10600052026MM01B0100.xlsx
2026-01,monthly,material_wholesale_price,For road use,2499.0,100 litre,B10600052026MM01B0100.xlsx
2026-01,monthly,material_wholesale_price,"GMS pipes - 100mm diameter pipes, 6m long",1230.0,no.,B10600052026MM01B0100.csv
2026-01,monthly,material_wholesale_price,Galvanised mild steel - Steel flats,10528.0,tonne,B10600052026MM01B0100.csv
2026-01,monthly,material_wholesale_price,Galvanised mild steel - Steel hollow sections,13639.0,tonne,B10600052026MM01B0100.csv
2026-01,monthly,material_wholesale_price,Galvanised mild steel - Steel plates,14632.0,tonne,B10600052026MM01B0100.csv
2026-01,monthly,material_wholesale_price,"Glass - Clear float glass, 6mm thick",177.0,square metre,B10600052026MM01B0100.csv
2026-01,monthly,material_wholesale_price,"Glass - Tinted glass, 6mm thick",284.0,square metre,B10600052026MM01B0100.csv
2026-01,monthly,material_wholesale_price,"Glazed ceramic wall tiles - Colour tiles, 200mm x 200mm, include white",418.0,100 pieces,B10600052026MM01B0100.csv
2026-01,monthly,material_wholesale_price,"Glazed tiles, 45mm x 45mm",169.0,square metre,B10600052026MM01B0100.xlsx
2026-01,monthly,material_wholesale_price,"High tensile steel bars, 10mm to 40mm",5137.0,tonne,B10600052026MM01B0100.xlsx
2026-01,monthly,material_wholesale_price,"Homogeneous floor tiles - Non-slip tile, 200mm x 200mm",254.0,square metre,B10600052026MM01B0100.csv
2026-01,monthly,material_wholesale_price,"Metal formwork - Steel plate, 4mm thick",5833.0,tonne,B10600052026MM01B0100.csv
2026-01,monthly,material_wholesale_price,"Mosaic tiles - Glazed tiles, 45mm x 45mm",169.0,square metre,B10600052026MM01B0100.csv
2026-01,monthly,material_wholesale_price,"Mosaic tiles - Unglazed tiles, 25mm x 25mm",216.0,square metre,B10600052026MM01B0100.csv
2026-01,monthly,material_wholesale_price,"Non-slip tile, 200mm x 200mm",254.0,square metre,B10600052026MM01B0100.xlsx
2026-01,monthly,material_wholesale_price,Paint - Acrylic paint,67.0,litre,B10600052026MM01B0100.csv
2026-01,monthly,material_wholesale_price,Paint - Emulsion paint,69.0,litre,B10600052026MM01B0100.csv
2026-01,monthly,material_wholesale_price,"Plywood, formwork, 19mm thick",83.0,square metre,B10600052026MM01B0100.xlsx
2026-01,monthly,material_wholesale_price,Portland cement (ordinary),859.0,tonne,B10600052026MM01B0100.csv
2026-01,monthly,material_wholesale_price,Portland cement (ordinary),859.0,tonne,B10600052026MM01B0100.xlsx
2026-01,monthly,material_wholesale_price,Sand,255.0,tonne,B10600052026MM01B0100.csv
2026-01,monthly,material_wholesale_price,Sand,255.0,tonne,B10600052026MM01B0100.xlsx
2026-01,monthly,material_wholesale_price,"Sawn hardwood, 50mm x 75mm column",6903.0,cubic metre,B10600052026MM01B0100.xlsx
2026-01,monthly,material_wholesale_price,Steel flats,10528.0,tonne,B10600052026MM01B0100.xlsx
2026-01,monthly,material_wholesale_price,Steel hollow sections,13639.0,tonne,B10600052026MM01B0100.xlsx
2026-01,monthly,material_wholesale_price,"Steel plate, 4mm thick",5833.0,tonne,B10600052026MM01B0100.xlsx
2026-01,monthly,material_wholesale_price,Steel plates,14632.0,tonne,B10600052026MM01B0100.xlsx
2026-01,monthly,material_wholesale_price,"Steel reinforcement - High tensile steel bars, 10mm to 40mm",5137.0,tonne,B10600052026MM01B0100.csv
2026-01,monthly,material_wholesale_price,"Timber formwork - Plywood, formwork, 19mm thick",83.0,square metre,B10600052026MM01B0100.csv
2026-01,monthly,material_wholesale_price,"Tinted glass, 6mm thick",284.0,square metre,B10600052026MM01B0100.xlsx
2026-01,monthly,material_wholesale_price,"Unglazed tiles, 25mm x 25mm",216.0,square metre,B10600052026MM01B0100.xlsx
2026-01,monthly,material_wholesale_price,"Woodwork - Sawn hardwood, 50mm x 75mm column",6903.0,cubic metre,B10600052026MM01B0100.csv
2026-01,monthly,material_wholesale_price,"uPVC pipes - 32mm diameter pipes, 4m long",60.0,no.,B10600052026MM01B0100.csv
2026-02,monthly,material_wholesale_price,"100mm diameter pipes, 3m long",640.0,no.,B10600052026MM02B0100.xlsx
2026-02,monthly,material_wholesale_price,"100mm diameter pipes, 6m long",1230.0,no.,B10600052026MM02B0100.xlsx
2026-02,monthly,material_wholesale_price,"22mm diameter pipes, 5.8m long",407.0,no.,B10600052026MM02B0100.xlsx
2026-02,monthly,material_wholesale_price,"32mm diameter pipes, 4m long",60.0,no.,B10600052026MM02B0100.xlsx
2026-02,monthly,material_wholesale_price,Acrylic paint,67.0,litre,B10600052026MM02B0100.xlsx
2026-02,monthly,material_wholesale_price,Aggregates,83.0,tonne,B10600052026MM02B0100.csv
2026-02,monthly,material_wholesale_price,Aggregates,83.0,tonne,B10600052026MM02B0100.xlsx
2026-02,monthly,material_wholesale_price,Bitumen,10184.0,tonne,B10600052026MM02B0100.csv
2026-02,monthly,material_wholesale_price,Bitumen,10184.0,tonne,B10600052026MM02B0100.xlsx
2026-02,monthly,material_wholesale_price,"Clear float glass, 6mm thick",173.0,square metre,B10600052026MM02B0100.xlsx
2026-02,monthly,material_wholesale_price,"Colour tiles, 200mm x 200mm, include white",418.0,100 pieces,B10600052026MM02B0100.xlsx
2026-02,monthly,material_wholesale_price,"Concrete blocks, 100mm thick",107.0,square metre,B10600052026MM02B0100.csv
2026-02,monthly,material_wholesale_price,"Concrete blocks, 100mm thick",107.0,square metre,B10600052026MM02B0100.xlsx
2026-02,monthly,material_wholesale_price,"Copper pipes - 22mm diameter pipes, 5.8m long",407.0,no.,B10600052026MM02B0100.csv
2026-02,monthly,material_wholesale_price,Diesel fuel - For industrial use (light),3734.0,200-litre drum,B10600052026MM02B0100.csv
2026-02,monthly,material_wholesale_price,Diesel fuel - For road use,2518.0,100 litre,B10600052026MM02B0100.csv
2026-02,monthly,material_wholesale_price,Emulsion paint,69.0,litre,B10600052026MM02B0100.xlsx
2026-02,monthly,material_wholesale_price,"Epoxy coated cast iron pipes - 100mm diameter pipes, 3m long",640.0,no.,B10600052026MM02B0100.csv
2026-02,monthly,material_wholesale_price,For industrial use (light),3734.0,200-litre drum,B10600052026MM02B0100.xlsx
2026-02,monthly,material_wholesale_price,For road use,2518.0,100 litre,B10600052026MM02B0100.xlsx
2026-02,monthly,material_wholesale_price,"GMS pipes - 100mm diameter pipes, 6m long",1230.0,no.,B10600052026MM02B0100.csv
2026-02,monthly,material_wholesale_price,Galvanised mild steel - Steel flats,10750.0,tonne,B10600052026MM02B0100.csv
2026-02,monthly,material_wholesale_price,Galvanised mild steel - Steel hollow sections,13701.0,tonne,B10600052026MM02B0100.csv
2026-02,monthly,material_wholesale_price,Galvanised mild steel - Steel plates,14770.0,tonne,B10600052026MM02B0100.csv
2026-02,monthly,material_wholesale_price,"Glass - Clear float glass, 6mm thick",173.0,square metre,B10600052026MM02B0100.csv
2026-02,monthly,material_wholesale_price,"Glass - Tinted glass, 6mm thick",288.0,square metre,B10600052026MM02B0100.csv
2026-02,monthly,material_wholesale_price,"Glazed ceramic wall tiles - Colour tiles, 200mm x 200mm, include white",418.0,100 pieces,B10600052026MM02B0100.csv
2026-02,monthly,material_wholesale_price,"Glazed tiles, 45mm x 45mm",169.0,square metre,B10600052026MM02B0100.xlsx
2026-02,monthly,material_wholesale_price,"High tensile steel bars, 10mm to 40mm",5163.0,tonne,B10600052026MM02B0100.xlsx
2026-02,monthly,material_wholesale_price,"Homogeneous floor tiles - Non-slip tile, 200mm x 200mm",254.0,square metre,B10600052026MM02B0100.csv
2026-02,monthly,material_wholesale_price,"Metal formwork - Steel plate, 4mm thick",5916.0,tonne,B10600052026MM02B0100.csv
2026-02,monthly,material_wholesale_price,"Mosaic tiles - Glazed tiles, 45mm x 45mm",169.0,square metre,B10600052026MM02B0100.csv
2026-02,monthly,material_wholesale_price,"Mosaic tiles - Unglazed tiles, 25mm x 25mm",216.0,square metre,B10600052026MM02B0100.csv
2026-02,monthly,material_wholesale_price,"Non-slip tile, 200mm x 200mm",254.0,square metre,B10600052026MM02B0100.xlsx
2026-02,monthly,material_wholesale_price,Paint - Acrylic paint,67.0,litre,B10600052026MM02B0100.csv
2026-02,monthly,material_wholesale_price,Paint - Emulsion paint,69.0,litre,B10600052026MM02B0100.csv
2026-02,monthly,material_wholesale_price,"Plywood, formwork, 19mm thick",83.0,square metre,B10600052026MM02B0100.xlsx
2026-02,monthly,material_wholesale_price,Portland cement (ordinary),859.0,tonne,B10600052026MM02B0100.csv
2026-02,monthly,material_wholesale_price,Portland cement (ordinary),859.0,tonne,B10600052026MM02B0100.xlsx
2026-02,monthly,material_wholesale_price,Sand,265.0,tonne,B10600052026MM02B0100.csv
2026-02,monthly,material_wholesale_price,Sand,265.0,tonne,B10600052026MM02B0100.xlsx
2026-02,monthly,material_wholesale_price,"Sawn hardwood, 50mm x 75mm column",6903.0,cubic metre,B10600052026MM02B0100.xlsx
2026-02,monthly,material_wholesale_price,Steel flats,10750.0,tonne,B10600052026MM02B0100.xlsx
2026-02,monthly,material_wholesale_price,Steel hollow sections,13701.0,tonne,B10600052026MM02B0100.xlsx
2026-02,monthly,material_wholesale_price,"Steel plate, 4mm thick",5916.0,tonne,B10600052026MM02B0100.xlsx
2026-02,monthly,material_wholesale_price,Steel plates,14770.0,tonne,B10600052026MM02B0100.xlsx
2026-02,monthly,material_wholesale_price,"Steel reinforcement - High tensile steel bars, 10mm to 40mm",5163.0,tonne,B10600052026MM02B0100.csv
2026-02,monthly,material_wholesale_price,"Timber formwork - Plywood, formwork, 19mm thick",83.0,square metre,B10600052026MM02B0100.csv
2026-02,monthly,material_wholesale_price,"Tinted glass, 6mm thick",288.0,square metre,B10600052026MM02B0100.xlsx
2026-02,monthly,material_wholesale_price,"Unglazed tiles, 25mm x 25mm",216.0,square metre,B10600052026MM02B0100.xlsx
2026-02,monthly,material_wholesale_price,"Woodwork - Sawn hardwood, 50mm x 75mm column",6903.0,cubic metre,B10600052026MM02B0100.csv
2026-02,monthly,material_wholesale_price,"uPVC pipes - 32mm diameter pipes, 4m long",60.0,no.,B10600052026MM02B0100.csv
2026-03,monthly,material_wholesale_price,"100mm diameter pipes, 3m long",640.0,no.,B10600052026MM03B0100.xlsx
2026-03,monthly,material_wholesale_price,"100mm diameter pipes, 6m long",1230.0,no.,B10600052026MM03B0100.xlsx
2026-03,monthly,material_wholesale_price,"22mm diameter pipes, 5.8m long",405.0,no.,B10600052026MM03B0100.xlsx
2026-03,monthly,material_wholesale_price,"32mm diameter pipes, 4m long",60.0,no.,B10600052026MM03B0100.xlsx
2026-03,monthly,material_wholesale_price,Acrylic paint,67.0,litre,B10600052026MM03B0100.xlsx
2026-03,monthly,material_wholesale_price,Aggregates,86.0,tonne,B10600052026MM03B0100.csv
2026-03,monthly,material_wholesale_price,Aggregates,86.0,tonne,B10600052026MM03B0100.xlsx
2026-03,monthly,material_wholesale_price,Bitumen,10167.0,tonne,B10600052026MM03B0100.csv
2026-03,monthly,material_wholesale_price,Bitumen,10167.0,tonne,B10600052026MM03B0100.xlsx
2026-03,monthly,material_wholesale_price,"Clear float glass, 6mm thick",173.0,square metre,B10600052026MM03B0100.xlsx
2026-03,monthly,material_wholesale_price,"Colour tiles, 200mm x 200mm, include white",418.0,100 pieces,B10600052026MM03B0100.xlsx
2026-03,monthly,material_wholesale_price,"Concrete blocks, 100mm thick",107.0,square metre,B10600052026MM03B0100.csv
2026-03,monthly,material_wholesale_price,"Concrete blocks, 100mm thick",107.0,square metre,B10600052026MM03B0100.xlsx
2026-03,monthly,material_wholesale_price,"Copper pipes - 22mm diameter pipes, 5.8m long",405.0,no.,B10600052026MM03B0100.csv
2026-03,monthly,material_wholesale_price,Diesel fuel - For industrial use (light),4200.0,200 litre,B10600052026MM03B0100.csv
2026-03,monthly,material_wholesale_price,Diesel fuel - For road use,2790.0,100 litre,B10600052026MM03B0100.csv
2026-03,monthly,material_wholesale_price,Emulsion paint,69.0,litre,B10600052026MM03B0100.xlsx
2026-03,monthly,material_wholesale_price,"Epoxy coated cast iron pipes - 100mm diameter pipes, 3m long",640.0,no.,B10600052026MM03B0100.csv
2026-03,monthly,material_wholesale_price,For industrial use (light),4200.0,200 litre,B10600052026MM03B0100.xlsx
2026-03,monthly,material_wholesale_price,For road use,2790.0,100 litre,B10600052026MM03B0100.xlsx
2026-03,monthly,material_wholesale_price,"GMS pipes - 100mm diameter pipes, 6m long",1230.0,no.,B10600052026MM03B0100.csv
2026-03,monthly,material_wholesale_price,Galvanised mild steel - Steel flats,10750.0,tonne,B10600052026MM03B0100.csv
2026-03,monthly,material_wholesale_price,Galvanised mild steel - Steel hollow sections,13729.0,tonne,B10600052026MM03B0100.csv
2026-03,monthly,material_wholesale_price,Galvanised mild steel - Steel plates,14799.0,tonne,B10600052026MM03B0100.csv
2026-03,monthly,material_wholesale_price,"Glass - Clear float glass, 6mm thick",173.0,square metre,B10600052026MM03B0100.csv
2026-03,monthly,material_wholesale_price,"Glass - Tinted glass, 6mm thick",288.0,square metre,B10600052026MM03B0100.csv
2026-03,monthly,material_wholesale_price,"Glazed ceramic wall tiles - Colour tiles, 200mm x 200mm, include white",418.0,100 pieces,B10600052026MM03B0100.csv
2026-03,monthly,material_wholesale_price,"Glazed tiles, 45mm x 45mm",169.0,square metre,B10600052026MM03B0100.xlsx
2026-03,monthly,material_wholesale_price,"High tensile steel bars, 10mm to 40mm",5277.0,tonne,B10600052026MM03B0100.xlsx
2026-03,monthly,material_wholesale_price,"Homogeneous floor tiles - Non-slip tile, 200mm x 200mm",254.0,square metre,B10600052026MM03B0100.csv
2026-03,monthly,material_wholesale_price,"Metal formwork - Steel plate, 4mm thick",5912.0,tonne,B10600052026MM03B0100.csv
2026-03,monthly,material_wholesale_price,"Mosaic tiles - Glazed tiles, 45mm x 45mm",169.0,square metre,B10600052026MM03B0100.csv
2026-03,monthly,material_wholesale_price,"Mosaic tiles - Unglazed tiles, 25mm x 25mm",216.0,square metre,B10600052026MM03B0100.csv
2026-03,monthly,material_wholesale_price,"Non-slip tile, 200mm x 200mm",254.0,square metre,B10600052026MM03B0100.xlsx
2026-03,monthly,material_wholesale_price,Paint - Acrylic paint,67.0,litre,B10600052026MM03B0100.csv
2026-03,monthly,material_wholesale_price,Paint - Emulsion paint,69.0,litre,B10600052026MM03B0100.csv
2026-03,monthly,material_wholesale_price,"Plywood, formwork, 19mm thick",82.0,square metre,B10600052026MM03B0100.xlsx
2026-03,monthly,material_wholesale_price,Portland cement (ordinary),855.0,tonne,B10600052026MM03B0100.csv
2026-03,monthly,material_wholesale_price,Portland cement (ordinary),855.0,tonne,B10600052026MM03B0100.xlsx
2026-03,monthly,material_wholesale_price,Sand,273.0,tonne,B10600052026MM03B0100.csv
2026-03,monthly,material_wholesale_price,Sand,273.0,tonne,B10600052026MM03B0100.xlsx
2026-03,monthly,material_wholesale_price,"Sawn hardwood, 50mm x 75mm column",6903.0,cubic metre,B10600052026MM03B0100.xlsx
2026-03,monthly,material_wholesale_price,Steel flats,10750.0,tonne,B10600052026MM03B0100.xlsx
2026-03,monthly,material_wholesale_price,Steel hollow sections,13729.0,tonne,B10600052026MM03B0100.xlsx
2026-03,monthly,material_wholesale_price,"Steel plate, 4mm thick",5912.0,tonne,B10600052026MM03B0100.xlsx
2026-03,monthly,material_wholesale_price,Steel plates,14799.0,tonne,B10600052026MM03B0100.xlsx
2026-03,monthly,material_wholesale_price,"Steel reinforcement - High tensile steel bars, 10mm to 40mm",5277.0,tonne,B10600052026MM03B0100.csv
2026-03,monthly,material_wholesale_price,"Timber formwork - Plywood, formwork, 19mm thick",82.0,square metre,B10600052026MM03B0100.csv
2026-03,monthly,material_wholesale_price,"Tinted glass, 6mm thick",288.0,square metre,B10600052026MM03B0100.xlsx
2026-03,monthly,material_wholesale_price,"Unglazed tiles, 25mm x 25mm",216.0,square metre,B10600052026MM03B0100.xlsx
2026-03,monthly,material_wholesale_price,"Woodwork - Sawn hardwood, 50mm x 75mm column",6903.0,cubic metre,B10600052026MM03B0100.csv
2026-03,monthly,material_wholesale_price,"uPVC pipes - 32mm diameter pipes, 4m long",60.0,no.,B10600052026MM03B0100.csv
2026-04,monthly,material_wholesale_price,"100mm diameter pipes, 3m long",619.0,no.,B10600052026MM04B0100.xlsx
2026-04,monthly,material_wholesale_price,"100mm diameter pipes, 6m long",1230.0,no.,B10600052026MM04B0100.xlsx
2026-04,monthly,material_wholesale_price,"22mm diameter pipes, 5.8m long",436.0,no.,B10600052026MM04B0100.xlsx
2026-04,monthly,material_wholesale_price,"32mm diameter pipes, 4m long",60.0,no.,B10600052026MM04B0100.xlsx
2026-04,monthly,material_wholesale_price,Acrylic paint,67.0,litre,B10600052026MM04B0100.xlsx
2026-04,monthly,material_wholesale_price,Aggregates,89.0,tonne,B10600052026MM04B0100.csv
2026-04,monthly,material_wholesale_price,Aggregates,89.0,tonne,B10600052026MM04B0100.xlsx
2026-04,monthly,material_wholesale_price,Bitumen,10181.0,tonne,B10600052026MM04B0100.csv
2026-04,monthly,material_wholesale_price,Bitumen,10181.0,tonne,B10600052026MM04B0100.xlsx
2026-04,monthly,material_wholesale_price,"Clear float glass, 6mm thick",171.0,square metre,B10600052026MM04B0100.xlsx
2026-04,monthly,material_wholesale_price,"Colour tiles, 200mm x 200mm, include white",420.0,100 pieces,B10600052026MM04B0100.xlsx
2026-04,monthly,material_wholesale_price,"Concrete blocks, 100mm thick",107.0,square metre,B10600052026MM04B0100.csv
2026-04,monthly,material_wholesale_price,"Concrete blocks, 100mm thick",107.0,square metre,B10600052026MM04B0100.xlsx
2026-04,monthly,material_wholesale_price,"Copper pipes - 22mm diameter pipes, 5.8m long",436.0,no.,B10600052026MM04B0100.csv
2026-04,monthly,material_wholesale_price,Diesel fuel - For industrial use (light),4710.0,200 litre,B10600052026MM04B0100.csv
2026-04,monthly,material_wholesale_price,Diesel fuel - For road use,3054.0,100 litre,B10600052026MM04B0100.csv
2026-04,monthly,material_wholesale_price,Emulsion paint,70.0,litre,B10600052026MM04B0100.xlsx
2026-04,monthly,material_wholesale_price,"Epoxy coated cast iron pipes - 100mm diameter pipes, 3m long",619.0,no.,B10600052026MM04B0100.csv
2026-04,monthly,material_wholesale_price,For industrial use (light),4710.0,200 litre,B10600052026MM04B0100.xlsx
2026-04,monthly,material_wholesale_price,For road use,3054.0,100 litre,B10600052026MM04B0100.xlsx
2026-04,monthly,material_wholesale_price,"GMS pipes - 100mm diameter pipes, 6m long",1230.0,no.,B10600052026MM04B0100.csv
2026-04,monthly,material_wholesale_price,Galvanised mild steel - Steel flats,10897.0,tonne,B10600052026MM04B0100.csv
2026-04,monthly,material_wholesale_price,Galvanised mild steel - Steel hollow sections,14063.0,tonne,B10600052026MM04B0100.csv
2026-04,monthly,material_wholesale_price,Galvanised mild steel - Steel plates,15301.0,tonne,B10600052026MM04B0100.csv
2026-04,monthly,material_wholesale_price,"Glass - Clear float glass, 6mm thick",171.0,square metre,B10600052026MM04B0100.csv
2026-04,monthly,material_wholesale_price,"Glass - Tinted glass, 6mm thick",281.0,square metre,B10600052026MM04B0100.csv
2026-04,monthly,material_wholesale_price,"Glazed ceramic wall tiles - Colour tiles, 200mm x 200mm, include white",420.0,100 pieces,B10600052026MM04B0100.csv
2026-04,monthly,material_wholesale_price,"Glazed tiles, 45mm x 45mm",164.0,square metre,B10600052026MM04B0100.xlsx
2026-04,monthly,material_wholesale_price,"High tensile steel bars, 10mm to 40mm",5370.0,tonne,B10600052026MM04B0100.xlsx
2026-04,monthly,material_wholesale_price,"Homogeneous floor tiles - Non-slip tile, 200mm x 200mm",257.0,square metre,B10600052026MM04B0100.csv
2026-04,monthly,material_wholesale_price,"Metal formwork - Steel plate, 4mm thick",5955.0,tonne,B10600052026MM04B0100.csv
2026-04,monthly,material_wholesale_price,"Mosaic tiles - Glazed tiles, 45mm x 45mm",164.0,square metre,B10600052026MM04B0100.csv
2026-04,monthly,material_wholesale_price,"Mosaic tiles - Unglazed tiles, 25mm x 25mm",227.0,square metre,B10600052026MM04B0100.csv
2026-04,monthly,material_wholesale_price,"Non-slip tile, 200mm x 200mm",257.0,square metre,B10600052026MM04B0100.xlsx
2026-04,monthly,material_wholesale_price,Paint - Acrylic paint,67.0,litre,B10600052026MM04B0100.csv
2026-04,monthly,material_wholesale_price,Paint - Emulsion paint,70.0,litre,B10600052026MM04B0100.csv
2026-04,monthly,material_wholesale_price,"Plywood, formwork, 19mm thick",83.0,square metre,B10600052026MM04B0100.xlsx
2026-04,monthly,material_wholesale_price,Portland cement (ordinary),856.0,tonne,B10600052026MM04B0100.csv
2026-04,monthly,material_wholesale_price,Portland cement (ordinary),856.0,tonne,B10600052026MM04B0100.xlsx
2026-04,monthly,material_wholesale_price,Sand,237.0,tonne,B10600052026MM04B0100.csv
2026-04,monthly,material_wholesale_price,Sand,237.0,tonne,B10600052026MM04B0100.xlsx
2026-04,monthly,material_wholesale_price,"Sawn hardwood, 50mm x 75mm column",6919.0,cubic metre,B10600052026MM04B0100.xlsx
2026-04,monthly,material_wholesale_price,Steel flats,10897.0,tonne,B10600052026MM04B0100.xlsx
2026-04,monthly,material_wholesale_price,Steel hollow sections,14063.0,tonne,B10600052026MM04B0100.xlsx
2026-04,monthly,material_wholesale_price,"Steel plate, 4mm thick",5955.0,tonne,B10600052026MM04B0100.xlsx
2026-04,monthly,material_wholesale_price,Steel plates,15301.0,tonne,B10600052026MM04B0100.xlsx
2026-04,monthly,material_wholesale_price,"Steel reinforcement - High tensile steel bars, 10mm to 40mm",5370.0,tonne,B10600052026MM04B0100.csv
2026-04,monthly,material_wholesale_price,"Timber formwork - Plywood, formwork, 19mm thick",83.0,square metre,B10600052026MM04B0100.csv
2026-04,monthly,material_wholesale_price,"Tinted glass, 6mm thick",281.0,square metre,B10600052026MM04B0100.xlsx
2026-04,monthly,material_wholesale_price,"Unglazed tiles, 25mm x 25mm",227.0,square metre,B10600052026MM04B0100.xlsx
2026-04,monthly,material_wholesale_price,"Woodwork - Sawn hardwood, 50mm x 75mm column",6919.0,cubic metre,B10600052026MM04B0100.csv
2026-04,monthly,material_wholesale_price,"uPVC pipes - 32mm diameter pipes, 4m long",60.0,no.,B10600052026MM04B0100.csv
2026-05,monthly,material_wholesale_price,"100mm diameter pipes, 3m long",619.0,no.,B10600052026MM05B0100.xlsx
2026-05,monthly,material_wholesale_price,"100mm diameter pipes, 6m long",1230.0,no.,B10600052026MM05B0100.xlsx
2026-05,monthly,material_wholesale_price,"22mm diameter pipes, 5.8m long",441.0,no.,B10600052026MM05B0100.xlsx
2026-05,monthly,material_wholesale_price,"32mm diameter pipes, 4m long",60.0,no.,B10600052026MM05B0100.xlsx
2026-05,monthly,material_wholesale_price,Acrylic paint,68.0,litre,B10600052026MM05B0100.xlsx
2026-05,monthly,material_wholesale_price,Aggregates,90.0,tonne,B10600052026MM05B0100.csv
2026-05,monthly,material_wholesale_price,Aggregates,90.0,tonne,B10600052026MM05B0100.xlsx
2026-05,monthly,material_wholesale_price,Bitumen,10276.0,tonne,B10600052026MM05B0100.csv
2026-05,monthly,material_wholesale_price,Bitumen,10276.0,tonne,B10600052026MM05B0100.xlsx
2026-05,monthly,material_wholesale_price,"Clear float glass, 6mm thick",171.0,square metre,B10600052026MM05B0100.xlsx
2026-05,monthly,material_wholesale_price,"Colour tiles, 200mm x 200mm, include white",420.0,100 pieces,B10600052026MM05B0100.xlsx
2026-05,monthly,material_wholesale_price,"Concrete blocks, 100mm thick",107.0,square metre,B10600052026MM05B0100.csv
2026-05,monthly,material_wholesale_price,"Concrete blocks, 100mm thick",107.0,square metre,B10600052026MM05B0100.xlsx
2026-05,monthly,material_wholesale_price,"Copper pipes - 22mm diameter pipes, 5.8m long",441.0,no.,B10600052026MM05B0100.csv
2026-05,monthly,material_wholesale_price,Diesel fuel - For industrial use (light),4184.0,200 litre,B10600052026MM05B0100.csv
2026-05,monthly,material_wholesale_price,Diesel fuel - For road use,2824.0,100 litre,B10600052026MM05B0100.csv
2026-05,monthly,material_wholesale_price,Emulsion paint,71.0,litre,B10600052026MM05B0100.xlsx
2026-05,monthly,material_wholesale_price,"Epoxy coated cast iron pipes - 100mm diameter pipes, 3m long",619.0,no.,B10600052026MM05B0100.csv
2026-05,monthly,material_wholesale_price,For industrial use (light),4184.0,200 litre,B10600052026MM05B0100.xlsx
2026-05,monthly,material_wholesale_price,For road use,2824.0,100 litre,B10600052026MM05B0100.xlsx
2026-05,monthly,material_wholesale_price,"GMS pipes - 100mm diameter pipes, 6m long",1230.0,no.,B10600052026MM05B0100.csv
2026-05,monthly,material_wholesale_price,Galvanised mild steel - Steel flats,11115.0,tonne,B10600052026MM05B0100.csv
2026-05,monthly,material_wholesale_price,Galvanised mild steel - Steel hollow sections,14165.0,tonne,B10600052026MM05B0100.csv
2026-05,monthly,material_wholesale_price,Galvanised mild steel - Steel plates,15384.0,tonne,B10600052026MM05B0100.csv
2026-05,monthly,material_wholesale_price,"Glass - Clear float glass, 6mm thick",171.0,square metre,B10600052026MM05B0100.csv
2026-05,monthly,material_wholesale_price,"Glass - Tinted glass, 6mm thick",281.0,square metre,B10600052026MM05B0100.csv
2026-05,monthly,material_wholesale_price,"Glazed ceramic wall tiles - Colour tiles, 200mm x 200mm, include white",420.0,100 pieces,B10600052026MM05B0100.csv
2026-05,monthly,material_wholesale_price,"Glazed tiles, 45mm x 45mm",164.0,square metre,B10600052026MM05B0100.xlsx
2026-05,monthly,material_wholesale_price,"High tensile steel bars, 10mm to 40mm",5451.0,tonne,B10600052026MM05B0100.xlsx
2026-05,monthly,material_wholesale_price,"Homogeneous floor tiles - Non-slip tile, 200mm x 200mm",257.0,square metre,B10600052026MM05B0100.csv
2026-05,monthly,material_wholesale_price,"Metal formwork - Steel plate, 4mm thick",6213.0,tonne,B10600052026MM05B0100.csv
2026-05,monthly,material_wholesale_price,"Mosaic tiles - Glazed tiles, 45mm x 45mm",164.0,square metre,B10600052026MM05B0100.csv
2026-05,monthly,material_wholesale_price,"Mosaic tiles - Unglazed tiles, 25mm x 25mm",227.0,square metre,B10600052026MM05B0100.csv
2026-05,monthly,material_wholesale_price,"Non-slip tile, 200mm x 200mm",257.0,square metre,B10600052026MM05B0100.xlsx
2026-05,monthly,material_wholesale_price,Paint - Acrylic paint,68.0,litre,B10600052026MM05B0100.csv
2026-05,monthly,material_wholesale_price,Paint - Emulsion paint,71.0,litre,B10600052026MM05B0100.csv
2026-05,monthly,material_wholesale_price,"Plywood, formwork, 19mm thick",83.0,square metre,B10600052026MM05B0100.xlsx
2026-05,monthly,material_wholesale_price,Portland cement (ordinary),856.0,tonne,B10600052026MM05B0100.csv
2026-05,monthly,material_wholesale_price,Portland cement (ordinary),856.0,tonne,B10600052026MM05B0100.xlsx
2026-05,monthly,material_wholesale_price,Sand,278.0,tonne,B10600052026MM05B0100.csv
2026-05,monthly,material_wholesale_price,Sand,278.0,tonne,B10600052026MM05B0100.xlsx
2026-05,monthly,material_wholesale_price,"Sawn hardwood, 50mm x 75mm column",6919.0,cubic metre,B10600052026MM05B0100.xlsx
2026-05,monthly,material_wholesale_price,Steel flats,11115.0,tonne,B10600052026MM05B0100.xlsx
2026-05,monthly,material_wholesale_price,Steel hollow sections,14165.0,tonne,B10600052026MM05B0100.xlsx
2026-05,monthly,material_wholesale_price,"Steel plate, 4mm thick",6213.0,tonne,B10600052026MM05B0100.xlsx
2026-05,monthly,material_wholesale_price,Steel plates,15384.0,tonne,B10600052026MM05B0100.xlsx
2026-05,monthly,material_wholesale_price,"Steel reinforcement - High tensile steel bars, 10mm to 40mm",5451.0,tonne,B10600052026MM05B0100.csv
2026-05,monthly,material_wholesale_price,"Timber formwork - Plywood, formwork, 19mm thick",83.0,square metre,B10600052026MM05B0100.csv
2026-05,monthly,material_wholesale_price,"Tinted glass, 6mm thick",281.0,square metre,B10600052026MM05B0100.xlsx
2026-05,monthly,material_wholesale_price,"Unglazed tiles, 25mm x 25mm",227.0,square metre,B10600052026MM05B0100.xlsx
2026-05,monthly,material_wholesale_price,"Woodwork - Sawn hardwood, 50mm x 75mm column",6919.0,cubic metre,B10600052026MM05B0100.csv
2026-05,monthly,material_wholesale_price,"uPVC pipes - 32mm diameter pipes, 4m long",60.0,no.,B10600052026MM05B0100.csv
