REHAB_PROJ_KEY,BUILDING_NAME_ENG,BUILDING_NAME_CHI,BUILDING_ADDRESS_ENG,BUILDING_ADDRESS_CHI,DISTRICT,COMPLETION_YEAR,NUMBER_OF_UNITS,NUMBER_OF_STOREYS,REHABILITATION_COST,AVERAGE_CONTRIBUTION_PER_UNIT,OP_YEAR,SCHEME,SCOPE_OF_WORKS
2125,Wah Sing Building (Block B),華成樓(Ｂ座),80-84 Hau Tei Square,鱟地坊80-84號,Tsuen Wan,2015,20,6,1554000,80200,1964,CAS,Concrete Repair; External Wall Re-painting/Re-tiling; Internal Wall Re-painting; Replacement of Drainage Pipes; Electrical Installation Improvement; Fire Services Installation Improvement; Replacement/Repairing of Windows; Repair Underground Drainage
2285,On Fung Building,安豐大廈,80-98 Heung Wo Street & 63-65 Yuen Tun Circuit,享和街80-98號 & 圓墩圍63-65號,Tsuen Wan,2014,125,21,3955000,31640,1971,CAS,Concrete Repair; External Wall Re-painting/Re-tiling; Internal Wall Re-painting; Replacement of Drainage Pipes; Re-roofing for Main Roof; Electrical Installation Improvement; Replacement/Repairing of Fire Rated Doors; Replacement/Repairing of Windows
1174,Tak Fan House,德範樓,2-20 Tak Wah Street,德華街 2-20 號,Tsuen Wan,2013,60,6,2775000,46250,1966,OBB(Cat2VW),Concrete Repair; External Wall Re-painting/Re-tiling; Internal Wall Re-painting; Replacement of Drainage Pipes; Replacement of Fresh Water Pipes; Electrical Installation Improvement; Replacement/Repairing of Windows
1084,Mee Wah Building,美華樓,2-4 Heung Shing Street,享成街 2-4 號,Tsuen Wan,2011,29,6,1148700,39610.34,1971,OBB(Cat2VW),Concrete Repair; External Wall Re-painting/Re-tiling; Internal Wall Re-painting; Replacement of Drainage Pipes; Replacement of Fresh Water Pipes; Replacement of Flushing Water Pipes; Re-roofing for Main Roof; Electrical Installation Improvement; Replacement/Repairing of Fire Rated Doors; Replacement/Repairing of Windows; Main Lobby Redecoration
682,Winning Heights,運通洋樓,4-12 Wang Tung Street & 279-287 Castle Peak Road Tsuen Wan & 5-11 Fu Wah Street & 65-75 Lo Tak Court,宏通街 4-12號 & 青山公路荃灣段279-287號 & 富華街5-11號 & 路德圍65-75號,Tsuen Wan,2012,204,24,6620114,32451.54,1973,OBB(Cat1),Concrete Repair; External Wall Re-painting/Re-tiling; Internal Wall Re-painting; Replacement of Drainage Pipes; Replacement of Fresh Water Pipes; Replacement of Flushing Water Pipes; Electrical Installation Improvement; Replacement/Repairing of Fire Rated Doors; Replacement/Repairing of Windows
1005,Win Shing House,運盛樓,9-12 Fu Yung Street,芙蓉街 9-12號,Tsuen Wan,2011,35,6,1041200,29748.57,1972,OBB(Cat1),Concrete Repair; External Wall Re-painting/Re-tiling; Internal Wall Re-painting; Replacement of Drainage Pipes; Replacement of Flushing Water Pipes; Replacement/Repairing of Fire Rated Doors; Replacement/Repairing of Windows; Main Lobby Redecoration
762,Nga Chi House,雅緻樓,9-14 Sze Pei Square,四陂坊 9-14 號,Tsuen Wan,2013,62,10,2580000,41612.9,1964,OBB(Cat1),Concrete Repair; External Wall Re-painting/Re-tiling; Internal Wall Re-painting; Replacement of Drainage Pipes; Replacement of Fresh Water Pipes; Re-roofing for Main Roof; Replacement/Repairing of Fire Rated Doors; Replacement/Repairing of Windows
689,Tai Wah Building,泰華大廈,9-31 Tai Pei Square,大陂坊 9-31號,Tsuen Wan,2011,179,19,5370784,30004.38,1973,OBB(Cat1),Concrete Repair; External Wall Re-painting/Re-tiling; Internal Wall Re-painting; Replacement of Drainage Pipes; Replacement of Flushing Water Pipes; Electrical Installation Improvement; Fire Services Installation Improvement; Replacement/Repairing of Fire Rated Doors; Replacement/Repairing of Windows; Main Lobby Redecoration; Repair Underground Drainage
1037,Tak Yan House Stage 14,德仁樓十四期,14-18 Lo Tak Court,路德圍14-18號,Tsuen Wan,2014,17,6,1038756,61103.29,1972,OBB(Cat1),Concrete Repair; External Wall Re-painting/Re-tiling; Internal Wall Re-painting; Replacement of Drainage Pipes; Replacement of Fresh Water Pipes; Replacement of Flushing Water Pipes; Re-roofing for Main Roof; Electrical Installation Improvement; Replacement/Repairing of Fire Rated Doors; Replacement/Repairing of Windows
768,Sam Wo Building,三和樓,18 Chung On Street,眾安街 18 號,Tsuen Wan,2009,66,13,2068400,31339.39,1972,OBB(Cat1),Concrete Repair; External Wall Re-painting/Re-tiling; Internal Wall Re-painting; Replacement of Drainage Pipes; Replacement of Fresh Water Pipes; Replacement of Flushing Water Pipes; Replacement/Repairing of Windows; Lift Renovation
760,Tsuen Fat Building,荃發大廈,19 Tsuen Hing Path,荃興徑 19 號,Tsuen Wan,2009,69,23,4063489,58891.14,1973,OBB(Cat1),Concrete Repair; External Wall Re-painting/Re-tiling; Internal Wall Re-painting; Replacement of Drainage Pipes; Replacement of Fresh Water Pipes; Replacement of Flushing Water Pipes; Electrical Installation Improvement; Fire Services Installation Improvement; Replacement/Repairing of Fire Rated Doors; Replacement/Repairing of Windows; Main Lobby Redecoration
777,Wah Tat  House,華達樓,22-32 Hoi Pa Street,海壩街 22-32 號,Tsuen Wan,2011,77,11,2845650,36956.49,1966,OBB(Cat1),Concrete Repair; External Wall Re-painting/Re-tiling; Internal Wall Re-painting; Replacement of Drainage Pipes; Replacement of Fresh Water Pipes; Replacement of Flushing Water Pipes; Re-roofing for Main Roof; Electrical Installation Improvement; Fire Services Installation Improvement; Replacement/Repairing of Windows; Main Lobby Redecoration; Repair Underground Drainage
681,Win Hing House,運興樓,24-28 Shiu Wo Street,兆和街 24-28號,Tsuen Wan,2010,17,6,648683,38157.82,1971,OBB(Cat1),Concrete Repair; External Wall Re-painting/Re-tiling; Internal Wall Re-painting; Replacement of Drainage Pipes; Replacement of Fresh Water Pipes; Replacement of Flushing Water Pipes; Re-roofing for Main Roof; Electrical Installation Improvement; Fire Services Installation Improvement; Replacement/Repairing of Fire Rated Doors; Replacement/Repairing of Windows; Main Lobby Redecoration; Repair Underground Drainage
1819,,,27-33 Yi Pei Square,二陂坊 27-33 號,Tsuen Wan,2014,24,6,2131834,88826.42,1961,OBB(Cat1),Concrete Repair; External Wall Re-painting/Re-tiling; Internal Wall Re-painting; Replacement of Drainage Pipes; Replacement of Fresh Water Pipes; Replacement of Flushing Water Pipes; Re-roofing for Main Roof; Fire Services Installation Improvement; Replacement/Repairing of Fire Rated Doors; Replacement/Repairing of Windows; Repair Underground Drainage
1094,Wing On Building,永安樓,34-36 Shiu Wo Street,兆和街 34-36號,Tsuen Wan,2012,12,6,754000,62833.33,1975,OBB(Cat2VW),Concrete Repair; External Wall Re-painting/Re-tiling; Internal Wall Re-painting; Replacement of Drainage Pipes; Re-roofing for Main Roof; Replacement/Repairing of Fire Rated Doors; Replacement/Repairing of Windows
1316,Tung Yan Mansion,同仁樓,37 Tso Kung Square,曹公坊 37號,Tsuen Wan,2013,12,6,780414,65034.5,1969,OBB(Cat1),Concrete Repair; External Wall Re-painting/Re-tiling; Internal Wall Re-painting; Replacement of Drainage Pipes; Replacement of Flushing Water Pipes; Electrical Installation Improvement; Replacement/Repairing of Fire Rated Doors; Replacement/Repairing of Windows
779,Dao Shing Building,都城大樓,43-59 Heung Wo Street,享和街 43-59 號,Tsuen Wan,2010,188,23,5486120,29181.49,1972,OBB(Cat1),Concrete Repair; External Wall Re-painting/Re-tiling; Internal Wall Re-painting; Replacement of Drainage Pipes; Replacement of Fresh Water Pipes; Replacement of Flushing Water Pipes; Electrical Installation Improvement; Replacement/Repairing of Fire Rated Doors; Replacement/Repairing of Windows; Main Lobby Redecoration
1554,,,46-48 Ho Pui Street,河背街 46-48,Tsuen Wan,2014,17,6,918733.2,54043.13,1963,OBB(Cat2VW),Concrete Repair; External Wall Re-painting/Re-tiling; Internal Wall Re-painting; Replacement of Drainage Pipes; Re-roofing for Main Roof; Replacement/Repairing of Fire Rated Doors; Replacement/Repairing of Windows
1011,Kan Fat Building,庚發樓,49-51 Tai Pa Street,大壩街 49-51號,Tsuen Wan,2010,17,6,1043000,61352.94,1973,OBB(Cat1),Concrete Repair; External Wall Re-painting/Re-tiling; Internal Wall Re-painting; Replacement of Drainage Pipes; Replacement of Fresh Water Pipes; Replacement of Flushing Water Pipes; Re-roofing for Main Roof; Fire Services Installation Improvement; Replacement/Repairing of Fire Rated Doors; Replacement/Repairing of Windows; Main Lobby Redecoration
764,Cheong Wah Building,昌華大廈,51-63 Lo Tak Court,路德圍 51-63,Tsuen Wan,2011,207,21,6620000,31980.68,1973,OBB(Cat1),Concrete Repair; External Wall Re-painting/Re-tiling; Internal Wall Re-painting; Replacement of Drainage Pipes; Replacement of Fresh Water Pipes; Replacement of Flushing Water Pipes; Re-roofing for Main Roof; Electrical Installation Improvement; Fire Services Installation Improvement; Replacement/Repairing of Fire Rated Doors; Replacement/Repairing of Windows; Main Lobby Redecoration
1083,Tak Wah Building,德華樓,62-70 Tak Wah Street,德華街 62-70 號,Tsuen Wan,2009,48,6,2024705.64,42181.37,1971,OBB(Cat2VW),Concrete Repair; External Wall Re-painting/Re-tiling; Internal Wall Re-painting; Replacement of Drainage Pipes; Replacement of Fresh Water Pipes; Replacement of Flushing Water Pipes; Electrical Installation Improvement; Fire Services Installation Improvement; Replacement/Repairing of Fire Rated Doors; Replacement/Repairing of Windows; Main Lobby Redecoration
1087,63-65 Ho Pui Street,河背街 63-65,63-65 Ho Pui Street,河背街 63-65,Tsuen Wan,2009,18,6,840600,46700,1961,OBB(Cat2VW),Concrete Repair; External Wall Re-painting/Re-tiling; Internal Wall Re-painting; Replacement of Drainage Pipes; Replacement of Fresh Water Pipes; Replacement of Flushing Water Pipes; Re-roofing for Main Roof; Electrical Installation Improvement; Replacement/Repairing of Fire Rated Doors; Main Lobby Redecoration
663,Chin Lung Building,千龍大廈,69-77 Chuen Lung Street,川龍街 69-77 號,Tsuen Wan,2010,24,6,1028000,42833.33,1971,OBB(Cat1),Concrete Repair; External Wall Re-painting/Re-tiling; Internal Wall Re-painting; Replacement of Drainage Pipes; Replacement of Fresh Water Pipes; Replacement of Flushing Water Pipes; Re-roofing for Main Roof; Electrical Installation Improvement; Replacement/Repairing of Fire Rated Doors; Replacement/Repairing of Windows; Main Lobby Redecoration
1559,Kwong Fat Building,廣發大廈,74-78c Kwan Mun Hau Street & 347-355 Sha Tsui Road,關門口街 74-78c號 & 沙嘴道347-355號,Tsuen Wan,2012,31,6,1260864,40673.03,1971,OBB(Cat2VW),Concrete Repair; External Wall Re-painting/Re-tiling; Internal Wall Re-painting; Replacement of Drainage Pipes; Replacement/Repairing of Fire Rated Doors; Replacement/Repairing of Windows
704,,,85-87 Chung On Street,眾安街 85-87號,Tsuen Wan,2010,12,6,736200,61350,1959,OBB(Cat1),Concrete Repair; External Wall Re-painting/Re-tiling; Internal Wall Re-painting; Replacement of Drainage Pipes; Replacement of Fresh Water Pipes; Replacement of Flushing Water Pipes; Re-roofing for Main Roof; Electrical Installation Improvement; Replacement/Repairing of Windows
1132,,,93-95 Chuen Lung Street,川龍街 93-95號,Tsuen Wan,2015,12,6,686250,57187.5,1966,OBB(Cat2VW),Concrete Repair; External Wall Re-painting/Re-tiling; Internal Wall Re-painting; Replacement of Drainage Pipes; Replacement/Repairing of Fire Rated Doors; Replacement/Repairing of Windows; Repair Underground Drainage
1164,,,97-99 & 99A Chuen Lung Street,川龍街 97-99 號 & 99A號,Tsuen Wan,2015,18,6,808900,44938.89,1966,OBB(Cat2VW),Concrete Repair; External Wall Re-painting/Re-tiling; Internal Wall Re-painting; Replacement of Drainage Pipes; Replacement/Repairing of Fire Rated Doors; Replacement/Repairing of Windows; Repair Underground Drainage
766,Cheong Hee Building,昌禧大廈,105-111 Hoi Pa Street,海壩街 105-111 號,Tsuen Wan,2010,47,13,2160000,45957.45,1977,OBB(Cat1),Concrete Repair; External Wall Re-painting/Re-tiling; Internal Wall Re-painting; Replacement of Drainage Pipes; Replacement of Flushing Water Pipes; Re-roofing for Main Roof; Replacement/Repairing of Fire Rated Doors; Replacement/Repairing of Windows
1549,Tsuen Bik Building,荃碧大廈,108-114 Hoi Pa Street,海壩街108-114號,Tsuen Wan,2013,52,14,3960000,76153.85,1973,OBB(Cat2VW),Concrete Repair; External Wall Re-painting/Re-tiling; Internal Wall Re-painting; Replacement of Drainage Pipes; Replacement of Fresh Water Pipes; Replacement of Flushing Water Pipes; Electrical Installation Improvement; Fire Services Installation Improvement; Replacement/Repairing of Fire Rated Doors; Replacement/Repairing of Windows
1085,-,-,115-117 Chuen Lung Street,川龍街 115-117 號,Tsuen Wan,2010,12,6,389000,32416.67,1962,OBB(Cat2VW),Concrete Repair; External Wall Re-painting/Re-tiling; Internal Wall Re-painting; Replacement of Drainage Pipes; Replacement/Repairing of Windows
765,Wah Cheung Building,華祥樓,115-117 Hoi Pa Street,海壩街 115-117 號,Tsuen Wan,2010,23,6,1920000,83478.26,1970,OBB(Cat1),Concrete Repair; External Wall Re-painting/Re-tiling; Internal Wall Re-painting; Replacement of Drainage Pipes; Replacement of Flushing Water Pipes; Re-roofing for Main Roof; Electrical Installation Improvement; Fire Services Installation Improvement; Replacement/Repairing of Fire Rated Doors; Replacement/Repairing of Windows
494,Wanson House,蘊祟大廈,117-121 Castle Peak Road Tsuen Wan & 115-119 Tsuen Wan Market Street,青山公路荃灣段 117-121號 & 荃灣街市街115-119號,Tsuen Wan,2010,57,14,2280000,40000,1972,OBB(Cat1),Concrete Repair; External Wall Re-painting/Re-tiling; Internal Wall Re-painting; Replacement of Drainage Pipes; Replacement of Fresh Water Pipes; Replacement of Flushing Water Pipes
3232,On Yue Building,安裕大廈,120-140 TSUEN WAN MARKET STREET &1-5 Yan Chai Street,120-140號 荃灣街市街 & 1-5號 仁濟街,Tsuen Wan,2011,139,25,5623200,40454.68,1972,OBB(Cat1),Concrete Repair; External Wall Re-painting/Re-tiling; Internal Wall Re-painting; Replacement of Drainage Pipes; Replacement of Fresh Water Pipes
1101,Wing Fat Building,榮發樓,122-132A Hoi Pa Street,海壩街 122-132A號,Tsuen Wan,2011,44,6,1799000,40886.36,1971,OBB(Cat2VW),Concrete Repair; External Wall Re-painting/Re-tiling; Internal Wall Re-painting; Replacement of Drainage Pipes; Replacement of Fresh Water Pipes; Replacement of Flushing Water Pipes; Electrical Installation Improvement; Fire Services Installation Improvement; Replacement/Repairing of Windows
1086,Win Cheong House,運昌樓,131-137 Sha Tsui Road,沙咀道 131-137 號,Tsuen Wan,2011,24,6,720744.8,30031.03,1972,OBB(Cat2VW),Concrete Repair; External Wall Re-painting/Re-tiling; Internal Wall Re-painting; Replacement of Drainage Pipes; Replacement of Fresh Water Pipes; Replacement of Flushing Water Pipes; Electrical Installation Improvement; Replacement/Repairing of Fire Rated Doors; Replacement/Repairing of Windows
700,Yeung Ming Mansion,陽明樓,132-144 Sha Tsui Road,沙咀道 132-144 號,Tsuen Wan,2010,30,6,1022300,34076.67,1971,OBB(Cat1),Concrete Repair; External Wall Re-painting/Re-tiling; Internal Wall Re-painting; Replacement of Drainage Pipes; Replacement of Flushing Water Pipes; Electrical Installation Improvement; Replacement/Repairing of Fire Rated Doors; Replacement/Repairing of Windows
868,Luen Wo Building,聯和大樓,140-146 Hoi Pa Street,海壩街 140-146號,Tsuen Wan,2010,23,6,888860,38646.09,1971,OBB(Cat1),Concrete Repair; External Wall Re-painting/Re-tiling; Internal Wall Re-painting; Replacement of Drainage Pipes; Replacement of Fresh Water Pipes; Replacement of Flushing Water Pipes; Re-roofing for Main Roof; Removal of Unauthorized Building Works; Electrical Installation Improvement; Replacement/Repairing of Windows; Main Lobby Redecoration
1003,Kwan Shing Building,坤成樓,142-166 Market Street,荃灣街市街 142-166 號,Tsuen Wan,2014,73,6,4129870,56573.56,1972,OBB(Cat1),Concrete Repair; External Wall Re-painting/Re-tiling; Internal Wall Re-painting; Replacement of Drainage Pipes; Replacement of Fresh Water Pipes; Replacement of Flushing Water Pipes; Replacement/Repairing of Fire Rated Doors; Replacement/Repairing of Windows
2087,,,234 Sha Tsui Road,沙咀道234 號,Tsuen Wan,2015,6,6,376892.5,62815.42,1964,OBB(Cat2VW),Concrete Repair; External Wall Re-painting/Re-tiling; Internal Wall Re-painting; Replacement of Drainage Pipes; Electrical Installation Improvement; Fire Services Installation Improvement; Replacement/Repairing of Windows
2088,,,236 Sha Tsui Road,沙咀道236號,Tsuen Wan,2015,6,6,376892.5,62815.42,1964,OBB(Cat2VW),Concrete Repair; External Wall Re-painting/Re-tiling; Internal Wall Re-painting; Replacement of Drainage Pipes; Removal of Unauthorized Building Works; Electrical Installation Improvement; Replacement/Repairing of Windows
747,Foo Yu Building,富裕樓,263-275 Castle Peak Road & 5-7 Wun Tung Street & 3-11 Dung Fat Street & 4-8 Fu Wing Street,青山道 263-275 號 & 運通街 5-7 號 & 登發街 3-11 號 & 富榮街 4-8 號,Tsuen Wan,2011,174,22,10181784,58516,1973,OBB(Cat1),Concrete Repair; External Wall Re-painting/Re-tiling; Internal Wall Re-painting; Replacement of Drainage Pipes; Replacement of Fresh Water Pipes; Replacement of Flushing Water Pipes; Electrical Installation Improvement; Replacement/Repairing of Fire Rated Doors; Replacement/Repairing of Windows; Main Lobby Redecoration; Lift Renovation
691,Chung On Building,眾安大廈,305 Sha Tsui Road,沙咀道 305 號,Tsuen Wan,2012,160,13,6932000,43325,1970,OBB(Cat1),Concrete Repair; External Wall Re-painting/Re-tiling; Internal Wall Re-painting; Replacement of Drainage Pipes; Replacement of Fresh Water Pipes; Replacement of Flushing Water Pipes; Re-roofing for Main Roof; Fire Services Installation Improvement; Replacement/Repairing of Fire Rated Doors; Replacement/Repairing of Windows; Repair Underground Drainage
1012,Tak Yan House Stage 7,德仁樓第七期,337-339 Sha Tsui Road,沙咀道337-339號,Tsuen Wan,2014,23,6,1583400,68843.48,1970,OBB(Cat1),Concrete Repair; External Wall Re-painting/Re-tiling; Internal Wall Re-painting; Replacement of Drainage Pipes; Replacement of Fresh Water Pipes; Replacement of Flushing Water Pipes; Re-roofing for Main Roof; Electrical Installation Improvement; Replacement/Repairing of Fire Rated Doors; Replacement/Repairing of Windows
785,Tak Yan Lau Stage 15,德仁樓15期,19-27 Tai Pa Street,大壩街 19-27號,Tsuen Wan,2013,31,6,2143575,69147.58,1973,OBB(Cat1),Concrete Repair; External Wall Re-painting/Re-tiling; Internal Wall Re-painting; Replacement of Drainage Pipes; Replacement of Fresh Water Pipes; Replacement of Flushing Water Pipes; Electrical Installation Improvement; Fire Services Installation Improvement; Replacement/Repairing of Fire Rated Doors; Replacement/Repairing of Windows
512,,,1-3 Eastern Street,東邊街 1-3號,Central & Western,2010,12,6,450000,37500,1967,OBB(Cat2VW),Concrete Repair; External Wall Re-painting/Re-tiling; Internal Wall Re-painting; Replacement of Drainage Pipes; Replacement of Fresh Water Pipes; Replacement of Flushing Water Pipes; Re-roofing for Main Roof; Replacement/Repairing of Windows; Main Lobby Redecoration
656,Yuet Sum Mansion,悅心大廈,2-2E Western Street,西邊街 2-2E號,Central & Western,2011,63,15,3361612.75,53358.93,1964,OBB(Cat1),Concrete Repair; External Wall Re-painting/Re-tiling; Internal Wall Re-painting; Replacement of Drainage Pipes; Replacement of Fresh Water Pipes; Re-roofing for Main Roof; Fire Services Installation Improvement; Replacement/Repairing of Fire Rated Doors; Replacement/Repairing of Windows
670,,,2-4 Square Street,四方街 2-4,Central & Western,2012,12,6,659299,54941.58,1968,OBB(Cat1),Concrete Repair; External Wall Re-painting/Re-tiling; Internal Wall Re-painting; Replacement of Drainage Pipes; Replacement of Flushing Water Pipes
639,,,10-14 Pok Fu Lam Road,薄扶林道 10-14號,Central & Western,2012,13,6,490124,37701.85,1972,OBB(Cat1),Concrete Repair; External Wall Re-painting/Re-tiling; Internal Wall Re-painting
690,Tai Lee Building,大利樓,15-19 Elgin Street,伊利近街15-19號,Central & Western,2011,31,8,1828670.2,58989.36,1972,OBB(Cat1),Concrete Repair; External Wall Re-painting/Re-tiling; Internal Wall Re-painting; Replacement of Drainage Pipes; Replacement of Fresh Water Pipes; Re-roofing for Main Roof; Fire Services Installation Improvement; Replacement/Repairing of Fire Rated Doors; Replacement/Repairing of Windows
666,,,17-21 Gough Street,歌賦街17-21號,Central & Western,2012,22,5,1160000,52727.27,1967,OBB(Cat1),Concrete Repair; External Wall Re-painting/Re-tiling; Internal Wall Re-painting; Replacement of Drainage Pipes; Replacement of Fresh Water Pipes; Replacement of Flushing Water Pipes; Re-roofing for Main Roof; Fire Services Installation Improvement; Replacement/Repairing of Fire Rated Doors; Replacement/Repairing of Windows
672,Nam Pak Hong Building,南北行大廈,22-28 Bonham Strand West,文咸西街 22-28,Central & Western,2012,100,21,4272400,42724,1970,OBB(Cat1),Concrete Repair; External Wall Re-painting/Re-tiling; Internal Wall Re-painting; Replacement of Drainage Pipes; Replacement of Fresh Water Pipes; Replacement of Flushing Water Pipes; Replacement/Repairing of Fire Rated Doors; Replacement/Repairing of Windows
620,---,---,24 Gough Street,歌賦街 24 號,Central & Western,2013,6,6,248425,41404.17,1971,OBB(Cat2VW),Concrete Repair; External Wall Re-painting/Re-tiling; Internal Wall Re-painting; Re-roofing for Main Roof
732,Des Voeux Building,德輔大廈,25 Des Voeux Road West,德輔道西25號,Central & Western,2011,85,22,2391087,28130.44,1977,OBB(Cat2VW),Concrete Repair; External Wall Re-painting/Re-tiling; Internal Wall Re-painting; Replacement of Drainage Pipes; Fire Services Installation Improvement; Replacement/Repairing of Windows
624,---,---,26 Gough Street,歌賦街 26號,Central & Western,2013,6,6,248425,41404.17,1971,OBB(Cat2VW),Concrete Repair; External Wall Re-painting/Re-tiling; Internal Wall Re-painting; Re-roofing for Main Roof
638,,,36 Tung Street,東街36號,Central & Western,2013,6,6,438010,73001.67,1976,OBB(Cat2VW),Concrete Repair; External Wall Re-painting/Re-tiling; Internal Wall Re-painting; Re-roofing for Main Roof; Fire Services Installation Improvement; Replacement/Repairing of Fire Rated Doors; Replacement/Repairing of Windows
513,,,37-39 Aberdeen Street,鴨巴甸街 37-39,Central & Western,2014,14,7,1014254.5,72446.75,1970,OBB(Cat1),Concrete Repair; External Wall Re-painting/Re-tiling; Internal Wall Re-painting; Replacement of Drainage Pipes; Replacement of Fresh Water Pipes; Fire Services Installation Improvement; Replacement/Repairing of Windows
637,,,38 Tung Street,東街38號,Central & Western,2013,6,6,438010,73001.67,1976,OBB(Cat1),Concrete Repair; External Wall Re-painting/Re-tiling; Internal Wall Re-painting; Replacement of Drainage Pipes; Re-roofing for Main Roof; Electrical Installation Improvement; Fire Services Installation Improvement; Replacement/Repairing of Fire Rated Doors; Replacement/Repairing of Windows
646,New Central Mansion,新中環大廈,39-49 Gage Street,結志街39-49號,Central & Western,2011,81,14,3899088,48136.89,1966,OBB(Cat1),Concrete Repair; External Wall Re-painting/Re-tiling; Internal Wall Re-painting; Replacement of Drainage Pipes; Replacement of Flushing Water Pipes; Re-roofing for Main Roof; Lift Renovation
661,THE STANDARD CHARTERED BANK BUILDING,西營盤渣打銀行大廈,41-43 Gough Street,歌賦街41-43號,Central & Western,2011,14,6,520865,37204.64,1973,OBB(Cat1),Concrete Repair; External Wall Re-painting/Re-tiling; Internal Wall Re-painting; Replacement of Drainage Pipes; Replacement of Fresh Water Pipes; Re-roofing for Main Roof; Replacement/Repairing of Windows
659,Wilmer Building,威利大廈,104-106 Connaught Road West,干諾道西 104-106,Central & Western,2011,91,21,4178803,45920.91,1973,OBB(Cat1),Concrete Repair; External Wall Re-painting/Re-tiling; Internal Wall Re-painting; Replacement of Drainage Pipes; Replacement/Repairing of Windows; Lift Renovation
3520,WING FONG MANSION,永豐樓,107-117 SECOND STREET,107-117 第二街,Central & Western,2013,61,9,1791361,29366.57,1964,OBB(Cat1),Concrete Repair; External Wall Re-painting/Re-tiling; Internal Wall Re-painting; Replacement of Drainage Pipes; Replacement of Flushing Water Pipes; Re-roofing for Main Roof
651,Lee Wah Mansion,利華大廈,111-117 Des Voeux Road West,德輔道西 111-117,Central & Western,2012,64,13,3198000,49968.75,1969,OBB(Cat1),Concrete Repair; External Wall Re-painting/Re-tiling; Internal Wall Re-painting; Replacement of Drainage Pipes; Replacement of Fresh Water Pipes; Replacement of Flushing Water Pipes; Re-roofing for Main Roof; Fire Services Installation Improvement; Replacement/Repairing of Fire Rated Doors; Replacement/Repairing of Windows
686,Kiu Fat Building,僑發大廈,115-119 Queen's Road West,皇后大道西115-119號,Central & Western,2013,201,25,7998000,39791.04,1974,OBB(Cat1),Concrete Repair; External Wall Re-painting/Re-tiling; Internal Wall Re-painting; Replacement of Drainage Pipes; Replacement of Fresh Water Pipes; Replacement of Flushing Water Pipes; Re-roofing for Main Roof; Fire Services Installation Improvement; Replacement/Repairing of Fire Rated Doors; Replacement/Repairing of Windows; Main Lobby Redecoration
680,Tsang Chiu Ho Building,曾昭灝大廈,160-164 Wellington Street,威靈頓街160-164號,Central & Western,2014,43,8,2376590,55269.53,1970,OBB(Cat1),Concrete Repair; External Wall Re-painting/Re-tiling; Internal Wall Re-painting; Replacement of Drainage Pipes; Replacement of Fresh Water Pipes; Replacement of Flushing Water Pipes; Replacement/Repairing of Fire Rated Doors; Replacement/Repairing of Windows
675,Wah Koon Building,華冠大廈,181-199 Hollywood Road,荷李活道 181-199號,Central & Western,2014,204,24,10908203.8,53471.59,1978,OBB(Cat1),Concrete Repair; External Wall Re-painting/Re-tiling; Internal Wall Re-painting; Replacement of Drainage Pipes; Replacement of Fresh Water Pipes; Re-roofing for Main Roof; Fire Services Installation Improvement; Replacement/Repairing of Fire Rated Doors; Replacement/Repairing of Windows
537,,,224-226 Des Voeux Road West,德輔道西 224-226,Central & Western,2012,33,11,1642770,49780.91,1966,OBB(Cat1),Concrete Repair; External Wall Re-painting/Re-tiling; Internal Wall Re-painting; Replacement of Drainage Pipes; Replacement of Flushing Water Pipes; Re-roofing for Main Roof; Replacement/Repairing of Fire Rated Doors; Replacement/Repairing of Windows
688,Ching Tak Building,正德大廈,260-264 Des Voeux Road West,德輔道西260-264號,Central & Western,2011,93,17,3971519,42704.51,1967,OBB(Cat1),Concrete Repair; External Wall Re-painting/Re-tiling; Internal Wall Re-painting; Replacement of Drainage Pipes; Replacement of Fresh Water Pipes; Replacement of Flushing Water Pipes; Re-roofing for Main Roof; Fire Services Installation Improvement; Replacement/Repairing of Fire Rated Doors; Replacement/Repairing of Windows; Main Lobby Redecoration
647,Ming Hing Building,明興大廈,268-270 Des Voeux Road West,德輔道西268-270號,Central & Western,2011,24,12,1178322,49096.75,1971,OBB(Cat1),Concrete Repair; External Wall Re-painting/Re-tiling; Internal Wall Re-painting; Replacement of Drainage Pipes; Replacement of Fresh Water Pipes; Replacement of Flushing Water Pipes; Re-roofing for Main Roof
724,,,276-278 Des Voeux Road West,德輔道西 276-278號,Central & Western,2014,27,12,1960236.4,72601.35,1965,OBB(Cat1),Concrete Repair; External Wall Re-painting/Re-tiling; Internal Wall Re-painting; Replacement of Drainage Pipes; Replacement/Repairing of Fire Rated Doors; Replacement/Repairing of Windows
717,,,388-392 Queen's Road West,皇后大道西 388-392號,Central & Western,2014,12,5,778244.6,64853.72,1972,OBB(Cat1),Concrete Repair; External Wall Re-painting/Re-tiling; Internal Wall Re-painting; Replacement of Drainage Pipes; Re-roofing for Main Roof; Replacement/Repairing of Windows
2391,,,29 STAUNTON STREET,士丹頓街29號,Central & Western,2015,6,6,1000000,166666.67,1964,CAS,Concrete Repair; External Wall Re-painting/Re-tiling; Internal Wall Re-painting; Replacement of Drainage Pipes; Replacement of Fresh Water Pipes; Re-roofing for Main Roof; Fire Services Installation Improvement
2380,,,70-72 QUEEN'S ROAD WEST,皇后大道西70-72號,Central & Western,2015,16,6,1061399,66337.44,1971,CAS,Concrete Repair; External Wall Re-painting/Re-tiling; Internal Wall Re-painting; Replacement of Drainage Pipes; Replacement of Fresh Water Pipes; Replacement of Flushing Water Pipes; Re-roofing for Main Roof; Electrical Installation Improvement; Fire Services Installation Improvement; Replacement/Repairing of Fire Rated Doors; Replacement/Repairing of Windows
2189,Shun Tai Building,順泰大廈,121-131 First Street,第一街121至131號,Central & Western,2015,82,24,4922440,60029.76,1992,CAS,Concrete Repair; External Wall Re-painting/Re-tiling; Internal Wall Re-painting; Replacement of Drainage Pipes; Replacement of Fresh Water Pipes; Replacement of Flushing Water Pipes; Main Lobby Redecoration
2381,---,---,163 QUEEN'S ROAD WEST,皇后大道西163號,Central & Western,2014,7,6,911000,130142.86,1959,CAS,Concrete Repair; External Wall Re-painting/Re-tiling; Internal Wall Re-painting; Replacement of Drainage Pipes; Replacement of Fresh Water Pipes; Re-roofing for Main Roof; Fire Services Installation Improvement; Replacement/Repairing of Windows
3113,,,243 WING LOK STREET,243 永樂街,Central & Western,2015,6,5,534047.5,89007.92,1966,CAS,Concrete Repair; External Wall Re-painting/Re-tiling; Internal Wall Re-painting; Replacement of Drainage Pipes; Replacement/Repairing of Windows
3114,,,245 WING LOK STREET,245 永樂街,Central & Western,2015,6,5,534047.5,89007.92,1966,CAS,Concrete Repair; External Wall Re-painting/Re-tiling; Internal Wall Re-painting; Replacement of Drainage Pipes; Replacement/Repairing of Windows
3233,,,248-254 Queen's Road West,皇后大道西248至254號,Central & Western,2015,19,5,1612770,84882.63,1975,CAS,Concrete Repair; External Wall Re-painting/Re-tiling; Internal Wall Re-painting; Replacement of Drainage Pipes; Electrical Installation Improvement; Fire Services Installation Improvement; Replacement/Repairing of Fire Rated Doors; Replacement/Repairing of Windows
2200,New Start Building,新昇大廈,330-336 Queen's Road West,皇后大道西330至336號,Central & Western,2015,48,22,3119600,64991.67,1992,CAS,Concrete Repair; External Wall Re-painting/Re-tiling; Internal Wall Re-painting; Replacement of Drainage Pipes; Replacement of Fresh Water Pipes; Replacement of Flushing Water Pipes; Main Lobby Redecoration
2486,Lee Wing Building,利榮大廈,3 SHANSI STREET,山西街3號,Kowloon City,2014,122,24,7855185,64386.76,1981,CAS,Concrete Repair; External Wall Re-painting/Re-tiling; Internal Wall Re-painting; Replacement of Drainage Pipes; Replacement of Fresh Water Pipes; Replacement of Flushing Water Pipes; Re-roofing for Main Roof; Replacement/Repairing of Fire Rated Doors; Replacement/Repairing of Windows; Main Lobby Redecoration
3399,,,5-7 PAK KUNG STREET,北拱街 5-7 號,Kowloon City,2016,18,6,942900,52383.33,1964,CAS,Concrete Repair; External Wall Re-painting/Re-tiling; Internal Wall Re-painting; Replacement of Drainage Pipes; Replacement/Repairing of Windows
2597,Wallsend House,和善樓,"9-11 MAIDSTONE LANE, To Kwa Wan, Kowloon",九龍土瓜灣美善同里9-11號,Kowloon City,2015,20,10,2151030,107551.5,1982,CAS,Concrete Repair; External Wall Re-painting/Re-tiling; Internal Wall Re-painting; Replacement of Drainage Pipes; Replacement of Fresh Water Pipes; Replacement of Flushing Water Pipes; Re-roofing for Main Roof; Replacement/Repairing of Windows
2188,Yan Lee Building,仁利大廈,21-23 San Wai Street,新圍街21-23號,Kowloon City,2015,28,10,2178749,77812.46,1966,CAS,Concrete Repair; External Wall Re-painting/Re-tiling; Internal Wall Re-painting; Replacement of Drainage Pipes; Replacement of Flushing Water Pipes; Fire Services Installation Improvement; Replacement/Repairing of Fire Rated Doors; Replacement/Repairing of Windows; Main Lobby Redecoration
3330,,,22 PAK TAI STREET & 3 MA HANG CHUNG ROAD,22 北帝街 及 3 馬坑涌道,Kowloon City,2015,24,11,990000,41250,1960,CAS,Concrete Repair; External Wall Re-painting/Re-tiling; Internal Wall Re-painting; Re-roofing for Main Roof; Replacement/Repairing of Fire Rated Doors; Replacement/Repairing of Windows
3329,,,24 & 24A PAK TAI STREET,24 & 24A 北帝街,Kowloon City,2015,42,11,1450000,34523.81,1960,CAS,Concrete Repair; External Wall Re-painting/Re-tiling; Internal Wall Re-painting; Replacement of Drainage Pipes; Replacement of Fresh Water Pipes; Replacement of Flushing Water Pipes; Replacement/Repairing of Fire Rated Doors; Replacement/Repairing of Windows
2652,Tak Man Building,德民大廈,29 Tak Man Street,德民街 29 號,Kowloon City,2015,149,17,6286854,42193.65,1984,CAS,Concrete Repair; External Wall Re-painting/Re-tiling; Internal Wall Re-painting; Replacement of Drainage Pipes; Replacement of Fresh Water Pipes; Replacement of Flushing Water Pipes; Fire Services Installation Improvement; Replacement/Repairing of Fire Rated Doors; Main Lobby Redecoration
2690,Wah Bo Building,華寶大廈,"33-41 Bulkeley Street, Kowloon",九龍寶其利街33-41號,Kowloon City,2016,63,16,3884360,61656.51,1984,CAS,Concrete Repair; External Wall Re-painting/Re-tiling; Internal Wall Re-painting; Replacement of Drainage Pipes; Replacement of Fresh Water Pipes; Replacement of Flushing Water Pipes; Removal of Unauthorized Building Works; Fire Services Installation Improvement; Replacement/Repairing of Fire Rated Doors; Replacement/Repairing of Windows; Main Lobby Redecoration
2448,Ming Yuet Building,明月大廈,47-51 Pau Chung Street,炮仗街 47-51 號,Kowloon City,2015,48,12,2951060,61480.42,1972,CAS,Concrete Repair; External Wall Re-painting/Re-tiling; Internal Wall Re-painting; Replacement of Drainage Pipes; Replacement of Fresh Water Pipes; Replacement of Flushing Water Pipes; Re-roofing for Main Roof; Fire Services Installation Improvement; Replacement/Repairing of Fire Rated Doors; Replacement/Repairing of Windows
3341,,,53-55 South Wall Road,城南道53及55號,Kowloon City,2015,18,9,1340270,74459.44,1968,CAS,Concrete Repair; External Wall Re-painting/Re-tiling; Internal Wall Re-painting; Replacement of Drainage Pipes; Replacement of Flushing Water Pipes; Fire Services Installation Improvement; Replacement/Repairing of Windows
2616,,,64 South Wall Road,城南道 64 號,Kowloon City,2015,8,8,487550,60943.75,1967,CAS,Concrete Repair; External Wall Re-painting/Re-tiling; Internal Wall Re-painting; Replacement of Drainage Pipes; Re-roofing for Main Roof
2540,Pak Lee House,百利樓,65 Lion Rock Road,獅子石道 65 號,Kowloon City,2015,18,7,783000,43500,1984,CAS,Concrete Repair; External Wall Re-painting/Re-tiling; Internal Wall Re-painting; Replacement of Drainage Pipes; Replacement of Flushing Water Pipes; Replacement/Repairing of Fire Rated Doors; Replacement/Repairing of Windows
2562,,,79-81 Kai Tak Road,啟德道 79-81 號,Kowloon City,2016,17,6,1503000,88411.76,1969,CAS,Concrete Repair; External Wall Re-painting/Re-tiling; Internal Wall Re-painting; Replacement of Drainage Pipes; Replacement of Flushing Water Pipes; Fire Services Installation Improvement; Repair Underground Drainage
2515,,,83 Tak Ku Ling Road,打鼓嶺道 83 號,Kowloon City,2015,6,6,750000,125000,1976,CAS,Concrete Repair; External Wall Re-painting/Re-tiling; Internal Wall Re-painting; Replacement of Drainage Pipes; Re-roofing for Main Roof; Replacement/Repairing of Fire Rated Doors; Replacement/Repairing of Windows
2646,,,118-128 Maidstone Road,美善同道118-128號,Kowloon City,2015,30,6,3143000,104766.67,1963,CAS,Concrete Repair; External Wall Re-painting/Re-tiling; Internal Wall Re-painting; Replacement of Drainage Pipes
2449,Pau Chung Building,寶峰大廈,152 Pau Chung Street,炮仗街 152 號,Kowloon City,2015,102,13,5200000,50980.39,1982,CAS,Concrete Repair; External Wall Re-painting/Re-tiling; Internal Wall Re-painting; Replacement of Drainage Pipes; Replacement of Flushing Water Pipes; Re-roofing for Main Roof; Electrical Installation Improvement; Fire Services Installation Improvement; Main Lobby Redecoration; Repair Underground Drainage
2435,To Kwa Wan Mansion,土瓜灣大廈,281-299A To Kwa Wan Road,土瓜灣道 281-299A 號,Kowloon City,2015,199,13,6260500,31459.8,1966,CAS,Concrete Repair; External Wall Re-painting/Re-tiling; Internal Wall Re-painting; Replacement of Drainage Pipes; Replacement of Flushing Water Pipes; Replacement/Repairing of Fire Rated Doors; Replacement/Repairing of Windows; Repair Underground Drainage
2182,Hau Hing Building,巧興大廈,290 Ma Tau Wai Road,馬頭圍道290號,Kowloon City,2013,17,6,1118145,65773.24,1974,CAS,Concrete Repair; External Wall Re-painting/Re-tiling; Internal Wall Re-painting; Replacement of Drainage Pipes; Replacement of Flushing Water Pipes; Re-roofing for Main Roof; Replacement/Repairing of Windows; Repair Underground Drainage
2124,Goldtone Court,金時閣,420-424 Ma Tau Wai Road,馬頭圍道 420-424 號,Kowloon City,2015,35,11,2749595,78559.86,1992,CAS,Concrete Repair; External Wall Re-painting/Re-tiling; Internal Wall Re-painting; Replacement of Drainage Pipes; Replacement of Fresh Water Pipes; Replacement of Flushing Water Pipes; Re-roofing for Main Roof
2364,Po Fai Building,寶暉大廈,435-439 CHATHAM ROAD NORTH,漆咸道北 435-439 號,Kowloon City,2016,57,26,3763160,66020.35,1984,CAS,Concrete Repair; External Wall Re-painting/Re-tiling; Internal Wall Re-painting; Replacement of Drainage Pipes; Replacement of Flushing Water Pipes; Fire Services Installation Improvement; Replacement/Repairing of Fire Rated Doors; Repair Underground Drainage
752,,,1-3 Hok Ling Street & 2-4 Tsun Fat Street,鶴齡街 1-3號 & 駿發街 2-4號,Kowloon City,2011,32,7,1398000,43687.5,1961,OBB(Cat2VW),Concrete Repair; External Wall Re-painting/Re-tiling; Internal Wall Re-painting; Replacement of Drainage Pipes; Replacement of Fresh Water Pipes; Re-roofing for Main Roof; Removal of Unauthorized Building Works; Fire Services Installation Improvement; Replacement/Repairing of Fire Rated Doors; Replacement/Repairing of Windows
850,,,1-3 Lun Cheung Street & 2-4 Luk Ming Street,麟祥街 1-3號 & 鹿鳴街 2-4號,Kowloon City,2013,32,7,990000,30937.5,1960,OBB(Cat2VW),Concrete Repair; External Wall Re-painting/Re-tiling; Internal Wall Re-painting; Replacement of Drainage Pipes; Replacement/Repairing of Fire Rated Doors; Replacement/Repairing of Windows
823,,,1-3 Pang Ching Street & 2-4 Ying Yeung Street,鵬程街1-3號 & 鷹揚街2-4號,Kowloon City,2011,32,7,794024,24813.25,1959,OBB(Cat2VW),Concrete Repair; External Wall Re-painting/Re-tiling; Internal Wall Re-painting; Replacement of Drainage Pipes; Re-roofing for Main Roof; Removal of Unauthorized Building Works; Replacement/Repairing of Fire Rated Doors; Replacement/Repairing of Windows
744,,,1-3 Shim Luen Street & 2-4 Hung Wan Street,蟬聯街 1-3號&鴻運街2-4號,Kowloon City,2009,32,7,692000,21625,1961,OBB(Cat1),Concrete Repair; External Wall Re-painting/Re-tiling; Internal Wall Re-painting; Replacement of Drainage Pipes; Replacement of Fresh Water Pipes; Replacement/Repairing of Fire Rated Doors
839,,,1-3 Ying Yeung Street & 2-4 Lun Cheung Street,鷹揚街 1-3號 & 麟祥街2-4號,Kowloon City,2010,32,7,1279998.8,39999.96,1960,OBB(Cat2VW),Concrete Repair; External Wall Re-painting/Re-tiling; Internal Wall Re-painting; Replacement of Drainage Pipes; Replacement of Fresh Water Pipes; Re-roofing for Main Roof; Electrical Installation Improvement; Replacement/Repairing of Fire Rated Doors; Replacement/Repairing of Windows
1118,,,1-5 Kai Ming Street & 1-3 Yuk Shing Street,啟明街 1-5號 & 玉成街1-3號,Kowloon City,2011,40,8,2083900,52097.5,1958,OBB(Cat1),Concrete Repair; External Wall Re-painting/Re-tiling; Internal Wall Re-painting; Replacement of Drainage Pipes; Replacement of Flushing Water Pipes; Re-roofing for Main Roof; Electrical Installation Improvement; Fire Services Installation Improvement; Replacement/Repairing of Fire Rated Doors
1088,Cheong Lok Mansion,長樂大廈,1g-1k Baker Street,必嘉街1g-1k號,Kowloon City,2010,214,9,5280000,24672.9,1966,OBB(Cat1),Concrete Repair; External Wall Re-painting/Re-tiling; Internal Wall Re-painting; Replacement of Drainage Pipes; Replacement of Fresh Water Pipes; Replacement of Flushing Water Pipes; Re-roofing for Main Roof; Fire Services Installation Improvement; Replacement/Repairing of Windows
1110,Wah Lai Building,華麗大廈,2 Lo Lung Hang Street,老龍坑街 2 號,Kowloon City,2012,105,16,5519040,52562.29,1978,OBB(Cat1),Concrete Repair; External Wall Re-painting/Re-tiling; Internal Wall Re-painting; Replacement of Drainage Pipes; Replacement of Fresh Water Pipes; Electrical Installation Improvement; Fire Services Installation Improvement; Replacement/Repairing of Fire Rated Doors; Replacement/Repairing of Windows; Main Lobby Redecoration
1130,,,2-6 Sze Chuen Street,四川街 2-6號,Kowloon City,2011,27,9,1158450,42905.56,1965,OBB(Cat1),Concrete Repair; External Wall Re-painting/Re-tiling; Internal Wall Re-painting; Replacement of Drainage Pipes; Replacement of Flushing Water Pipes; Re-roofing for Main Roof; Replacement/Repairing of Windows
1300,Po Kwong Building,寶光大樓,2C Ma Hang Chung Road,馬坑涌道 2C號,Kowloon City,2013,166,12,8176707,49257.27,1966,OBB(Cat1),Concrete Repair; External Wall Re-painting/Re-tiling; Internal Wall Re-painting; Replacement of Drainage Pipes; Replacement of Fresh Water Pipes; Replacement of Flushing Water Pipes; Re-roofing for Main Roof; Fire Services Installation Improvement; Replacement/Repairing of Fire Rated Doors; Replacement/Repairing of Windows; Repair Underground Drainage
1298,Wah Fat Building,華發大廈,4-6 Ma Hang Chung Road,馬坑涌道 4-6號,Kowloon City,2013,158,13,5371950,33999.68,1975,OBB(Cat1),Concrete Repair; External Wall Re-painting/Re-tiling; Internal Wall Re-painting; Replacement of Drainage Pipes; Replacement of Fresh Water Pipes; Replacement of Flushing Water Pipes; Re-roofing for Main Roof; Replacement/Repairing of Windows; Repair Underground Drainage
1122,,,4-8 San Wai Street,新圍街 4-8 號,Kowloon City,2010,14,5,1613200,115228.57,1964,OBB(Cat1),Concrete Repair; External Wall Re-painting/Re-tiling; Internal Wall Re-painting; Replacement of Drainage Pipes; Re-roofing for Main Roof; Replacement/Repairing of Windows
1200,Chung Hwa Building & Kiu Shing Building,中華大廈及橋盛大廈,5 Ma Hang Chung Road,馬坑涌道 5號,Kowloon City,2011,235,12,10700000,45531.91,1979,OBB(Cat1),Concrete Repair; External Wall Re-painting/Re-tiling; Internal Wall Re-painting; Replacement of Drainage Pipes; Replacement of Flushing Water Pipes; Replacement/Repairing of Fire Rated Doors; Replacement/Repairing of Windows; Lift Renovation
1246,Shung Tse Houses,崇字大廈,"5-37 Sung Chi Street, 6-105 Sung Kit Street & 24-36A Bailey Street",崇志街5-37號，崇潔街6-105號及庇利街24-36A號,Kowloon City,2013,924,15,42951583.6,46484.4,1973,OBB(Cat1),Concrete Repair; External Wall Re-painting/Re-tiling; Internal Wall Re-painting; Replacement of Drainage Pipes; Replacement of Fresh Water Pipes; Replacement of Flushing Water Pipes; Re-roofing for Main Roof; Replacement/Repairing of Fire Rated Doors; Replacement/Repairing of Windows; Lift Renovation
757,,,5-7 Hok Ling Street & 6-8 Tsun Fat Street,鶴齡街 5-7號 & 駿發街6-8號,Kowloon City,2010,32,7,936000,29250,1961,OBB(Cat2VW),Concrete Repair; External Wall Re-painting/Re-tiling; Internal Wall Re-painting; Replacement of Drainage Pipes; Replacement of Fresh Water Pipes; Re-roofing for Main Roof; Removal of Unauthorized Building Works; Replacement/Repairing of Fire Rated Doors; Replacement/Repairing of Windows
832,,,5-7 Lun Cheung Street & 6-8 Luk Ming Street,麟祥街 5-7號 & 鹿鳴街6-8號,Kowloon City,2010,32,7,748000,23375,1960,OBB(Cat2VW),Concrete Repair; External Wall Re-painting/Re-tiling; Internal Wall Re-painting; Replacement of Drainage Pipes; Replacement of Fresh Water Pipes; Re-roofing for Main Roof; Electrical Installation Improvement; Replacement/Repairing of Fire Rated Doors; Replacement/Repairing of Windows
1209,Pak Tai Mansion Block B,北帝大廈B座,6-8 Pak Tai Street,北帝街 6-8號,Kowloon City,2011,34,9,1449250,42625,1962,OBB(Cat1),Concrete Repair; External Wall Re-painting/Re-tiling; Internal Wall Re-painting; Electrical Installation Improvement; Replacement/Repairing of Windows
759,,,9-11 Tsun Fat Street & 10-12 Yin On Street,駿發街 9-11號 & 燕安街10-12號,Kowloon City,2010,32,7,680791.5,21274.73,1961,OBB(Cat2VW),Concrete Repair; External Wall Re-painting/Re-tiling; Internal Wall Re-painting; Replacement of Drainage Pipes; Replacement of Fresh Water Pipes; Fire Services Installation Improvement
846,,,9-11 Ying Yeung Street & 10-12 Lun Cheung Street,鷹揚街 9-11號 & 麟祥街10-12號,Kowloon City,2009,32,7,725349,22667.16,1960,OBB(Cat2VW),Concrete Repair; External Wall Re-painting/Re-tiling; Internal Wall Re-painting; Replacement of Drainage Pipes; Replacement of Fresh Water Pipes; Electrical Installation Improvement; Replacement/Repairing of Fire Rated Doors; Replacement/Repairing of Windows
1103,,,10-16 San Wai Street,新圍街 10-16號,Kowloon City,2011,20,5,1500000,75000,1956,OBB(Cat1),Concrete Repair; External Wall Re-painting/Re-tiling; Internal Wall Re-painting; Replacement of Fresh Water Pipes; Replacement of Flushing Water Pipes; Re-roofing for Main Roof; Replacement/Repairing of Windows
1108,,,11-13 Wan King Street,環景街 11-13號,Kowloon City,2011,37,9,1016962,27485.46,1960,OBB(Cat1),Concrete Repair; External Wall Re-painting/Re-tiling; Internal Wall Re-painting; Replacement of Drainage Pipes; Electrical Installation Improvement; Replacement/Repairing of Fire Rated Doors
856,,,13-15 Fung Yi Street & 14-16 Lung To Street,鳳儀街 13-15號 & 龍圖街 14-16號,Kowloon City,2014,32,7,1378016,43063,1960,OBB(Cat2VW),Concrete Repair; External Wall Re-painting/Re-tiling; Internal Wall Re-painting; Replacement of Drainage Pipes; Replacement of Fresh Water Pipes; Re-roofing for Main Roof; Removal of Unauthorized Building Works; Electrical Installation Improvement; Replacement/Repairing of Fire Rated Doors; Replacement/Repairing of Windows
858,,,13-15 Hing Yin Street & 14 -16 Hing Yan Street,興賢街 13-15號 & 興仁街14-16號,Kowloon City,2012,32,7,1489100,46534.38,1959,OBB(Cat2VW),Concrete Repair; External Wall Re-painting/Re-tiling; Internal Wall Re-painting; Replacement of Drainage Pipes; Replacement of Fresh Water Pipes; Electrical Installation Improvement; Fire Services Installation Improvement; Replacement/Repairing of Fire Rated Doors; Replacement/Repairing of Windows
1198,Kam Tong Building,錦堂樓,16-34 Mok Cheong Street,木廠街 16-34號,Kowloon City,2011,277,12,8300000,29963.9,1967,OBB(Cat1),Concrete Repair; External Wall Re-painting/Re-tiling; Internal Wall Re-painting; Replacement of Drainage Pipes; Replacement of Fresh Water Pipes; Replacement of Flushing Water Pipes; Electrical Installation Improvement; Fire Services Installation Improvement; Replacement/Repairing of Fire Rated Doors; Replacement/Repairing of Windows
857,,,17-19 Luk Ming Street & 18-20 Fung Yi Street,鹿鳴街 17及19號 及 鳳儀街 18及20號,Kowloon City,2015,32,8,1323800,41368.75,1960,OBB(Cat2VW),Concrete Repair; External Wall Re-painting/Re-tiling; Internal Wall Re-painting; Replacement of Drainage Pipes; Re-roofing for Main Roof; Replacement/Repairing of Windows
826,,,17-19 Pang Ching Street & 18-20 Ying Yeung Street,鵬程街 17-19號 & 鷹揚街18-20號,Kowloon City,2010,32,8,949000,29656.25,1959,OBB(Cat2VW),Concrete Repair; External Wall Re-painting/Re-tiling; Internal Wall Re-painting; Replacement of Drainage Pipes; Replacement of Fresh Water Pipes; Re-roofing for Main Roof; Removal of Unauthorized Building Works; Replacement/Repairing of Fire Rated Doors; Replacement/Repairing of Windows
737,,,18-20 Lung To Street & 17-19 Fung Yi Street,龍圖街 18-20號 & 鳳儀街 17-19號,Kowloon City,2009,32,7,719000,22468.75,1960,OBB(Cat1),Concrete Repair; External Wall Re-painting/Re-tiling; Internal Wall Re-painting; Replacement of Drainage Pipes; Replacement of Fresh Water Pipes; Electrical Installation Improvement; Replacement/Repairing of Windows
1143,Hung Wu Building,紅湖大廈,18-22 Wuhu Street,蕪湖街 18-22號,Kowloon City,2015,39,13,1900000,48717.95,1965,OBB(Cat1),Concrete Repair; External Wall Re-painting/Re-tiling; Internal Wall Re-painting; Replacement of Drainage Pipes; Replacement of Flushing Water Pipes; Re-roofing for Main Roof; Electrical Installation Improvement; Replacement/Repairing of Windows; Repair Underground Drainage
1360,,,"19-21 Wing Yiu Street & 20-22 Hung Kwong Street, Tokwawan",永耀街 19-21 號及鴻光街 20-22 號,Kowloon City,2015,36,9,2748680,76352.22,1958,OBB(Cat2VW),Concrete Repair; External Wall Re-painting/Re-tiling; Internal Wall Re-painting; Replacement of Drainage Pipes; Re-roofing for Main Roof; Electrical Installation Improvement; Fire Services Installation Improvement; Replacement/Repairing of Fire Rated Doors; Replacement/Repairing of Windows
848,,,21-23 Fung Yi Street & 22-24 Lung To Street,鳳儀街 21-23號 & 龍圖街 22-24號,Kowloon City,2010,32,7,799600,24987.5,1960,OBB(Cat2VW),Concrete Repair; External Wall Re-painting/Re-tiling; Internal Wall Re-painting; Replacement of Drainage Pipes; Electrical Installation Improvement; Replacement/Repairing of Fire Rated Doors; Replacement/Repairing of Windows
837,,,21-23 Luk Ming Street & 22-24 Fung Yi Street,鹿鳴街 21-23號 & 鳯儀街22-24號,Kowloon City,2010,32,7,1011000,31593.75,1960,OBB(Cat2VW),Concrete Repair; External Wall Re-painting/Re-tiling; Internal Wall Re-painting; Replacement of Drainage Pipes; Replacement of Fresh Water Pipes; Re-roofing for Main Roof; Removal of Unauthorized Building Works; Electrical Installation Improvement; Replacement/Repairing of Fire Rated Doors; Replacement/Repairing of Windows
1294,Wui Chuen Building,匯川大廈,21-25 Pak Tai Street,北帝街 21-25號,Kowloon City,2013,61,13,2872350,47087.7,1980,OBB(Cat1),Concrete Repair; External Wall Re-painting/Re-tiling; Internal Wall Re-painting; Replacement of Drainage Pipes; Replacement of Fresh Water Pipes; Replacement of Flushing Water Pipes; Replacement/Repairing of Fire Rated Doors; Replacement/Repairing of Windows; Repair Underground Drainage
504,Perfect Mansion,必發樓,23-25 Gillies Avenue South,機利士南路 23-25號,Kowloon City,2009,61,16,2938000,48163.93,1979,OBB(Cat1),Concrete Repair; External Wall Re-painting/Re-tiling; Internal Wall Re-painting; Replacement of Drainage Pipes; Replacement of Fresh Water Pipes; Replacement/Repairing of Fire Rated Doors; Replacement/Repairing of Windows
991,,,25-27 Tsun Fat Street & 26-28 Yin On Street,駿發街 25-27 號 & 燕安街 26-28 號,Kowloon City,2012,32,7,1042500,32578.12,1959,OBB(Cat2VW),Concrete Repair; External Wall Re-painting/Re-tiling; Internal Wall Re-painting; Replacement of Drainage Pipes; Replacement of Fresh Water Pipes; Re-roofing for Main Roof; Electrical Installation Improvement; Replacement/Repairing of Windows
1137,Ming Wah Court,明華閣,26 Sung Chi Street,崇志街 26號,Kowloon City,2012,92,16,4971957,54043.01,1973,OBB(Cat1),Concrete Repair; External Wall Re-painting/Re-tiling; Internal Wall Re-painting; Replacement of Drainage Pipes; Replacement of Fresh Water Pipes; Replacement of Flushing Water Pipes; Electrical Installation Improvement; Fire Services Installation Improvement; Replacement/Repairing of Fire Rated Doors; Replacement/Repairing of Windows; Main Lobby Redecoration
2046,Wing Kin Building,永健樓,26-28 Pau Chung Street,炮仗街 26-28號,Kowloon City,2013,17,6,780000,45882.35,1979,OBB(Cat2VW),Concrete Repair; External Wall Re-painting/Re-tiling; Internal Wall Re-painting; Replacement of Drainage Pipes; Replacement of Fresh Water Pipes; Replacement of Flushing Water Pipes; Fire Services Installation Improvement; Replacement/Repairing of Fire Rated Doors; Replacement/Repairing of Windows
758,,,26-28 Tsun Fat Street & 25-27 Hok Ling STreet,駿發街 26-28號＆鶴齡街25-27號,Kowloon City,2010,20,5,775500,38775,1959,OBB(Cat2VW),Concrete Repair; External Wall Re-painting/Re-tiling; Internal Wall Re-painting; Replacement of Drainage Pipes; Replacement of Fresh Water Pipes; Replacement of Flushing Water Pipes; Re-roofing for Main Roof; Replacement/Repairing of Windows
992,,,26-28 Ying Yeung Street & 25-27 Pang Ching Street,鵬程街 25-27號 & 鷹揚街 26-28號,Kowloon City,2013,32,8,1905300,59540.63,1959,OBB(Cat2VW),Concrete Repair; External Wall Re-painting/Re-tiling; Internal Wall Re-painting; Replacement of Drainage Pipes; Replacement of Fresh Water Pipes; Electrical Installation Improvement; Fire Services Installation Improvement; Main Lobby Redecoration; Repair Underground Drainage
1296,,,27-29 Cheung Ning Street,長寧街 27-29號,Kowloon City,2013,18,9,1325900,73661.11,1963,OBB(Cat1),Concrete Repair; External Wall Re-painting/Re-tiling; Internal Wall Re-painting; Replacement of Fresh Water Pipes; Replacement of Flushing Water Pipes
1100,,,27-29 Whampoa Street,黃埔街 27-29號,Kowloon City,2010,24,8,957076,39878.17,1956,OBB(Cat1),Concrete Repair; External Wall Re-painting/Re-tiling; Internal Wall Re-painting; Replacement of Drainage Pipes; Replacement of Flushing Water Pipes; Re-roofing for Main Roof; Fire Services Installation Improvement; Replacement/Repairing of Fire Rated Doors; Main Lobby Redecoration
938,Maidstone Apartment,美善同大廈,27-33 Maidstone Road,美善同道 27-33 號,Kowloon City,2015,40,10,2299200,57480,1957,OBB(Cat1),Concrete Repair; External Wall Re-painting/Re-tiling; Internal Wall Re-painting; Replacement of Drainage Pipes; Replacement of Flushing Water Pipes; Re-roofing for Main Roof; Fire Services Installation Improvement; Replacement/Repairing of Fire Rated Doors; Replacement/Repairing of Windows
679,Evergreen Villa,萬壽松大廈,28-34 Shing Tak Street,盛德街 28-34號,Kowloon City,2010,20,5,901000,45050,1959,OBB(Cat1),Concrete Repair; External Wall Re-painting/Re-tiling; Internal Wall Re-painting; Replacement of Drainage Pipes; Replacement of Flushing Water Pipes; Re-roofing for Main Roof; Electrical Installation Improvement
1079,Wang Fung Building,宏豐大廈,31-33 Chi Kiang Street,浙江街 31-33號,Kowloon City,2010,161,15,7239999,44968.94,1974,OBB(Cat1),Concrete Repair; External Wall Re-painting/Re-tiling; Internal Wall Re-painting; Replacement of Drainage Pipes; Replacement of Fresh Water Pipes; Replacement of Flushing Water Pipes; Re-roofing for Main Roof; Replacement/Repairing of Fire Rated Doors; Replacement/Repairing of Windows
1102,,,31-35 Station Lane & 10 Kun Yam Street,差館里 31-35 號及觀音街 10 號,Kowloon City,2013,32,8,2503300,78228.12,1963,OBB(Cat1),Concrete Repair; External Wall Re-painting/Re-tiling; Internal Wall Re-painting; Replacement of Drainage Pipes; Fire Services Installation Improvement; Replacement/Repairing of Fire Rated Doors; Replacement/Repairing of Windows
1205,Kiu Wing Building,僑榮大廈,32-40 Ma Tau Chung Road,馬頭涌道 32-40號,Kowloon City,2010,68,12,3158226.4,46444.51,1965,OBB(Cat1),Concrete Repair; External Wall Re-painting/Re-tiling; Internal Wall Re-painting; Replacement of Drainage Pipes; Replacement/Repairing of Fire Rated Doors; Replacement/Repairing of Windows; Lift Renovation
1199,Kin On Mansion,建安大廈,34-38 Tam Kung Road,譚公道 34-38號,Kowloon City,2012,122,12,3553784,29129.38,1973,OBB(Cat1),Concrete Repair; External Wall Re-painting/Re-tiling; Internal Wall Re-painting; Re-roofing for Main Roof; Electrical Installation Improvement; Fire Services Installation Improvement; Replacement/Repairing of Fire Rated Doors; Replacement/Repairing of Windows
1202,Tin Hung Building,天虹樓,35-45 Ma Tau Kok Road,馬頭角道 35-45號,Kowloon City,2012,76,13,3630000,47763.16,1976,OBB(Cat1),Concrete Repair; External Wall Re-painting/Re-tiling; Internal Wall Re-painting; Replacement of Drainage Pipes; Replacement of Fresh Water Pipes; Replacement of Flushing Water Pipes; Removal of Unauthorized Building Works; Electrical Installation Improvement; Fire Services Installation Improvement; Replacement/Repairing of Fire Rated Doors; Replacement/Repairing of Windows
937,,,38-44 Maidstone Road,美善同道 38-44 號,Kowloon City,2015,20,5,867300,43365,1961,OBB(Cat1),Concrete Repair; External Wall Re-painting/Re-tiling; Internal Wall Re-painting; Replacement/Repairing of Windows
1208,May Court,美雅洋樓,38-44 Pau Chung Street,炮仗街 38-44號,Kowloon City,2011,59,12,1726600,29264.41,1977,OBB(Cat1),Concrete Repair; External Wall Re-painting/Re-tiling; Internal Wall Re-painting; Replacement of Drainage Pipes; Replacement of Fresh Water Pipes; Replacement of Flushing Water Pipes; Re-roofing for Main Roof; Replacement/Repairing of Fire Rated Doors; Replacement/Repairing of Windows
708,Wah King Mansion,華景大廈,38-54 Ha Heung Road,下鄉道 38-54號,Kowloon City,2010,127,14,4236000,33354.33,1977,OBB(Cat1),Concrete Repair; External Wall Re-painting/Re-tiling; Internal Wall Re-painting; Replacement of Drainage Pipes; Fire Services Installation Improvement; Replacement/Repairing of Windows
741,Perpetual Court,永恒閣,39-45 Tin Kwong Road,天光道 39-45號,Kowloon City,2011,78,6,3717460,47659.74,1959,OBB(Cat1),Concrete Repair; External Wall Re-painting/Re-tiling; Internal Wall Re-painting; Replacement of Drainage Pipes
546,,,41-45 Pau Chung Street,炮仗街 41-45號,Kowloon City,2010,15,5,712000,47466.67,1955,OBB(Cat1),Concrete Repair; External Wall Re-painting/Re-tiling; Internal Wall Re-painting; Replacement of Drainage Pipes; Replacement of Fresh Water Pipes
1194,Merry Mansion,美利大廈,43-55 Cheung Ning Street,長寧街 43-55號,Kowloon City,2011,121,12,3303828,27304.36,1973,OBB(Cat1),Concrete Repair; External Wall Re-painting/Re-tiling; Internal Wall Re-painting; Replacement of Drainage Pipes; Replacement of Fresh Water Pipes; Replacement of Flushing Water Pipes
1241,Faerie Court,富怡閣,72-88 Ko Shan Road,高山道 72-88 號,Kowloon City,2015,169,27,7455407,44114.83,1979,OBB(Cat1),Concrete Repair; External Wall Re-painting/Re-tiling; Internal Wall Re-painting; Replacement of Drainage Pipes; Replacement of Flushing Water Pipes; Re-roofing for Main Roof; Fire Services Installation Improvement; Replacement/Repairing of Fire Rated Doors; Replacement/Repairing of Windows; Main Lobby Redecoration; Repair Underground Drainage
1307,Honour Building,定安大廈,78-80W To Kwa Wan Road,土瓜灣道 78-80W號,Kowloon City,2015,954,13,38010840,39843.65,1973,OBB(Cat1),Concrete Repair; External Wall Re-painting/Re-tiling; Internal Wall Re-painting; Replacement of Drainage Pipes; Replacement of Fresh Water Pipes; Re-roofing for Main Roof; Fire Services Installation Improvement; Replacement/Repairing of Fire Rated Doors; Replacement/Repairing of Windows; Main Lobby Redecoration
1080,Mei King Mansion Phase II,美景樓第2期,78-84 Lok Shan Road & 241-247B To Kwa Wan Road,落山道78-84號及土瓜灣道241-247B號,Kowloon City,2014,351,13,13366416,38080.96,1964,OBB(Cat1),Concrete Repair; External Wall Re-painting/Re-tiling; Internal Wall Re-painting; Replacement of Drainage Pipes; Replacement of Flushing Water Pipes; Re-roofing for Main Roof; Fire Services Installation Improvement; Replacement/Repairing of Fire Rated Doors; Replacement/Repairing of Windows; Lift Renovation
1090,n/a,n/a,80-86 Baker Street & 19-21C Whampoa Street,必嘉街80-86號 & 黃埔街 19-21C號,Kowloon City,2011,40,8,1760000,44000,1957,OBB(Cat1),Concrete Repair; External Wall Re-painting/Re-tiling; Internal Wall Re-painting; Replacement of Drainage Pipes; Fire Services Installation Improvement; Replacement/Repairing of Fire Rated Doors; Replacement/Repairing of Windows
1297,Yick Fu Building,益富大廈,89-91 Ha Heung Road,下鄉道 89-91號,Kowloon City,2015,72,13,3300000,45833.33,1973,OBB(Cat1),Concrete Repair; External Wall Re-painting/Re-tiling; Internal Wall Re-painting; Replacement of Drainage Pipes; Replacement of Flushing Water Pipes; Fire Services Installation Improvement; Replacement/Repairing of Fire Rated Doors; Replacement/Repairing of Windows; Lift Renovation
1274,Fuk Shing Mansion,福星大廈,89-93A Ma Tau Wai Road,馬頭圍道 89-93A號,Kowloon City,2011,68,14,3752588,55185.12,1964,OBB(Cat2VW),Concrete Repair; External Wall Re-painting/Re-tiling; Internal Wall Re-painting; Replacement of Drainage Pipes; Replacement of Fresh Water Pipes; Replacement of Flushing Water Pipes; Replacement/Repairing of Fire Rated Doors; Replacement/Repairing of Windows
1207,Bee Sing Mansion,美誠大廈,93-103A Ma Tau Chung Road,馬頭涌道 93-103A號,Kowloon City,2010,156,13,6008889.7,38518.52,1963,OBB(Cat1),Concrete Repair; External Wall Re-painting/Re-tiling; Internal Wall Re-painting; Replacement of Drainage Pipes; Replacement of Fresh Water Pipes; Replacement of Flushing Water Pipes; Re-roofing for Main Roof; Fire Services Installation Improvement; Replacement/Repairing of Fire Rated Doors; Replacement/Repairing of Windows; Main Lobby Redecoration
1113,On Lok Building,安樂樓,99-105 Maidstone Road,美善同道 99-105號,Kowloon City,2011,24,6,999800,41658.33,1962,OBB(Cat1),Concrete Repair; External Wall Re-painting/Re-tiling; Internal Wall Re-painting; Replacement of Drainage Pipes; Replacement of Fresh Water Pipes; Replacement/Repairing of Windows
1303,Fok On Court,福安閣,100-104 Ma Tau Chung Road,馬頭涌道 100-104號,Kowloon City,2015,41,13,1843000,44951.22,1979,OBB(Cat1),Concrete Repair; External Wall Re-painting/Re-tiling; Internal Wall Re-painting; Replacement of Drainage Pipes; Replacement of Fresh Water Pipes; Replacement of Flushing Water Pipes; Replacement/Repairing of Fire Rated Doors; Replacement/Repairing of Windows
749,,,120-122 To Kwa Wan Road & 8-10 Hok Ling Street,土瓜灣道 120-122號 & 鶴齡街 8-10號,Kowloon City,2010,28,6,1288000,46000,1961,OBB(Cat2VW),Concrete Repair; External Wall Re-painting/Re-tiling; Internal Wall Re-painting; Replacement of Drainage Pipes; Replacement of Fresh Water Pipes; Re-roofing for Main Roof; Removal of Unauthorized Building Works; Fire Services Installation Improvement; Replacement/Repairing of Fire Rated Doors
1206,Fu Yu Court,富裕閣,121 Kau Pui Lung Road,靠背壟道 121號,Kowloon City,2012,43,10,2865309.3,66635.1,1978,OBB(Cat1),Concrete Repair; External Wall Re-painting/Re-tiling; Internal Wall Re-painting; Replacement of Drainage Pipes; Replacement of Fresh Water Pipes; Replacement of Flushing Water Pipes; Electrical Installation Improvement; Fire Services Installation Improvement; Replacement/Repairing of Fire Rated Doors; Replacement/Repairing of Windows
1089,Belmont Court,善美閣,123-125 Maidstone Road,美善同道 123-125號,Kowloon City,2010,10,5,623868,62386.8,1963,OBB(Cat1),Concrete Repair; External Wall Re-painting/Re-tiling; Internal Wall Re-painting; Replacement of Drainage Pipes; Re-roofing for Main Roof; Replacement/Repairing of Windows
734,Evergreen Building,恒康大廈,128-132 Tam Kung Road,譚公道 128-132號,Kowloon City,2011,35,11,1251390,35754,1975,OBB(Cat1),Concrete Repair; External Wall Re-painting/Re-tiling; Internal Wall Re-painting; Replacement of Drainage Pipes; Replacement of Fresh Water Pipes; Replacement of Flushing Water Pipes; Electrical Installation Improvement; Replacement/Repairing of Fire Rated Doors; Replacement/Repairing of Windows
2086,,,197-199 Ma Tau Wai Road,馬頭圍道 197-199號,Kowloon City,2015,18,9,1636932,90940.67,1965,OBB(Cat2VW),Concrete Repair; External Wall Re-painting/Re-tiling; Internal Wall Re-painting; Replacement of Drainage Pipes; Replacement of Flushing Water Pipes; Re-roofing for Main Roof; Replacement/Repairing of Windows
497,,,204 Ma Tau Wai Road,馬頭圍道 204 號,Kowloon City,2009,14,7,410000,29285.71,1960,OBB(Cat1),Concrete Repair; External Wall Re-painting/Re-tiling; Internal Wall Re-painting; Replacement of Drainage Pipes; Re-roofing for Main Roof; Electrical Installation Improvement; Replacement/Repairing of Windows
498,,,206 Ma Tau Wai Road,馬頭圍道206號,Kowloon City,2010,14,7,476140,34010,1960,OBB(Cat1),Concrete Repair; External Wall Re-painting/Re-tiling; Internal Wall Re-painting; Replacement of Drainage Pipes; Replacement of Fresh Water Pipes; Re-roofing for Main Roof; Removal of Unauthorized Building Works; Replacement/Repairing of Windows
1201,Tung Hing Building,東興大樓,249-259 To Kwa Wan Road,土瓜灣道 249-259號,Kowloon City,2012,108,8,3562129.6,32982.68,1959,OBB(Cat1),Concrete Repair; External Wall Re-painting/Re-tiling; Internal Wall Re-painting; Replacement of Drainage Pipes; Replacement of Fresh Water Pipes; Replacement of Flushing Water Pipes; Re-roofing for Main Roof; Electrical Installation Improvement; Fire Services Installation Improvement; Replacement/Repairing of Fire Rated Doors; Replacement/Repairing of Windows
1135,Loyal Mansion,友誠大廈,262-270 Ma Tau Wai Road & 2A-B Anhui Street,馬頭圍道 262-270 號 & 安徽街 2A-B 號,Kowloon City,2012,147,17,4620930,31434.9,1967,OBB(Cat1),Concrete Repair; External Wall Re-painting/Re-tiling; Internal Wall Re-painting; Re-roofing for Main Roof; Electrical Installation Improvement; Fire Services Installation Improvement; Replacement/Repairing of Fire Rated Doors; Replacement/Repairing of Windows
1097,No. 273 To Kwa Wan Road,,273 To Kwa Wan Road,土瓜灣道 273號,Kowloon City,2015,8,8,690000,86250,1959,OBB(Cat2VW),Concrete Repair; External Wall Re-painting/Re-tiling; Internal Wall Re-painting; Replacement of Drainage Pipes; Re-roofing for Main Roof; Fire Services Installation Improvement; Replacement/Repairing of Windows
1098,No. 275 To Kwa Wan Road,,275 To Kwa Wan Road,土瓜灣道 275號,Kowloon City,2015,8,8,690000,86250,1959,OBB(Cat2VW),Concrete Repair; External Wall Re-painting/Re-tiling; Internal Wall Re-painting; Replacement of Drainage Pipes; Re-roofing for Main Roof; Fire Services Installation Improvement
1139,Kwong Yiu Building,光耀大廈,320-322 Ma Tau Wai Road,馬頭圍道320-322號,Kowloon City,2011,47,17,2006100,42682.98,1968,OBB(Cat1),Concrete Repair; External Wall Re-painting/Re-tiling; Internal Wall Re-painting; Replacement of Drainage Pipes; Replacement of Fresh Water Pipes; Replacement of Flushing Water Pipes; Re-roofing for Main Roof; Fire Services Installation Improvement; Replacement/Repairing of Fire Rated Doors; Replacement/Repairing of Windows
935,"Chong Chien Court, Wyler Gardens",偉恆昌新邨昌景閣,331-361 To Kwa Wan Road & 79-111 MEI KING STREET,土瓜灣道 331-361號 及 美景街 79-111 號,Kowloon City,2013,798,14,49061150,61480.14,1978,OBB(Cat1),Concrete Repair; External Wall Re-painting/Re-tiling; Internal Wall Re-painting; Replacement of Drainage Pipes; Replacement of Fresh Water Pipes; Replacement of Flushing Water Pipes; Re-roofing for Main Roof; Fire Services Installation Improvement; Replacement/Repairing of Fire Rated Doors; Replacement/Repairing of Windows; Main Lobby Redecoration
1104,Comfort House,安居樓,457-463 Chatham Road North,漆咸道北 457-463號,Kowloon City,2011,85,16,4780000,56235.29,1964,OBB(Cat1),Concrete Repair; External Wall Re-painting/Re-tiling; Internal Wall Re-painting; Replacement of Drainage Pipes; Replacement of Fresh Water Pipes; Re-roofing for Main Roof; Fire Services Installation Improvement; Replacement/Repairing of Fire Rated Doors; Main Lobby Redecoration
1077,Cheong Shing Court,昌盛金舖大樓,661-673 Gillies Avenue & 5-7 San Lau Street,機利士南路661-673號及新柳街5-7號,Kowloon City,2013,128,14,6719000,52492.19,1967,OBB(Cat1),Concrete Repair; External Wall Re-painting/Re-tiling; Internal Wall Re-painting; Replacement of Drainage Pipes; Replacement of Fresh Water Pipes; Replacement of Flushing Water Pipes; Re-roofing for Main Roof; Fire Services Installation Improvement; Replacement/Repairing of Fire Rated Doors; Replacement/Repairing of Windows
1431,Tai Hing Building,泰興樓,1-7 Luen On Street,聯安街 1-7號,Kwun Tong,2012,43,9,2638830,61368.14,1962,OBB(Cat2VW),Concrete Repair; External Wall Re-painting/Re-tiling; Internal Wall Re-painting; Replacement of Drainage Pipes; Replacement of Fresh Water Pipes; Fire Services Installation Improvement; Replacement/Repairing of Fire Rated Doors; Replacement/Repairing of Windows
1281,Cheoy Lee Building,財利大樓,1-7 Yee On Street,宜安街 1-7號,Kwun Tong,2011,71,11,2447585,34473.03,1964,OBB(Cat1),Concrete Repair; External Wall Re-painting/Re-tiling; Internal Wall Re-painting; Replacement of Drainage Pipes; Replacement of Fresh Water Pipes; Replacement of Flushing Water Pipes; Fire Services Installation Improvement; Replacement/Repairing of Fire Rated Doors; Replacement/Repairing of Windows
677,Wang Yip Building,宏業大樓,2-26 Ka Lok Street,嘉樂街 2-26號,Kwun Tong,2011,130,9,2986286,22971.43,1965,OBB(Cat1),Concrete Repair; External Wall Re-painting/Re-tiling; Internal Wall Re-painting; Replacement of Drainage Pipes; Replacement of Flushing Water Pipes; Replacement/Repairing of Fire Rated Doors; Replacement/Repairing of Windows
1311,Yee Cheong Building,怡昌大樓,3-15 Ka Lok Street,嘉樂街 3-15號,Kwun Tong,2010,47,9,1225705.8,26078.85,1966,OBB(Cat1),Concrete Repair; External Wall Re-painting/Re-tiling; Internal Wall Re-painting; Replacement of Drainage Pipes; Replacement of Fresh Water Pipes; Replacement of Flushing Water Pipes; Re-roofing for Main Roof; Electrical Installation Improvement; Replacement/Repairing of Fire Rated Doors; Replacement/Repairing of Windows
876,Tin Heung Garden House,天香花園大廈,4 Tin Heung Street,天香街4號,Kwun Tong,2012,72,13,5350000,74305.56,1964,OBB(Cat1),Concrete Repair; External Wall Re-painting/Re-tiling; Internal Wall Re-painting; Replacement of Drainage Pipes; Replacement of Fresh Water Pipes; Replacement of Flushing Water Pipes; Replacement/Repairing of Windows
901,Yee On Building,宜安大廈,4-6 Yee On Street,宜安街 4-6,Kwun Tong,2012,65,6,2940000,45230.77,1967,OBB(Cat1),Concrete Repair; External Wall Re-painting/Re-tiling; Internal Wall Re-painting; Replacement of Drainage Pipes; Replacement of Fresh Water Pipes; Removal of Unauthorized Building Works; Fire Services Installation Improvement; Replacement/Repairing of Fire Rated Doors; Replacement/Repairing of Windows
1257,On Hing Building,安興大廈,7-13 Shung Yan Street,崇仁街7-13號,Kwun Tong,2015,37,9,1572880,42510.27,1967,OBB(Cat1),Concrete Repair; External Wall Re-painting/Re-tiling; Internal Wall Re-painting; Replacement of Drainage Pipes; Replacement of Flushing Water Pipes; Fire Services Installation Improvement; Replacement/Repairing of Fire Rated Doors; Replacement/Repairing of Windows
1344,Morning Light Building,晨光大廈,7-9 Hong Ning Road,康寧道 7-9號,Kwun Tong,2010,77,22,3730000,48441.56,1973,OBB(Cat1),Concrete Repair; External Wall Re-painting/Re-tiling; Internal Wall Re-painting; Replacement of Drainage Pipes; Replacement of Fresh Water Pipes; Replacement of Flushing Water Pipes; Electrical Installation Improvement; Fire Services Installation Improvement; Replacement/Repairing of Fire Rated Doors; Replacement/Repairing of Windows
1151,Hwa Fung Mansion,華豐大廈,7-9A Tin Heung Street,天香街 7-9A號,Kwun Tong,2010,48,13,2580200,53754.17,1964,OBB(Cat1),Concrete Repair; External Wall Re-painting/Re-tiling; Internal Wall Re-painting; Replacement of Drainage Pipes; Replacement of Flushing Water Pipes; Re-roofing for Main Roof; Fire Services Installation Improvement; Replacement/Repairing of Fire Rated Doors
1586,Wing Ngai Mansion,永毅大樓,9-15 Luen On Street,聯安街 9-15號,Kwun Tong,2012,53,9,2100924,39640.08,1967,OBB(Cat1),Concrete Repair; External Wall Re-painting/Re-tiling; Internal Wall Re-painting; Replacement of Drainage Pipes; Replacement of Flushing Water Pipes; Re-roofing for Main Roof; Replacement/Repairing of Fire Rated Doors; Replacement/Repairing of Windows
1345,Kai King Building,佳景樓,12 Yuet Wah Street,月華街 12號,Kwun Tong,2010,96,13,5950000,61979.17,1965,OBB(Cat1),Concrete Repair; External Wall Re-painting/Re-tiling; Internal Wall Re-painting; Removal of Unauthorized Building Works; Replacement/Repairing of Fire Rated Doors
1417,Wing Shun Building,永順大廈,14-26 Shui Wo Street & 47-49 Fu Yan Street,瑞和街14-26號及輔仁街47-49號,Kwun Tong,2016,48,9,3520000,73333.33,1965,OBB(Cat1),Concrete Repair; External Wall Re-painting/Re-tiling; Internal Wall Re-painting; Replacement of Fresh Water Pipes; Fire Services Installation Improvement; Replacement/Repairing of Fire Rated Doors; Replacement/Repairing of Windows; Repair Underground Drainage
1402,Kwun Tong Theatre Building Block B,觀塘戲院大廈B座,15 Tung Ming Street,通明街 15號,Kwun Tong,2011,142,18,4661000,32823.94,1971,OBB(Cat1),Concrete Repair; External Wall Re-painting/Re-tiling; Internal Wall Re-painting; Replacement of Drainage Pipes; Replacement of Fresh Water Pipes; Replacement of Flushing Water Pipes; Electrical Installation Improvement; Fire Services Installation Improvement; Replacement/Repairing of Fire Rated Doors; Replacement/Repairing of Windows
1254,Yue Man Mansion,裕民大廈,15-17 Hong Ning Road,康寧道 15-17 號,Kwun Tong,2011,58,12,2100000,36206.9,1967,OBB(Cat1),Concrete Repair; External Wall Re-painting/Re-tiling; Internal Wall Re-painting; Replacement of Drainage Pipes; Re-roofing for Main Roof; Electrical Installation Improvement; Main Lobby Redecoration
1292,On Shung Building,安順大廈,15-31 Shung Yan Street,崇仁街 15-31號,Kwun Tong,2010,97,14,2696000,27793.81,1965,OBB(Cat1),Concrete Repair; External Wall Re-painting/Re-tiling; Internal Wall Re-painting; Replacement of Drainage Pipes; Replacement of Flushing Water Pipes; Removal of Unauthorized Building Works; Replacement/Repairing of Fire Rated Doors; Replacement/Repairing of Windows
1299,Far View Mansion,遠境大廈,16 Yuet Wah Street,月華街 16號,Kwun Tong,2010,120,13,5710000,47583.33,1966,OBB(Cat1),Concrete Repair; External Wall Re-painting/Re-tiling; Internal Wall Re-painting; Replacement of Drainage Pipes; Replacement of Flushing Water Pipes; Re-roofing for Main Roof; Electrical Installation Improvement; Replacement/Repairing of Fire Rated Doors; Replacement/Repairing of Windows; Lift Renovation
1429,Shun King Building,順景大樓,17-33 Ka Lok Street,嘉樂街 17-33號,Kwun Tong,2013,88,9,3995500,45403.41,1966,OBB(Cat2VW),Concrete Repair; External Wall Re-painting/Re-tiling; Internal Wall Re-painting; Replacement of Drainage Pipes; Fire Services Installation Improvement; Replacement/Repairing of Fire Rated Doors; Replacement/Repairing of Windows
1286,Kiu Yip Mansion,僑業大廈,18 Yuet Wah Street,月華街 18號,Kwun Tong,2011,144,13,6617136,45952.33,1965,OBB(Cat1),Concrete Repair; External Wall Re-painting/Re-tiling; Internal Wall Re-painting; Replacement of Drainage Pipes; Replacement of Flushing Water Pipes; Removal of Unauthorized Building Works; Replacement/Repairing of Fire Rated Doors
1253,Good View Court,觀景閣,20 Yuet Wah Street,月華街 20號,Kwun Tong,2010,120,13,4730000,39416.67,1966,OBB(Cat1),Concrete Repair; External Wall Re-painting/Re-tiling; Internal Wall Re-painting; Replacement of Drainage Pipes; Replacement of Fresh Water Pipes; Replacement of Flushing Water Pipes; Re-roofing for Main Roof; Replacement/Repairing of Fire Rated Doors
1155,Hung Fat Building,鴻發大樓,21-33 Tung Ming Street,通明街 21-33,Kwun Tong,2010,148,18,2873189,19413.44,1970,OBB(Cat1),Concrete Repair; External Wall Re-painting/Re-tiling; Internal Wall Re-painting; Replacement of Drainage Pipes; Removal of Unauthorized Building Works; Fire Services Installation Improvement; Replacement/Repairing of Windows
1283,Yan On Building,仁安大廈,23 Hong Ning Road,康寧道 23號,Kwun Tong,2011,195,16,6500000,33333.33,1965,OBB(Cat1),Concrete Repair; External Wall Re-painting/Re-tiling; Internal Wall Re-painting; Replacement of Drainage Pipes; Replacement of Fresh Water Pipes; Replacement of Flushing Water Pipes
1148,Kwong Sen Mansion,光星大廈,23-33 Shui Wo Street,瑞和街 23-33號,Kwun Tong,2010,60,9,2316296,38604.93,1965,OBB(Cat1),Concrete Repair; External Wall Re-painting/Re-tiling; Internal Wall Re-painting; Replacement of Drainage Pipes; Replacement of Flushing Water Pipes; Re-roofing for Main Roof; Replacement/Repairing of Fire Rated Doors; Replacement/Repairing of Windows; Main Lobby Redecoration
878,Luen On House,聯安大樓,25-31 Luen On Street,聯安街25-31號,Kwun Tong,2012,64,8,2200000,34375,1963,OBB(Cat1),Concrete Repair; External Wall Re-painting/Re-tiling; Internal Wall Re-painting; Replacement of Drainage Pipes; Replacement/Repairing of Fire Rated Doors; Main Lobby Redecoration
1347,Yuet Wah Mansion,月華大廈,25-39 Yuet Wah Street,月華街 25-39號,Kwun Tong,2010,120,13,6289470,52412.25,1965,OBB(Cat1),Concrete Repair; External Wall Re-painting/Re-tiling; Internal Wall Re-painting; Replacement of Drainage Pipes; Replacement of Flushing Water Pipes; Fire Services Installation Improvement; Replacement/Repairing of Fire Rated Doors; Replacement/Repairing of Windows
1304,Wan Hon Mansion,雲漢大樓,26-34 Wan Hon Street,雲漢街 26-34號,Kwun Tong,2009,207,9,4141355,20006.55,1971,OBB(Cat1),Concrete Repair; External Wall Re-painting/Re-tiling; Internal Wall Re-painting; Replacement of Drainage Pipes; Replacement of Fresh Water Pipes; Electrical Installation Improvement; Replacement/Repairing of Fire Rated Doors; Replacement/Repairing of Windows; Main Lobby Redecoration
881,Tai Hong Building,泰康樓,28-30 Yuet Wah Street,月華街 28-30號,Kwun Tong,2011,191,9,4800000,25130.89,1970,OBB(Cat1),Concrete Repair; External Wall Re-painting/Re-tiling; Internal Wall Re-painting; Replacement of Drainage Pipes; Replacement of Flushing Water Pipes; Re-roofing for Main Roof; Replacement/Repairing of Windows
907,Fook Hing Court,福興樓,37-47 Wan Hon Street,雲漢街 37-47,Kwun Tong,2012,66,6,1704440,25824.85,1967,OBB(Cat1),Concrete Repair; External Wall Re-painting/Re-tiling; Internal Wall Re-painting; Replacement of Drainage Pipes; Re-roofing for Main Roof; Replacement/Repairing of Windows
1430,Yuet Yiu Building,月耀樓,41-47 Shui Wo Street,瑞和街 41-47號,Kwun Tong,2012,36,9,1409250,39145.83,1966,OBB(Cat2VW),Concrete Repair; External Wall Re-painting/Re-tiling; Internal Wall Re-painting; Replacement of Drainage Pipes; Replacement of Fresh Water Pipes; Replacement of Flushing Water Pipes; Re-roofing for Main Roof; Replacement/Repairing of Fire Rated Doors; Replacement/Repairing of Windows
1322,Happy Building,多喜大廈,45 Yuet Wah Street,月華街 45號,Kwun Tong,2010,168,13,6849849,40772.91,1965,OBB(Cat1),Concrete Repair; External Wall Re-painting/Re-tiling; Internal Wall Re-painting; Replacement of Drainage Pipes; Replacement of Flushing Water Pipes; Replacement/Repairing of Fire Rated Doors; Replacement/Repairing of Windows
1339,On Lok Garden Mansion,安樂花園大廈,47 Yuet Wah Street,月華街 47號,Kwun Tong,2011,72,13,3206820,44539.17,1965,OBB(Cat1),Concrete Repair; External Wall Re-painting/Re-tiling; Internal Wall Re-painting; Replacement of Drainage Pipes; Replacement of Fresh Water Pipes; Replacement of Flushing Water Pipes; Replacement/Repairing of Fire Rated Doors; Replacement/Repairing of Windows
1260,Fung King Building,豐景樓,49 Yuet Wah Street,月華街49號,Kwun Tong,2013,96,13,4860000,50625,1964,OBB(Cat1),Concrete Repair; External Wall Re-painting/Re-tiling; Internal Wall Re-painting; Replacement of Drainage Pipes; Re-roofing for Main Roof; Replacement/Repairing of Fire Rated Doors; Replacement/Repairing of Windows
720,Tsap King Mansion,集景樓,50 Yuet Wah Street,月華街50號,Kwun Tong,2014,192,13,9230000,48072.92,1966,OBB(Cat1),Concrete Repair; External Wall Re-painting/Re-tiling; Internal Wall Re-painting; Replacement of Drainage Pipes; Replacement of Flushing Water Pipes; Replacement/Repairing of Fire Rated Doors; Replacement/Repairing of Windows; Repair Underground Drainage
1293,Nam Tai Mansion,南泰大樓,50-68 Shui Wo Street,瑞和街 50-68號,Kwun Tong,2010,66,8,2460000,37272.73,1965,OBB(Cat2VW),Concrete Repair; External Wall Re-painting/Re-tiling; Internal Wall Re-painting; Replacement of Fresh Water Pipes; Replacement of Flushing Water Pipes; Electrical Installation Improvement; Replacement/Repairing of Fire Rated Doors; Replacement/Repairing of Windows
1154,Yuet Wah Mansion,月華樓,53 Yuet Wah Street,月華街 53號,Kwun Tong,2009,96,13,7451090,77615.52,1965,OBB(Cat1),Concrete Repair; External Wall Re-painting/Re-tiling; Internal Wall Re-painting; Replacement of Drainage Pipes; Replacement of Fresh Water Pipes; Replacement of Flushing Water Pipes; Re-roofing for Main Roof; Replacement/Repairing of Fire Rated Doors; Replacement/Repairing of Windows
1284,On Ning Building,安寧樓,55-79 Mut Wah Street,物華街 55-79號,Kwun Tong,2012,116,14,3882360,33468.62,1965,OBB(Cat1),Concrete Repair; External Wall Re-painting/Re-tiling; Internal Wall Re-painting; Replacement of Drainage Pipes; Replacement of Fresh Water Pipes; Re-roofing for Main Roof; Replacement/Repairing of Fire Rated Doors; Replacement/Repairing of Windows
1291,Wing Fai Building,永輝樓,59-69 Shui Wo Street,瑞和街 59-69號,Kwun Tong,2009,30,6,894268,29808.93,1965,OBB(Cat1),Concrete Repair; External Wall Re-painting/Re-tiling; Internal Wall Re-painting; Replacement of Drainage Pipes; Replacement of Fresh Water Pipes; Replacement of Flushing Water Pipes; Re-roofing for Main Roof; Fire Services Installation Improvement; Replacement/Repairing of Fire Rated Doors; Replacement/Repairing of Windows
1337,Chi Hang Building,志恒大廈,70-76 Hip Wo Street,協和街 70-76號,Kwun Tong,2011,48,13,2788000,58083.33,1962,OBB(Cat1),Concrete Repair; External Wall Re-painting/Re-tiling; Internal Wall Re-painting; Replacement of Drainage Pipes; Replacement of Flushing Water Pipes; Re-roofing for Main Roof; Electrical Installation Improvement; Replacement/Repairing of Fire Rated Doors; Replacement/Repairing of Windows; Main Lobby Redecoration
882,Cheung On Mansion,長安大樓,70-86 Shui Wo Street,瑞和街70-86號,Kwun Tong,2012,85,12,3616300,42544.71,1965,OBB(Cat1),Concrete Repair; External Wall Re-painting/Re-tiling; Internal Wall Re-painting; Replacement of Drainage Pipes; Fire Services Installation Improvement; Replacement/Repairing of Fire Rated Doors; Replacement/Repairing of Windows; Repair Underground Drainage
1350,Ho King Building,好景樓,71 Yuet Wah Street,月華街 71號,Kwun Tong,2011,72,13,3479400,48325,1964,OBB(Cat1),Concrete Repair; External Wall Re-painting/Re-tiling; Internal Wall Re-painting; Replacement of Drainage Pipes; Replacement of Fresh Water Pipes; Replacement of Flushing Water Pipes; Electrical Installation Improvement; Fire Services Installation Improvement; Replacement/Repairing of Fire Rated Doors; Replacement/Repairing of Windows; Main Lobby Redecoration
1363,Nam Kiu Mansion,南僑大樓,73-87 Wan Hon Street,雲漢街 73-87號,Kwun Tong,2010,93,8,2970000,31935.48,1966,OBB(Cat2VW),Concrete Repair; External Wall Re-painting/Re-tiling; Internal Wall Re-painting; Replacement of Drainage Pipes; Replacement of Fresh Water Pipes; Replacement of Flushing Water Pipes; Fire Services Installation Improvement; Replacement/Repairing of Fire Rated Doors; Replacement/Repairing of Windows
1356,Hong Ning Building,康寧大廈,79-89 Hong Ning Road,康寧道 79-89號,Kwun Tong,2011,174,10,5990000,34425.29,1963,OBB(Cat1),Concrete Repair; External Wall Re-painting/Re-tiling; Internal Wall Re-painting; Replacement of Drainage Pipes; Replacement of Fresh Water Pipes; Replacement of Flushing Water Pipes; Re-roofing for Main Roof; Replacement/Repairing of Fire Rated Doors; Replacement/Repairing of Windows
1288,Kin Tai House,建泰樓,89-113 Wan Hon Street,雲漢街 89-113號,Kwun Tong,2011,108,9,3640000,33703.7,1969,OBB(Cat2VW),Concrete Repair; External Wall Re-painting/Re-tiling; Internal Wall Re-painting; Replacement of Drainage Pipes; Replacement of Flushing Water Pipes; Re-roofing for Main Roof; Electrical Installation Improvement; Fire Services Installation Improvement; Replacement/Repairing of Fire Rated Doors; Replacement/Repairing of Windows; Main Lobby Redecoration
1326,Hip Wo House,協和大廈,143-167 Hip Wo Street,協和街 143-167號,Kwun Tong,2010,324,21,9052011,27938.31,1966,OBB(Cat1),Concrete Repair; External Wall Re-painting/Re-tiling; Replacement of Drainage Pipes; Replacement of Flushing Water Pipes; Fire Services Installation Improvement; Replacement/Repairing of Fire Rated Doors; Replacement/Repairing of Windows
2982,Kwun Tong Lap Shing Building,官塘立成大廈,305-325 Ngau Tau Kok Road,牛頭角道305-325號,Kwun Tong,2011,112,10,5145328.5,45940.43,1963,OBB(Cat1),Concrete Repair; External Wall Re-painting/Re-tiling; Internal Wall Re-painting; Replacement of Drainage Pipes; Replacement of Fresh Water Pipes; Replacement of Flushing Water Pipes; Replacement/Repairing of Fire Rated Doors; Replacement/Repairing of Windows
2250,Fu Hang Building,富恒樓,2-4 Shung Yan Street / 70 HONG NING ROAD,祟仁街2-4 號 /  康寧道70號,Kwun Tong,2015,18,6,1560000,86666.67,1964,CAS,Concrete Repair; External Wall Re-painting/Re-tiling; Internal Wall Re-painting; Replacement of Drainage Pipes; Electrical Installation Improvement; Fire Services Installation Improvement; Replacement/Repairing of Fire Rated Doors; Replacement/Repairing of Windows
3178,Wah Lai Mansion,華麗樓,24 YUET WAH STREET,月華街24號,Kwun Tong,2013,120,13,2440000,20333.33,1966,CAS,Lift Renovation
3181,Wan Hon Mansion,雲漢大樓,26-34 WAN HON STREET,雲漢街26-34號,Kwun Tong,2013,207,9,790070,3816.76,1971,CAS,Concrete Repair; Electrical Installation Improvement
2257,,,56-62 HONG NING ROAD,56-62 康寧道,Kwun Tong,2015,24,6,1800000,75000,1967,CAS,Concrete Repair; External Wall Re-painting/Re-tiling; Internal Wall Re-painting; Replacement of Drainage Pipes; Re-roofing for Main Roof; Electrical Installation Improvement; Replacement/Repairing of Windows; Repair Underground Drainage
2596,Yen Hau Mansion,仁厚大廈,94-110 Ting Fu Street & 21-23 Ting On Street,定富街94-110號及定安街21-23號,Kwun Tong,2015,166,23,6330000,38132.53,1977,CAS,Concrete Repair; External Wall Re-painting/Re-tiling; Internal Wall Re-painting; Replacement of Drainage Pipes; Replacement of Fresh Water Pipes; Replacement of Flushing Water Pipes; Re-roofing for Main Roof; Replacement/Repairing of Fire Rated Doors; Replacement/Repairing of Windows; Repair Underground Drainage
2243,,,28-30 Pei Ho Street,北河街28-30號,Sham Shui Po,2015,18,9,164000,1329958,1964,CAS,Concrete Repair; External Wall Re-painting/Re-tiling; Internal Wall Re-painting; Replacement of Drainage Pipes; Re-roofing for Main Roof; Electrical Installation Improvement; Fire Services Installation Improvement; Replacement/Repairing of Fire Rated Doors; Replacement/Repairing of Windows
3209,---,---,248 YU CHAU STREET,汝州街248號,Sham Shui Po,2015,9,9,150000,623542,1965,CAS,Concrete Repair; External Wall Re-painting/Re-tiling; Internal Wall Re-painting; Replacement of Drainage Pipes; Replacement of Fresh Water Pipes; Re-roofing for Main Roof; Replacement/Repairing of Windows
3210,---,---,250 YU CHAU STREET,汝州街250號,Sham Shui Po,2015,9,9,150000,623542,1965,CAS,Concrete Repair; External Wall Re-painting/Re-tiling; Internal Wall Re-painting; Replacement of Drainage Pipes; Replacement of Fresh Water Pipes; Re-roofing for Main Roof; Replacement/Repairing of Windows
855,Cheong Yuen Building,昌遠大廈,1-9 Yen Chow Street,欽州街1-9號,Sham Shui Po,2013,208,12,9384995.58,45120.17,1966,OBB(Cat1),Concrete Repair; External Wall Re-painting/Re-tiling; Internal Wall Re-painting; Replacement of Drainage Pipes; Replacement of Fresh Water Pipes; Replacement of Flushing Water Pipes; Re-roofing for Main Roof; Replacement/Repairing of Fire Rated Doors; Replacement/Repairing of Windows
793,Kweilin Mansion,桂林大廈,30-32A Kweilin Street,桂林街30-32A號,Sham Shui Po,2011,57,8,1228000,21543.86,1976,OBB(Cat1),Concrete Repair; External Wall Re-painting/Re-tiling; Internal Wall Re-painting; Replacement of Drainage Pipes; Removal of Unauthorized Building Works
799,Chew Onn Building,就安大廈,44-50 Yen Chow Street,欽州街 44-50,Sham Shui Po,2012,71,12,3462050,48761.27,1964,OBB(Cat1),Concrete Repair; External Wall Re-painting/Re-tiling; Internal Wall Re-painting; Replacement of Drainage Pipes; Re-roofing for Main Roof; Fire Services Installation Improvement
865,Tung Shing Building,東成大廈,61-65 Nam Cheong Street,南昌街61-65號,Sham Shui Po,2011,40,15,2600000,65000,1964,OBB(Cat2VW),Concrete Repair; External Wall Re-painting/Re-tiling; Internal Wall Re-painting; Replacement/Repairing of Fire Rated Doors; Replacement/Repairing of Windows
814,,,75-81 Kweilin Street & 333-337 Tai Nan Street,桂林街75-81號及大南街333-337號,Sham Shui Po,2013,71,9,2869000,40408.45,1963,OBB(Cat1),Concrete Repair; External Wall Re-painting/Re-tiling; Internal Wall Re-painting; Replacement of Drainage Pipes; Replacement of Fresh Water Pipes; Replacement of Flushing Water Pipes; Re-roofing for Main Roof; Replacement/Repairing of Fire Rated Doors; Replacement/Repairing of Windows
1233,Ka Po Building,嘉寶大廈,173-183A Yee Kuk Street,醫局街 173-183A號,Sham Shui Po,2015,115,12,5985950,52051.74,1964,OBB(Cat1),Concrete Repair; External Wall Re-painting/Re-tiling; Internal Wall Re-painting; Replacement of Drainage Pipes; Re-roofing for Main Roof; Electrical Installation Improvement; Fire Services Installation Improvement; Replacement/Repairing of Fire Rated Doors; Replacement/Repairing of Windows; Repair Underground Drainage
822,YEN LI MANSION,仁禮大廈,222-224 Yee Kuk Street,醫局街222-224號,Sham Shui Po,2011,55,13,1488000,27054.55,1979,OBB(Cat1),Concrete Repair; External Wall Re-painting/Re-tiling; Internal Wall Re-painting; Replacement of Drainage Pipes; Replacement of Fresh Water Pipes; Replacement of Flushing Water Pipes; Replacement/Repairing of Windows
827,Tung Hing Building,東興大廈,251-255 Yu Chau Street,汝州街251-255號,Sham Shui Po,2011,21,6,993910,47329.05,1975,OBB(Cat1),Concrete Repair; External Wall Re-painting/Re-tiling; Internal Wall Re-painting; Replacement of Drainage Pipes; Replacement of Fresh Water Pipes; Replacement of Flushing Water Pipes; Re-roofing for Main Roof; Electrical Installation Improvement; Fire Services Installation Improvement; Replacement/Repairing of Fire Rated Doors; Replacement/Repairing of Windows
867,,,258-260 Ki Lung Street,基隆街258-260號,Sham Shui Po,2011,18,9,750000,41666.67,1963,OBB(Cat2VW),Concrete Repair; External Wall Re-painting/Re-tiling; Internal Wall Re-painting; Replacement of Drainage Pipes; Re-roofing for Main Roof; Electrical Installation Improvement; Replacement/Repairing of Fire Rated Doors; Replacement/Repairing of Windows
1197,,,259 Apliu Street,鴨寮街 259號,Sham Shui Po,2014,6,6,880000,146666.67,1964,OBB(Cat1),Concrete Repair; External Wall Re-painting/Re-tiling; Internal Wall Re-painting; Replacement of Drainage Pipes; Replacement of Fresh Water Pipes; Replacement of Flushing Water Pipes; Re-roofing for Main Roof; Electrical Installation Improvement; Fire Services Installation Improvement; Replacement/Repairing of Windows
809,-,-,298-300 Lai Chi Kok Road,荔枝角道 298-300號,Sham Shui Po,2011,18,9,827800,45988.89,1963,OBB(Cat1),Concrete Repair; External Wall Re-painting/Re-tiling; Internal Wall Re-painting; Replacement of Drainage Pipes; Re-roofing for Main Roof; Replacement/Repairing of Windows
838,-,-,299-301 Yu Chau Street,汝州街 299-301號,Sham Shui Po,2011,18,9,1023300,56850,1964,OBB(Cat1),Concrete Repair; External Wall Re-painting/Re-tiling; Internal Wall Re-painting; Replacement of Drainage Pipes; Replacement of Fresh Water Pipes; Electrical Installation Improvement; Replacement/Repairing of Fire Rated Doors; Replacement/Repairing of Windows
791,The Thesaurus Court,翠華閣,330-336 Shun Ning Road,順寧道330-336號,Sham Shui Po,2011,20,5,577500,28875,1959,OBB(Cat1),Replacement of Drainage Pipes; Re-roofing for Main Roof; Fire Services Installation Improvement; Replacement/Repairing of Windows
803,,,332-334 Castle Peak Road,青山道332-334號,Sham Shui Po,2011,26,9,1762800,67800,1963,OBB(Cat1),Concrete Repair; External Wall Re-painting/Re-tiling; Internal Wall Re-painting; Replacement of Drainage Pipes; Replacement of Fresh Water Pipes; Re-roofing for Main Roof; Removal of Unauthorized Building Works; Fire Services Installation Improvement; Replacement/Repairing of Fire Rated Doors; Replacement/Repairing of Windows; Main Lobby Redecoration
866,Lai Chi Court,荔枝閣,338-342 Lai Chi Kok Road,荔枝角道338-342號,Sham Shui Po,2012,33,12,1798732,54507.03,1977,OBB(Cat2VW),Concrete Repair; External Wall Re-painting/Re-tiling; Internal Wall Re-painting; Replacement of Drainage Pipes; Replacement of Fresh Water Pipes; Replacement of Flushing Water Pipes; Fire Services Installation Improvement; Replacement/Repairing of Fire Rated Doors; Replacement/Repairing of Windows
844,-,-,373-375 Ki Lung Street,基隆街 373-375號,Sham Shui Po,2011,18,9,1088200,60455.56,1963,OBB(Cat1),Concrete Repair; External Wall Re-painting/Re-tiling; Internal Wall Re-painting; Replacement of Drainage Pipes; Replacement of Fresh Water Pipes; Re-roofing for Main Roof; Electrical Installation Improvement; Replacement/Repairing of Windows
1183,-,-,380-384 Castle Peak Road,青山道 380-384號,Sham Shui Po,2013,40,8,1770000,44250,1958,OBB(Cat1),Concrete Repair; External Wall Re-painting/Re-tiling; Internal Wall Re-painting; Replacement of Drainage Pipes; Re-roofing for Main Roof; Electrical Installation Improvement; Replacement/Repairing of Fire Rated Doors; Replacement/Repairing of Windows
1195,Hing Lung Building,興隆大廈,385-391 Ki Lung Street,基隆街 385-391號,Sham Shui Po,2015,65,13,3148500,48438.46,1965,OBB(Cat1),Concrete Repair; External Wall Re-painting/Re-tiling; Internal Wall Re-painting; Replacement of Drainage Pipes; Replacement/Repairing of Fire Rated Doors; Replacement/Repairing of Windows
796,Hoover Mansion,靄華大廈,497-499 Un Chau Street,元州街497-499號,Sham Shui Po,2010,48,12,999580,20824.58,1978,OBB(Cat1),Concrete Repair; External Wall Re-painting/Re-tiling; Internal Wall Re-painting; Replacement of Drainage Pipes; Fire Services Installation Improvement; Replacement/Repairing of Windows
849,,,520-526 Castle Peak Road,青山道 520-526號,Sham Shui Po,2011,54,9,1690000,31296.3,1960,OBB(Cat1),Concrete Repair; External Wall Re-painting/Re-tiling; Internal Wall Re-painting; Replacement of Drainage Pipes; Replacement of Fresh Water Pipes; Re-roofing for Main Roof; Fire Services Installation Improvement
841,HUNG SHUK CHUN BUILDING,孔淑珍樓,520-530 Fuk Wing Street,福榮街 520-530,Sham Shui Po,2012,33,9,2532093,76730.09,1973,OBB(Cat1),Concrete Repair; External Wall Re-painting/Re-tiling; Internal Wall Re-painting; Replacement of Drainage Pipes; Replacement of Fresh Water Pipes; Replacement of Flushing Water Pipes; Re-roofing for Main Roof; Removal of Unauthorized Building Works; Fire Services Installation Improvement; Replacement/Repairing of Windows
631,Cactus Mansion,加達樓,1-19 Mcgregor Street,麥加力歌街 1-19號,Wan Chai,2013,83,16,5410970,65192.41,1980,OBB(Cat1),Concrete Repair; External Wall Re-painting/Re-tiling; Internal Wall Re-painting; Replacement of Drainage Pipes; Replacement of Fresh Water Pipes; Re-roofing for Main Roof; Replacement/Repairing of Fire Rated Doors; Replacement/Repairing of Windows
1189,Fu Yuen Building,富園大廈,1-7 Cross Street & 20C-D Spring Garden Lane & 16 Sam Pan Street,交加街 1-7 號 & 春園街 20C-D 號 & 三板街 16 號,Wan Chai,2011,52,9,2730000,52500,1966,OBB(Cat1),Concrete Repair; External Wall Re-painting/Re-tiling; Internal Wall Re-painting; Replacement of Drainage Pipes; Replacement of Flushing Water Pipes; Fire Services Installation Improvement; Replacement/Repairing of Fire Rated Doors; Replacement/Repairing of Windows
532,Man Hee Mansion,文熙大廈,2-12A Johnston Road & 4 Landale Street & 21 Li Chit Street,莊士敦道 2-12A & 蘭杜街 4 & 李節街 21,Wan Chai,2013,136,15,3028000,22264.71,1965,OBB(Cat1),Concrete Repair; External Wall Re-painting/Re-tiling; Internal Wall Re-painting; Re-roofing for Main Roof; Fire Services Installation Improvement; Lift Renovation
633,,,5-6 Lung On Street,隆安街 5-6號,Wan Chai,2013,11,6,828690,75335.45,1973,OBB(Cat1),Concrete Repair; External Wall Re-painting/Re-tiling; Internal Wall Re-painting; Replacement of Drainage Pipes; Replacement of Fresh Water Pipes; Replacement/Repairing of Fire Rated Doors; Replacement/Repairing of Windows
1138,Antung Building,安東大廈,6-16 Tai Wong Street East,大王東街 6-16號,Wan Chai,2010,79,20,2163600,27387.34,1974,OBB(Cat2VW),Concrete Repair; External Wall Re-painting/Re-tiling; Internal Wall Re-painting; Replacement of Drainage Pipes; Replacement of Fresh Water Pipes; Replacement/Repairing of Fire Rated Doors; Replacement/Repairing of Windows
643,-,-,11 Gresson Street,機利臣街11號,Wan Chai,2011,12,7,716756,59729.67,1964,OBB(Cat2VW),Concrete Repair; External Wall Re-painting/Re-tiling; Internal Wall Re-painting; Replacement of Fresh Water Pipes; Replacement of Flushing Water Pipes; Replacement/Repairing of Windows
750,,,15-17 Kennedy Street,堅彌地街 15-17號,Wan Chai,2016,12,6,1059550,88295.83,1958,OBB(Cat1),Concrete Repair; External Wall Re-painting/Re-tiling; Internal Wall Re-painting; Replacement of Drainage Pipes; Replacement of Fresh Water Pipes; Re-roofing for Main Roof; Fire Services Installation Improvement; Replacement/Repairing of Fire Rated Doors; Replacement/Repairing of Windows
530,,,15-17 Stone Nullah Lane,石水渠街 15-17號,Wan Chai,2010,12,6,897720,74810,1971,OBB(Cat1),Concrete Repair; External Wall Re-painting/Re-tiling; Internal Wall Re-painting; Replacement of Drainage Pipes; Fire Services Installation Improvement
1136,,,18-20 Tai Wong Street East,大王東街 18-20號,Wan Chai,2010,12,6,608500,50708.33,1967,OBB(Cat2VW),Concrete Repair; External Wall Re-painting/Re-tiling; Internal Wall Re-painting; Replacement of Drainage Pipes; Replacement of Fresh Water Pipes
533,Cheong Hong Mansion,長康大廈,25-33 Johnston Road & 2 FENWICK STREET & 1-3 Thomson Road,莊士敦道 25-33號 & 分域街 2 號& 譚臣道 1-3號,Wan Chai,2010,112,17,2120000,18928.57,1965,OBB(Cat1),Concrete Repair; External Wall Re-painting/Re-tiling; Replacement of Drainage Pipes; Replacement of Flushing Water Pipes
1190,Fleming Building,菲林明大廈,35-39B Fleming Road,菲林明道 35-39B號,Wan Chai,2011,75,15,4952593,66034.57,1968,OBB(Cat1),Concrete Repair; External Wall Re-painting/Re-tiling; Internal Wall Re-painting; Replacement of Drainage Pipes; Replacement of Fresh Water Pipes; Replacement of Flushing Water Pipes; Re-roofing for Main Roof; Electrical Installation Improvement; Fire Services Installation Improvement; Main Lobby Redecoration
1126,Wanchai House,灣仔大樓,40-54 Wan Chai Road,灣仔道 40-54,Wan Chai,2013,51,8,2716758,53269.76,1959,OBB(Cat2VW),Concrete Repair; External Wall Re-painting/Re-tiling; Internal Wall Re-painting; Replacement of Drainage Pipes; Re-roofing for Main Roof; Fire Services Installation Improvement; Replacement/Repairing of Fire Rated Doors; Replacement/Repairing of Windows
745,---,---,59-63 Wan Chai Road,灣仔道 59-63號,Wan Chai,2015,31,9,3010845,97124.03,1966,OBB(Cat1),Concrete Repair; External Wall Re-painting/Re-tiling; Internal Wall Re-painting; Replacement of Drainage Pipes; Replacement of Fresh Water Pipes; Fire Services Installation Improvement; Replacement/Repairing of Fire Rated Doors; Replacement/Repairing of Windows
1226,Fu Lok Building,富樂樓,64-70A Stone Nullah Lane,石水渠街 64-70A號,Wan Chai,2011,25,5,1050954,42038.16,1971,OBB(Cat1),Concrete Repair; External Wall Re-painting/Re-tiling; Internal Wall Re-painting; Replacement of Drainage Pipes; Replacement of Fresh Water Pipes; Replacement of Flushing Water Pipes; Re-roofing for Main Roof; Electrical Installation Improvement; Replacement/Repairing of Fire Rated Doors; Replacement/Repairing of Windows
709,Sun Hey Mansion,新禧大樓,68-76 Hennessy Road,軒尼詩道 68-76號,Wan Chai,2015,101,17,4128000,40871.29,1965,OBB(Cat1),Concrete Repair; External Wall Re-painting/Re-tiling; Internal Wall Re-painting; Replacement of Drainage Pipes; Replacement of Fresh Water Pipes; Replacement of Flushing Water Pipes; Re-roofing for Main Roof; Fire Services Installation Improvement; Replacement/Repairing of Fire Rated Doors; Replacement/Repairing of Windows; Repair Underground Drainage
1215,,,72-74 Thomson Road,譚臣道 72-74號,Wan Chai,2012,10,5,713560,71356,1974,OBB(Cat1),Concrete Repair; External Wall Re-painting/Re-tiling; Internal Wall Re-painting; Replacement of Drainage Pipes; Replacement of Flushing Water Pipes; Replacement/Repairing of Windows
1186,-,,87 Hennessy Road,軒尼詩道 87號,Wan Chai,2011,24,10,728219,30342.46,1969,OBB(Cat1),Concrete Repair; External Wall Re-painting/Re-tiling; Internal Wall Re-painting; Replacement of Drainage Pipes; Replacement of Fresh Water Pipes
536,Luen Tai Building,聯泰大廈,93-99 Wan Chai Road,灣仔道 93-99號,Wan Chai,2010,30,9,1050000,35000,1964,OBB(Cat1),Concrete Repair; External Wall Re-painting/Re-tiling; Internal Wall Re-painting; Replacement of Drainage Pipes; Replacement of Flushing Water Pipes; Re-roofing for Main Roof; Replacement/Repairing of Fire Rated Doors
531,King Tao Building,京都大廈,94-100 Lockhart Road,駱克道 94-100號,Wan Chai,2012,74,13,4460000,60270.27,1969,OBB(Cat1),Concrete Repair; External Wall Re-painting/Re-tiling; Internal Wall Re-painting; Replacement of Drainage Pipes; Replacement of Fresh Water Pipes; Fire Services Installation Improvement; Replacement/Repairing of Fire Rated Doors; Replacement/Repairing of Windows; Main Lobby Redecoration
719,Hip Sang Building,協生大廈,107-115 Hennessy Road,軒尼詩道 107-115號,Wan Chai,2012,70,16,4310000,61571.43,1969,OBB(Cat1),Concrete Repair; External Wall Re-painting/Re-tiling; Internal Wall Re-painting; Replacement of Drainage Pipes; Replacement of Fresh Water Pipes; Replacement of Flushing Water Pipes; Re-roofing for Main Roof; Fire Services Installation Improvement; Replacement/Repairing of Fire Rated Doors; Replacement/Repairing of Windows
1222,117-123 Hennessy Road Court,軒尼詩道117-123號大樓,117-123 Hennessy Road,軒尼詩道 117-123號,Wan Chai,2011,60,16,3034567,50576.12,1970,OBB(Cat1),Concrete Repair; External Wall Re-painting/Re-tiling; Internal Wall Re-painting; Replacement of Drainage Pipes; Replacement of Fresh Water Pipes; Replacement of Flushing Water Pipes; Replacement/Repairing of Fire Rated Doors; Replacement/Repairing of Windows
674,,,131A Queen's Road East,皇后大道東 131A號,Wan Chai,2013,9,9,567900,63100,1963,OBB(Cat1),Concrete Repair; External Wall Re-painting/Re-tiling; Internal Wall Re-painting; Replacement of Drainage Pipes; Replacement/Repairing of Windows
1127,,聲浩樓,137 Queen's Road East,皇后大道東 137,Wan Chai,2013,11,6,1265000,115000,1975,OBB(Cat2VW),Concrete Repair; External Wall Re-painting/Re-tiling; Internal Wall Re-painting; Replacement of Drainage Pipes; Replacement of Fresh Water Pipes; Fire Services Installation Improvement; Replacement/Repairing of Fire Rated Doors; Replacement/Repairing of Windows
1217,City Centre Building,城市大廈,144-149 Gloucester Road,告士打道 144-149號,Wan Chai,2012,138,15,6007800,43534.78,1966,OBB(Cat1),Concrete Repair; External Wall Re-painting/Re-tiling; Internal Wall Re-painting; Replacement of Drainage Pipes; Replacement of Flushing Water Pipes; Re-roofing for Main Roof; Fire Services Installation Improvement; Replacement/Repairing of Fire Rated Doors; Replacement/Repairing of Windows
1229,Yau Tak Mansion,祐德大廈,167-169 Lockhart Road,駱克道 167-169號,Wan Chai,2014,26,12,2150000,82692.31,1969,OBB(Cat1),Concrete Repair; External Wall Re-painting/Re-tiling; Internal Wall Re-painting; Replacement of Drainage Pipes; Replacement of Fresh Water Pipes; Replacement of Flushing Water Pipes; Re-roofing for Main Roof; Fire Services Installation Improvement; Replacement/Repairing of Fire Rated Doors; Replacement/Repairing of Windows; Main Lobby Redecoration
501,Luen Sen Mansion,聯星大廈,176-178 Hennessy Road,軒尼詩道 176-178號,Wan Chai,2009,43,16,2257000,52488.37,1967,OBB(Cat1),Concrete Repair; External Wall Re-painting/Re-tiling; Internal Wall Re-painting; Replacement of Drainage Pipes; Replacement of Fresh Water Pipes; Replacement of Flushing Water Pipes; Re-roofing for Main Roof; Fire Services Installation Improvement; Replacement/Repairing of Fire Rated Doors; Replacement/Repairing of Windows
693,Pao Woo Mansion,保和大廈,177-179 Wan Chai Road & 51 Cross Lane,灣仔道 177-179 號&交加里51號,Wan Chai,2010,183,23,3850000,21038.25,1972,OBB(Cat1),Concrete Repair; External Wall Re-painting/Re-tiling; Internal Wall Re-painting; Replacement of Drainage Pipes; Replacement of Fresh Water Pipes; Replacement of Flushing Water Pipes; Electrical Installation Improvement; Replacement/Repairing of Fire Rated Doors; Replacement/Repairing of Windows
763,,,184 Hennessy Road,軒尼詩道 184號,Wan Chai,2015,17,17,1866430,109790,1967,OBB(Cat1),Concrete Repair; External Wall Re-painting/Re-tiling; Internal Wall Re-painting; Replacement of Drainage Pipes; Replacement of Flushing Water Pipes; Re-roofing for Main Roof; Electrical Installation Improvement; Fire Services Installation Improvement; Replacement/Repairing of Fire Rated Doors; Replacement/Repairing of Windows; Main Lobby Redecoration; Repair Underground Drainage
1220,Ying King Mansion,英京大廈,192-198 Hennessy Road,軒尼詩道 192-198號,Wan Chai,2011,95,17,3900700,41060,1967,OBB(Cat1),Concrete Repair; External Wall Re-painting/Re-tiling; Internal Wall Re-painting; Replacement of Drainage Pipes; Replacement of Fresh Water Pipes; Replacement of Flushing Water Pipes; Fire Services Installation Improvement; Replacement/Repairing of Fire Rated Doors; Replacement/Repairing of Windows; Main Lobby Redecoration
699,Kwong Tak Mansion,廣德大廈,205-207 Hennessy Road,軒尼詩道 205-207號,Wan Chai,2013,41,14,2378000,58000,1967,OBB(Cat1),Concrete Repair; External Wall Re-painting/Re-tiling; Internal Wall Re-painting; Replacement of Drainage Pipes; Replacement of Fresh Water Pipes; Replacement of Flushing Water Pipes; Re-roofing for Main Roof; Fire Services Installation Improvement; Replacement/Repairing of Fire Rated Doors; Replacement/Repairing of Windows; Repair Underground Drainage
1191,Hennessy Road Court,軒尼詩道大樓,213-219 Hennessy Road,軒尼詩道 213-219號,Wan Chai,2011,69,20,5263384,76280.93,1968,OBB(Cat1),Concrete Repair; External Wall Re-painting/Re-tiling; Internal Wall Re-painting; Replacement of Drainage Pipes; Replacement of Fresh Water Pipes; Replacement of Flushing Water Pipes; Electrical Installation Improvement; Fire Services Installation Improvement; Replacement/Repairing of Fire Rated Doors; Replacement/Repairing of Windows; Main Lobby Redecoration
733,Yen Ying Mansion,仁英大廈,215-225A Jaffe Road,謝斐道 215-225A號,Wan Chai,2015,91,22,3873334,42564.11,1977,OBB(Cat1),Concrete Repair; External Wall Re-painting/Re-tiling; Internal Wall Re-painting; Replacement of Drainage Pipes; Electrical Installation Improvement; Fire Services Installation Improvement; Replacement/Repairing of Fire Rated Doors; Replacement/Repairing of Windows
528,Sze Lai Building,詩禮樓,241-243 Hennessy Road,軒尼詩道 241-243號,Wan Chai,2010,40,15,3129528,78238.2,1969,OBB(Cat1),Concrete Repair; External Wall Re-painting/Re-tiling; Internal Wall Re-painting; Replacement of Drainage Pipes; Replacement of Fresh Water Pipes; Replacement of Flushing Water Pipes; Fire Services Installation Improvement; Replacement/Repairing of Fire Rated Doors; Replacement/Repairing of Windows
1223,Kwan Lee Building,均利大樓,265-267 Queen's Road East,皇后大道東 265-267號,Wan Chai,2011,20,9,1299592,64979.6,1972,OBB(Cat1),Concrete Repair; External Wall Re-painting/Re-tiling; Internal Wall Re-painting; Replacement of Drainage Pipes; Replacement of Fresh Water Pipes; Replacement of Flushing Water Pipes; Replacement/Repairing of Fire Rated Doors; Replacement/Repairing of Windows
1187,Chi Po Building,誌寶大廈,309-311A Hennessy Road,軒尼詩道 309-311A號,Wan Chai,2014,39,12,3906334.3,100162.42,1967,OBB(Cat1),Concrete Repair; External Wall Re-painting/Re-tiling; Internal Wall Re-painting; Replacement of Drainage Pipes; Replacement of Fresh Water Pipes; Re-roofing for Main Roof; Electrical Installation Improvement; Fire Services Installation Improvement; Replacement/Repairing of Fire Rated Doors; Replacement/Repairing of Windows; Main Lobby Redecoration
1238,Kai Ming Building,加冕樓,364-366 Hennessy Road,軒尼詩道 364-366號,Wan Chai,2012,41,14,2952660,72016.1,1966,OBB(Cat1),Concrete Repair; External Wall Re-painting/Re-tiling; Internal Wall Re-painting; Replacement of Drainage Pipes; Replacement of Fresh Water Pipes; Replacement of Flushing Water Pipes; Re-roofing for Main Roof; Removal of Unauthorized Building Works; Electrical Installation Improvement; Fire Services Installation Improvement; Replacement/Repairing of Fire Rated Doors; Replacement/Repairing of Windows
2268,,,5 ST. FRANCIS YARD,5 進教圍,Wan Chai,2015,7,7,634150,90592.86,1964,CAS,Concrete Repair; External Wall Re-painting/Re-tiling; Internal Wall Re-painting; Replacement of Drainage Pipes; Electrical Installation Improvement; Fire Services Installation Improvement; Replacement/Repairing of Windows
2269,,,6 ST. FRANCIS YARD,6 進教圍,Wan Chai,2015,7,7,634150,90592.86,1964,CAS,Concrete Repair; External Wall Re-painting/Re-tiling; Internal Wall Re-painting; Replacement of Drainage Pipes; Electrical Installation Improvement; Fire Services Installation Improvement; Replacement/Repairing of Fire Rated Doors; Replacement/Repairing of Windows
2217,Hoover Tower 2,海華苑第二座,8 SAU WA FONG,8 秀華坊,Wan Chai,2015,72,25,9780000,135833.33,1990,CAS,Concrete Repair; External Wall Re-painting/Re-tiling; Internal Wall Re-painting; Replacement of Drainage Pipes; Replacement of Fresh Water Pipes; Replacement of Flushing Water Pipes; Fire Services Installation Improvement; Main Lobby Redecoration
2272,,,14 SIK ON STREET,適安街14號,Wan Chai,2014,4,4,393085,98271.25,1956,CAS,Concrete Repair; External Wall Re-painting/Re-tiling; Internal Wall Re-painting; Replacement of Drainage Pipes; Replacement of Fresh Water Pipes; Electrical Installation Improvement; Fire Services Installation Improvement; Main Lobby Redecoration
2273,,,16 SIK ON STREET,適安街16號,Wan Chai,2014,4,4,393085,98271.25,1956,CAS,Concrete Repair; External Wall Re-painting/Re-tiling; Internal Wall Re-painting; Replacement of Drainage Pipes; Replacement of Fresh Water Pipes; Electrical Installation Improvement; Fire Services Installation Improvement; Main Lobby Redecoration
2204,Yan Oi Building,仁愛大樓,4 FOO YUEN STREET,4 富源街,Wong Tai Sin,2015,242,15,11423666,47205.23,1964,CAS,Concrete Repair; External Wall Re-painting/Re-tiling; Internal Wall Re-painting; Replacement of Drainage Pipes; Re-roofing for Main Roof; Fire Services Installation Improvement; Replacement/Repairing of Fire Rated Doors; Replacement/Repairing of Windows; Repair Underground Drainage
3396,Wah Fung Mansion,華鳳樓,12-14 Sheung Fung Street,雙鳳街12-14 號,Wong Tai Sin,2015,12,6,860000,71666.67,1971,CAS,Concrete Repair; External Wall Re-painting/Re-tiling; Internal Wall Re-painting; Replacement of Drainage Pipes; Replacement of Flushing Water Pipes; Re-roofing for Main Roof
2372,Hung Cheung Building,鴻祥大廈,1-3 Yin Chong Street & 26-32 Fa Yuen Street,煙廠街1-3號及花園街26-32號,Yau Tsim Mong,2015,114,27,8000000,70175.44,1986,CAS,Concrete Repair; External Wall Re-painting/Re-tiling; Internal Wall Re-painting; Replacement of Drainage Pipes; Replacement of Fresh Water Pipes; Re-roofing for Main Roof; Fire Services Installation Improvement
2104,Pak Sing Building,百勝大廈,27-41 Tong Mi Road Tai Kok Tsui,塘尾道27-41號,Yau Tsim Mong,2013,118,15,7000000,59322.03,1987,CAS,Concrete Repair; External Wall Re-painting/Re-tiling; Internal Wall Re-painting; Replacement of Drainage Pipes; Replacement of Fresh Water Pipes; Replacement of Flushing Water Pipes; Re-roofing for Main Roof; Electrical Installation Improvement; Fire Services Installation Improvement; Replacement/Repairing of Fire Rated Doors; Replacement/Repairing of Windows; Main Lobby Redecoration
2258,Pitt Street Mansion,碧街大廈,1-7 Pitt Street,碧街1-7號,Yau Tsim Mong,2015,32,8,1214000,37937.5,1961,CAS,Concrete Repair; External Wall Re-painting/Re-tiling; Internal Wall Re-painting; Replacement/Repairing of Windows
2275,Tung Pitt House,東碧樓,3 Tung Fong Street,東方街3號,Yau Tsim Mong,2015,53,9,3292147,62115.98,1962,CAS,Concrete Repair; External Wall Re-painting/Re-tiling; Internal Wall Re-painting; Replacement of Drainage Pipes; Re-roofing for Main Roof; Fire Services Installation Improvement; Replacement/Repairing of Fire Rated Doors; Replacement/Repairing of Windows; Main Lobby Redecoration
2398,,,20-20A Ashley Road,亞士厘道20-20A號,Yau Tsim Mong,2015,16,8,998300,62393.75,1958,CAS,Concrete Repair; External Wall Re-painting/Re-tiling; Internal Wall Re-painting; Replacement of Drainage Pipes; Replacement of Fresh Water Pipes; Replacement of Flushing Water Pipes; Re-roofing for Main Roof; Fire Services Installation Improvement; Replacement/Repairing of Fire Rated Doors; Replacement/Repairing of Windows
888,,,312-314 Reclamation Street,新填地街312-314號,Yau Tsim Mong,2011,18,9,757674,42093,1964,OBB(Cat2VW),Concrete Repair; External Wall Re-painting/Re-tiling; Internal Wall Re-painting; Replacement of Drainage Pipes; Replacement of Fresh Water Pipes; Electrical Installation Improvement; Fire Services Installation Improvement; Replacement/Repairing of Windows
490,,,1005-1011 Canton Road,廣東道1005-1011號,Yau Tsim Mong,2010,38,9,1430000,37631.58,1963,OBB(Cat1),Concrete Repair; External Wall Re-painting/Re-tiling; Internal Wall Re-painting; Replacement of Drainage Pipes; Replacement of Fresh Water Pipes; Replacement of Flushing Water Pipes; Replacement/Repairing of Windows
580,,,23 Soy Street,豉油街23號,Yau Tsim Mong,2011,45,9,1628548,36189.96,2011,OBB(Cat1),Concrete Repair; External Wall Re-painting/Re-tiling; Internal Wall Re-painting; Replacement of Drainage Pipes; Replacement of Fresh Water Pipes; Re-roofing for Main Roof; Removal of Unauthorized Building Works; Replacement/Repairing of Fire Rated Doors; Replacement/Repairing of Windows
565,,,16-22A Tak Cheong Lane,德昌里16-22A號,Yau Tsim Mong,2011,46,8,2184600,47491.3,1965,OBB(Cat1),Concrete Repair; External Wall Re-painting/Re-tiling; Internal Wall Re-painting; Replacement of Drainage Pipes; Electrical Installation Improvement; Fire Services Installation Improvement; Replacement/Repairing of Windows
541,Fuk Ming Building,福明大樓,32-40 Fuk Tsun Street Tai Kok Tsui,大角咀福全街32-40號,Yau Tsim Mong,2012,210,14,4431000,21100,1974,OBB(Cat1),Concrete Repair; External Wall Re-painting/Re-tiling; Internal Wall Re-painting; Replacement of Drainage Pipes; Replacement of Flushing Water Pipes; Replacement/Repairing of Fire Rated Doors; Replacement/Repairing of Windows
607,,,494-496 Shanghai Street,上海街494-496號,Yau Tsim Mong,2011,31,11,1033169,33328.03,1970,OBB(Cat1),Concrete Repair; External Wall Re-painting/Re-tiling; Internal Wall Re-painting; Replacement of Drainage Pipes; Replacement/Repairing of Windows
542,Fuk Tsun Mansion,福全大廈,12-16 Fuk Tsun Street,福全街12-16號,Yau Tsim Mong,2011,29,14,1054413.36,36359.08,1977,OBB(Cat1),Concrete Repair; External Wall Re-painting/Re-tiling; Replacement of Drainage Pipes; Replacement of Fresh Water Pipes; Replacement of Flushing Water Pipes; Replacement/Repairing of Windows
606,,,183-185 Portland Street,砵蘭街183-185號,Yau Tsim Mong,2010,16,8,557000,34812.5,1959,OBB(Cat1),Concrete Repair; External Wall Re-painting/Re-tiling; Internal Wall Re-painting; Replacement of Drainage Pipes
582,,,423-425 Shanghai Street,上海街423-425號,Yau Tsim Mong,2011,12,6,744000,62000,1958,OBB(Cat1),Concrete Repair; External Wall Re-painting/Re-tiling; Internal Wall Re-painting; Replacement of Drainage Pipes; Replacement of Fresh Water Pipes; Re-roofing for Main Roof; Electrical Installation Improvement; Fire Services Installation Improvement
576,Wing Sing Building,永星大廈,36-40 Temple Street,廟街36-40號,Yau Tsim Mong,2012,27,11,2036354,75420.52,1978,OBB(Cat1),Concrete Repair; External Wall Re-painting/Re-tiling; Internal Wall Re-painting; Replacement of Drainage Pipes; Replacement of Fresh Water Pipes; Replacement of Flushing Water Pipes; Re-roofing for Main Roof; Fire Services Installation Improvement; Replacement/Repairing of Fire Rated Doors; Replacement/Repairing of Windows
863,,,61 Sai Yeung Choi Street South,西洋菜南街61號,Yau Tsim Mong,2011,9,9,267500,29722.22,1964,OBB(Cat1),Concrete Repair; External Wall Re-painting/Re-tiling; Internal Wall Re-painting; Replacement of Drainage Pipes; Re-roofing for Main Roof
1161,Alhambra Building,平安大樓,383-389C Nathan Road & 15-17 Kansu Street,彌敦道383-389C號及甘肅街15-17號,Yau Tsim Mong,2012,282,15,9071890,32169.82,1960,OBB(Cat1),Concrete Repair; External Wall Re-painting/Re-tiling; Internal Wall Re-painting; Replacement of Drainage Pipes; Replacement of Fresh Water Pipes; Replacement of Flushing Water Pipes; Re-roofing for Main Roof; Removal of Unauthorized Building Works; Fire Services Installation Improvement; Replacement/Repairing of Fire Rated Doors; Replacement/Repairing of Windows
1366,Oak House,橡樹樓,84-90 Oak Street Tai Kok Tsui,大角咀橡樹街84-90號,Yau Tsim Mong,2012,70,11,2152680,30752.57,1969,OBB(Cat1),Concrete Repair; External Wall Re-painting/Re-tiling; Internal Wall Re-painting; Replacement of Drainage Pipes; Replacement of Fresh Water Pipes; Replacement of Flushing Water Pipes; Fire Services Installation Improvement; Replacement/Repairing of Windows
977,Winner Building,祥發大廈,867-885 Canton Road,廣東道867-885號,Yau Tsim Mong,2014,146,23,4963393,33995.84,1978,OBB(Cat1),Concrete Repair; External Wall Re-painting/Re-tiling; Internal Wall Re-painting; Replacement of Drainage Pipes; Replacement of Fresh Water Pipes; Replacement of Flushing Water Pipes; Re-roofing for Main Roof; Electrical Installation Improvement; Fire Services Installation Improvement; Replacement/Repairing of Windows
610,,,357 Reclamation Street,新填地街357號,Yau Tsim Mong,2011,8,8,515250,64406.25,1959,OBB(Cat1),Concrete Repair; External Wall Re-painting/Re-tiling; Internal Wall Re-painting; Replacement of Drainage Pipes; Fire Services Installation Improvement; Replacement/Repairing of Windows
581,,,340-342 Shanghai Street,上海街340-342號,Yau Tsim Mong,2011,27,9,739100,27374.07,1964,OBB(Cat1),Concrete Repair; External Wall Re-painting/Re-tiling; Internal Wall Re-painting; Replacement of Drainage Pipes; Replacement/Repairing of Windows
548,Tai Ying Building,大英樓,42-52 Wong Tai Street,旺堤街42-52號,Yau Tsim Mong,2011,214,14,7298000,34102.8,1976,OBB(Cat1),Concrete Repair; External Wall Re-painting/Re-tiling; Internal Wall Re-painting; Replacement of Drainage Pipes; Replacement of Fresh Water Pipes; Replacement of Flushing Water Pipes; Re-roofing for Main Roof; Replacement/Repairing of Fire Rated Doors; Replacement/Repairing of Windows
1010,Kiu Kin Mansion,僑建大廈,566-568 Nathan Road,彌敦道566-568號,Yau Tsim Mong,2014,75,20,3213336,42844.48,1964,OBB(Cat1),Concrete Repair; External Wall Re-painting/Re-tiling; Internal Wall Re-painting; Replacement of Drainage Pipes; Replacement of Fresh Water Pipes; Replacement of Flushing Water Pipes; Electrical Installation Improvement; Fire Services Installation Improvement; Replacement/Repairing of Fire Rated Doors; Replacement/Repairing of Windows
915,Kam Wah Building,金華大廈,831A-831L Canton Road & 24-26A Pitt Street,廣東道831A-831L號及碧街24-26號,Yau Tsim Mong,2015,292,22,7450000,25513.7,1972,OBB(Cat1),Concrete Repair; External Wall Re-painting/Re-tiling; Internal Wall Re-painting; Replacement of Drainage Pipes; Re-roofing for Main Roof; Fire Services Installation Improvement; Replacement/Repairing of Fire Rated Doors; Replacement/Repairing of Windows
1401,Hoi Kwok Building,海角唐樓,44-54 Li Tak Street & 20 Kok Cheung Street,利得街44-54號及角祥街20號,Yau Tsim Mong,2014,96,8,4685911,48811.57,1963,OBB(Cat1),Concrete Repair; External Wall Re-painting/Re-tiling; Internal Wall Re-painting; Replacement of Drainage Pipes; Replacement of Flushing Water Pipes; Re-roofing for Main Roof; Removal of Unauthorized Building Works; Fire Services Installation Improvement
703,Good World Building,好世界洋樓,197-199 Tong Mi Road,塘尾道197-199號,Yau Tsim Mong,2011,107,15,3359290,31395.23,1975,OBB(Cat1),Concrete Repair; External Wall Re-painting/Re-tiling; Internal Wall Re-painting; Replacement of Drainage Pipes; Replacement of Flushing Water Pipes; Re-roofing for Main Roof; Replacement/Repairing of Windows
1156,Tsui Yuen Mansion,翠園大廈,83-87 Dundas Street & 2-20 Kwong Wa Street,登打士街83-87號及廣華街2-20號,Yau Tsim Mong,2012,132,10,3751000,28416.67,1964,OBB(Cat1),Concrete Repair; External Wall Re-painting/Re-tiling; Internal Wall Re-painting; Replacement of Drainage Pipes; Replacement of Fresh Water Pipes; Replacement of Flushing Water Pipes; Re-roofing for Main Roof; Removal of Unauthorized Building Works; Electrical Installation Improvement; Fire Services Installation Improvement; Replacement/Repairing of Fire Rated Doors; Replacement/Repairing of Windows; Main Lobby Redecoration
995,,,167-169 Reclamation Street,新填地街167-169號,Yau Tsim Mong,2012,18,9,937000,52055.56,1964,OBB(Cat1),Concrete Repair; External Wall Re-painting/Re-tiling; Internal Wall Re-painting; Replacement of Drainage Pipes; Re-roofing for Main Roof; Electrical Installation Improvement; Replacement/Repairing of Windows
615,Mongkok Building,華懋王子大廈,97 Mong Kok Road,旺角道97號,Yau Tsim Mong,2011,119,22,3438199,28892.43,1973,OBB(Cat1),Concrete Repair; External Wall Re-painting/Re-tiling; Internal Wall Re-painting; Replacement of Drainage Pipes; Fire Services Installation Improvement; Replacement/Repairing of Fire Rated Doors; Replacement/Repairing of Windows; Main Lobby Redecoration
616,Yau Wo Apartments,友和大樓,132-136A Fa Yuen Street,花園街132-136A號,Yau Tsim Mong,2011,64,16,4248000,66375,1964,OBB(Cat1),Concrete Repair; External Wall Re-painting/Re-tiling; Internal Wall Re-painting; Replacement of Drainage Pipes; Replacement of Fresh Water Pipes; Re-roofing for Main Roof; Fire Services Installation Improvement; Replacement/Repairing of Fire Rated Doors; Replacement/Repairing of Windows
949,Wah May Building Block A,華美大樓A座,36 Shantung Street,山東街36號,Yau Tsim Mong,2011,35,13,2150000,61428.57,1972,OBB(Cat1),Concrete Repair; External Wall Re-painting/Re-tiling; Internal Wall Re-painting; Replacement of Drainage Pipes; Replacement of Flushing Water Pipes; Fire Services Installation Improvement; Replacement/Repairing of Fire Rated Doors; Replacement/Repairing of Windows
1141,Independence Building,獨立大廈,499-501A Nathan Road,彌敦道499-501A號,Yau Tsim Mong,2013,41,13,3188500,77768.29,1964,OBB(Cat1),Concrete Repair; External Wall Re-painting/Re-tiling; Internal Wall Re-painting; Replacement of Drainage Pipes; Replacement of Fresh Water Pipes; Replacement of Flushing Water Pipes; Re-roofing for Main Roof; Electrical Installation Improvement; Fire Services Installation Improvement; Replacement/Repairing of Fire Rated Doors; Replacement/Repairing of Windows; Main Lobby Redecoration
974,Winner Mansion,永如大廈,691-697 Nathan Road,彌敦道691-697號,Yau Tsim Mong,2012,94,17,6124833,65157.8,1968,OBB(Cat1),Concrete Repair; External Wall Re-painting/Re-tiling; Internal Wall Re-painting; Replacement of Drainage Pipes; Replacement of Fresh Water Pipes; Replacement of Flushing Water Pipes; Re-roofing for Main Roof; Electrical Installation Improvement; Fire Services Installation Improvement; Replacement/Repairing of Fire Rated Doors; Replacement/Repairing of Windows; Main Lobby Redecoration
755,Kam Kun House,金冠樓,834-838 Canton Road & 27B Pitt Street,廣東道834-838號及碧街27B號,Yau Tsim Mong,2011,32,7,1310000,40937.5,1972,OBB(Cat1),Concrete Repair; External Wall Re-painting/Re-tiling; Internal Wall Re-painting; Replacement of Drainage Pipes; Replacement of Fresh Water Pipes; Replacement of Flushing Water Pipes; Re-roofing for Main Roof; Electrical Installation Improvement; Replacement/Repairing of Windows
1354,Hong Mei Building,康美樓,137 Lai Chi Kok Road,荔枝角道137號,Yau Tsim Mong,2014,13,12,1349390,103799.23,1971,OBB(Cat1),Concrete Repair; External Wall Re-painting/Re-tiling; Internal Wall Re-painting; Replacement of Drainage Pipes; Replacement of Flushing Water Pipes; Re-roofing for Main Roof; Electrical Installation Improvement; Fire Services Installation Improvement; Replacement/Repairing of Fire Rated Doors; Replacement/Repairing of Windows; Main Lobby Redecoration
1009,,,215-225 Reclamation Street,新填地街215-225號,Yau Tsim Mong,2014,56,8,2540560,45367.14,1959,OBB(Cat1),Concrete Repair; External Wall Re-painting/Re-tiling; Internal Wall Re-painting; Replacement of Drainage Pipes; Replacement of Fresh Water Pipes; Re-roofing for Main Roof; Fire Services Installation Improvement; Replacement/Repairing of Fire Rated Doors; Replacement/Repairing of Windows; Main Lobby Redecoration
1384,Wing Shun Building,永信大樓,53-67 Larch Street & 4 Lime Street,洋松街53-67號及菩提街4號,Yau Tsim Mong,2012,105,9,3541900,33732.38,1961,OBB(Cat1),Concrete Repair; External Wall Re-painting/Re-tiling; Internal Wall Re-painting; Replacement of Drainage Pipes; Replacement of Flushing Water Pipes; Re-roofing for Main Roof; Replacement/Repairing of Fire Rated Doors; Replacement/Repairing of Windows
751,,,12-14 Larch Street,洋松街12-14號,Yau Tsim Mong,2014,22,6,1215400,55245.45,1970,OBB(Cat1),Concrete Repair; External Wall Re-painting/Re-tiling; Internal Wall Re-painting; Replacement of Drainage Pipes; Replacement of Fresh Water Pipes; Replacement of Flushing Water Pipes; Re-roofing for Main Roof; Removal of Unauthorized Building Works; Fire Services Installation Improvement
981,,,104 Fa Yuen Street,花園街104號,Yau Tsim Mong,2012,6,6,604467.56,100744.59,1957,OBB(Cat1),Concrete Repair; External Wall Re-painting/Re-tiling; Internal Wall Re-painting; Replacement of Drainage Pipes; Replacement of Fresh Water Pipes; Replacement of Flushing Water Pipes; Fire Services Installation Improvement; Replacement/Repairing of Windows
1387,,,29 Hak Po Street & 84-88 Shantung Street,黑布街29號及山東街84-88號,Yau Tsim Mong,2013,32,8,1561532,48797.88,1958,OBB(Cat1),Concrete Repair; External Wall Re-painting/Re-tiling; Internal Wall Re-painting; Replacement of Drainage Pipes; Replacement/Repairing of Windows
934,Tai Yue Mansion,泰怡大廈,28-30 Fife Street,快富街28-30號,Yau Tsim Mong,2011,89,16,4767560,53568.09,1964,OBB(Cat1),Concrete Repair; External Wall Re-painting/Re-tiling; Internal Wall Re-painting; Replacement of Drainage Pipes; Replacement of Fresh Water Pipes; Replacement of Flushing Water Pipes; Re-roofing for Main Roof; Fire Services Installation Improvement; Main Lobby Redecoration
883,Kwong Yuen Building,廣源大廈,2-20 Kam Lam Street,甘霖街2-20號,Yau Tsim Mong,2010,245,14,7362586,30051.37,1967,OBB(Cat1),Concrete Repair; External Wall Re-painting/Re-tiling; Internal Wall Re-painting; Replacement of Drainage Pipes; Replacement of Flushing Water Pipes; Re-roofing for Main Roof; Electrical Installation Improvement; Replacement/Repairing of Windows; Main Lobby Redecoration
1057,Wai Luen House,位聯樓,354-356 Shanghai Street,上海街354-356號,Yau Tsim Mong,2012,16,8,656250,41015.62,1973,OBB(Cat1),Concrete Repair; External Wall Re-painting/Re-tiling; Internal Wall Re-painting; Replacement of Drainage Pipes; Replacement/Repairing of Windows
884,Pak Cheung Building,百祥大廈,59-65 Shantung Street,山東街59-65號,Yau Tsim Mong,2012,129,9,4456800,34548.84,1960,OBB(Cat1),Concrete Repair; External Wall Re-painting/Re-tiling; Internal Wall Re-painting; Replacement of Drainage Pipes; Replacement of Flushing Water Pipes; Re-roofing for Main Roof; Replacement/Repairing of Fire Rated Doors; Replacement/Repairing of Windows
912,Cheng Hong Building,正康大樓,47-57 Temple Street,廟街47-57號,Yau Tsim Mong,2012,58,16,3254982,56120.38,1974,OBB(Cat1),Concrete Repair; External Wall Re-painting/Re-tiling; Internal Wall Re-painting; Replacement of Drainage Pipes; Replacement of Fresh Water Pipes; Replacement of Flushing Water Pipes; Re-roofing for Main Roof; Fire Services Installation Improvement; Replacement/Repairing of Windows; Main Lobby Redecoration
1272,Tai Fu Building,大富樓,6-20 Tai Tsun Street Tai Kok Tsui,大角咀大全街6-20號,Yau Tsim Mong,2012,165,14,3900580.4,23639.88,1974,OBB(Cat1),Concrete Repair; External Wall Re-painting/Re-tiling; Internal Wall Re-painting; Replacement of Drainage Pipes; Replacement of Flushing Water Pipes; Fire Services Installation Improvement; Replacement/Repairing of Fire Rated Doors; Replacement/Repairing of Windows; Main Lobby Redecoration
931,Say Hay House,四喜樓,88-90 Hak Po Street,黑布街88-90號,Yau Tsim Mong,2010,24,12,1950000,81250,1964,OBB(Cat1),Concrete Repair; External Wall Re-painting/Re-tiling; Internal Wall Re-painting; Replacement of Drainage Pipes; Fire Services Installation Improvement; Replacement/Repairing of Fire Rated Doors; Replacement/Repairing of Windows
551,,,185-191 Tong Mi Road Tai Kok Tsui,大角咀塘尾道185-191號,Yau Tsim Mong,2011,24,6,1285500,53562.5,1960,OBB(Cat1),Concrete Repair; External Wall Re-painting/Re-tiling; Internal Wall Re-painting; Replacement of Drainage Pipes; Re-roofing for Main Roof; Replacement/Repairing of Windows
999,,,326-332 Reclamation Street,新填地街326-332號,Yau Tsim Mong,2012,32,8,1390000,43437.5,1964,OBB(Cat1),Concrete Repair; External Wall Re-painting/Re-tiling; Internal Wall Re-painting; Replacement of Drainage Pipes; Replacement of Fresh Water Pipes; Replacement of Flushing Water Pipes; Re-roofing for Main Roof; Fire Services Installation Improvement; Replacement/Repairing of Fire Rated Doors; Replacement/Repairing of Windows
1398,Tai Kok Tsui Building,大角咀大廈,41-63 Oak Street & 57-63 Anchor Street,橡樹街41-63號及晏架街57-63號,Yau Tsim Mong,2015,265,13,10500000,39622.64,1962,OBB(Cat1),Concrete Repair; External Wall Re-painting/Re-tiling; Internal Wall Re-painting; Replacement of Drainage Pipes; Replacement of Fresh Water Pipes; Replacement of Flushing Water Pipes; Re-roofing for Main Roof; Electrical Installation Improvement; Fire Services Installation Improvement; Replacement/Repairing of Fire Rated Doors; Replacement/Repairing of Windows; Main Lobby Redecoration
1400,Fook Kwan Building,福群樓,27-41 Ka Shin Street & 2L-2H Kok Cheung Street & 28-44 Pok Man Street,嘉善街27-41號、角祥街2L-2H號及博文街28-44號,Yau Tsim Mong,2015,233,15,9377150,40245.28,1973,OBB(Cat1),Concrete Repair; External Wall Re-painting/Re-tiling; Internal Wall Re-painting; Replacement of Drainage Pipes; Replacement of Fresh Water Pipes; Replacement of Flushing Water Pipes; Re-roofing for Main Roof; Fire Services Installation Improvement; Replacement/Repairing of Fire Rated Doors
1159,Dun Tak Mansion,登德大廈,33-35 Dundas Street,登打士街33-35號,Yau Tsim Mong,2013,38,9,1658440,43643.16,1963,OBB(Cat1),Concrete Repair; External Wall Re-painting/Re-tiling; Internal Wall Re-painting; Replacement of Drainage Pipes; Re-roofing for Main Roof; Electrical Installation Improvement; Fire Services Installation Improvement; Replacement/Repairing of Fire Rated Doors; Replacement/Repairing of Windows
1396,Kam Do Mansion,金都大廈,64-68 Fa Yuen Street,花園街64-68號,Yau Tsim Mong,2012,34,16,1725640,50754.12,1978,OBB(Cat1),Concrete Repair; External Wall Re-painting/Re-tiling; Internal Wall Re-painting; Replacement of Drainage Pipes; Replacement of Flushing Water Pipes; Replacement/Repairing of Windows; Main Lobby Redecoration
714,Good Luck House,幸運大廈,78-84 Portland Street,砵蘭街78-84號,Yau Tsim Mong,2011,53,8,1760000,33207.55,1967,OBB(Cat1),Concrete Repair; External Wall Re-painting/Re-tiling; Internal Wall Re-painting; Replacement of Drainage Pipes; Replacement of Flushing Water Pipes; Re-roofing for Main Roof; Fire Services Installation Improvement; Replacement/Repairing of Windows
1464,Kam Hing Building,金慶樓,1004-1012 Canton Road,廣東道1004-1012號,Yau Tsim Mong,2012,40,8,1820540,45513.5,1967,OBB(Cat1),Concrete Repair; External Wall Re-painting/Re-tiling; Internal Wall Re-painting; Replacement of Drainage Pipes; Replacement of Fresh Water Pipes; Replacement of Flushing Water Pipes; Re-roofing for Main Roof; Electrical Installation Improvement; Fire Services Installation Improvement; Replacement/Repairing of Fire Rated Doors; Replacement/Repairing of Windows
1427,,,91-95A Fa Yuen Street,花園街91-95A號,Yau Tsim Mong,2012,43,9,1689549,39291.84,1964,OBB(Cat1),Concrete Repair; External Wall Re-painting/Re-tiling; Internal Wall Re-painting; Replacement of Drainage Pipes; Replacement of Flushing Water Pipes; Re-roofing for Main Roof; Replacement/Repairing of Fire Rated Doors; Replacement/Repairing of Windows
1428,Tai Fung House,泰豐大廈,24 Tung Choi Street,通菜街24號,Yau Tsim Mong,2012,75,21,3502500,46700,1975,OBB(Cat1),Concrete Repair; External Wall Re-painting/Re-tiling; Internal Wall Re-painting; Replacement of Drainage Pipes; Replacement of Fresh Water Pipes; Replacement of Flushing Water Pipes; Replacement/Repairing of Fire Rated Doors
879,Moderate Building,務德樓,18-20 Sycamore Street,詩歌舞街18-20號,Yau Tsim Mong,2011,10,5,942026,94202.6,1963,OBB(Cat1),Concrete Repair; External Wall Re-painting/Re-tiling; Internal Wall Re-painting; Replacement of Drainage Pipes; Re-roofing for Main Roof
1330,,,9-23 Hak Po Street,黑布街9-23號,Yau Tsim Mong,2014,96,11,6272330,65336.77,1965,OBB(Cat1),Concrete Repair; External Wall Re-painting/Re-tiling; Internal Wall Re-painting; Replacement of Drainage Pipes; Replacement of Fresh Water Pipes; Replacement of Flushing Water Pipes; Re-roofing for Main Roof; Fire Services Installation Improvement; Replacement/Repairing of Fire Rated Doors; Replacement/Repairing of Windows; Main Lobby Redecoration; Repair Underground Drainage
1580,Fu On Mansion,富安大廈,178-192 Tung Chau Street Tai Kok Tsui,大角咀通州街178-192號,Yau Tsim Mong,2014,88,11,5498000,62477.27,1958,OBB(Cat1),Concrete Repair; External Wall Re-painting/Re-tiling; Internal Wall Re-painting; Replacement of Drainage Pipes; Replacement of Flushing Water Pipes; Re-roofing for Main Roof; Electrical Installation Improvement; Fire Services Installation Improvement; Replacement/Repairing of Fire Rated Doors; Replacement/Repairing of Windows; Repair Underground Drainage
598,Tat Ming Building,達明大廈,20-22 Tung Choi Street,通菜街20-22號,Yau Tsim Mong,2014,49,11,3000000,61224.49,1968,OBB(Cat1),Concrete Repair; External Wall Re-painting/Re-tiling; Internal Wall Re-painting; Replacement of Drainage Pipes; Replacement of Flushing Water Pipes; Re-roofing for Main Roof; Replacement/Repairing of Fire Rated Doors; Replacement/Repairing of Windows
600,,,16 Tung Choi Street,通菜街16號,Yau Tsim Mong,2014,9,9,523281,58142.33,1967,OBB(Cat1),Concrete Repair; External Wall Re-painting/Re-tiling; Internal Wall Re-painting; Replacement of Drainage Pipes; Replacement/Repairing of Windows
602,,,106 Fa Yuen Street,花園街106號,Yau Tsim Mong,2012,6,6,472973.94,78828.99,1957,OBB(Cat1),Concrete Repair; External Wall Re-painting/Re-tiling; Internal Wall Re-painting; Replacement of Drainage Pipes; Replacement of Fresh Water Pipes; Fire Services Installation Improvement; Replacement/Repairing of Windows
1817,Wing Sing Building,永星大樓,1G-1H Wing Sing Lane & 30-34 Temple Street,永星里1G-1H號及廟街30-34號,Yau Tsim Mong,2014,21,7,2298000,109428.57,1959,OBB(Cat1),Concrete Repair; External Wall Re-painting/Re-tiling; Internal Wall Re-painting; Replacement of Drainage Pipes; Replacement of Fresh Water Pipes; Replacement of Flushing Water Pipes; Re-roofing for Main Roof; Fire Services Installation Improvement; Replacement/Repairing of Fire Rated Doors; Main Lobby Redecoration
1723,Shun Lee Building Block A,順利大廈A座,240 Ferry Street,渡船街240號,Yau Tsim Mong,2015,180,29,9488000,52711.11,1979,OBB(Cat1),Concrete Repair; External Wall Re-painting/Re-tiling; Internal Wall Re-painting; Replacement of Drainage Pipes; Replacement of Fresh Water Pipes; Replacement of Flushing Water Pipes; Replacement/Repairing of Fire Rated Doors; Replacement/Repairing of Windows
1831,Lee Fung Building,利豐大廈,88-96 Argyle Street & 104 Hak Po Street & 19 Yim Po Fong Street,亞皆老街88-96號、黑布街104號及染布房街19號,Yau Tsim Mong,2015,96,11,6811436,70952.46,1960,OBB(Cat1),Concrete Repair; External Wall Re-painting/Re-tiling; Internal Wall Re-painting; Replacement of Drainage Pipes; Replacement of Fresh Water Pipes; Replacement of Flushing Water Pipes; Re-roofing for Main Roof; Fire Services Installation Improvement; Replacement/Repairing of Fire Rated Doors; Replacement/Repairing of Windows; Main Lobby Redecoration
1000,,,87-89 Tung Choi Street,通菜街87-89號,Yau Tsim Mong,2013,24,11,1361640,56735,1965,OBB(Cat1),Concrete Repair; External Wall Re-painting/Re-tiling; Internal Wall Re-painting; Replacement of Drainage Pipes; Replacement of Fresh Water Pipes; Replacement of Flushing Water Pipes; Removal of Unauthorized Building Works; Replacement/Repairing of Fire Rated Doors; Replacement/Repairing of Windows
2117,,,22 LOK KWAN STREET,樂群街22號,Yau Tsim Mong,2014,6,6,387647.5,64607.92,1958,OBB(Cat1),Concrete Repair; External Wall Re-painting/Re-tiling; Internal Wall Re-painting; Replacement of Fresh Water Pipes; Re-roofing for Main Roof; Electrical Installation Improvement; Fire Services Installation Improvement
2601,,,119 TUNG CHOI STREET,通菜街119號,Yau Tsim Mong,2015,6,6,1124937,187489.5,1969,OBB(Cat1),Concrete Repair; External Wall Re-painting/Re-tiling; Internal Wall Re-painting; Replacement of Drainage Pipes; Fire Services Installation Improvement; Replacement/Repairing of Windows
2115,,,20 LOK KWAN STREET,樂群街20號,Yau Tsim Mong,2014,6,6,387647.5,64607.92,1958,OBB(Cat1),Concrete Repair; External Wall Re-painting/Re-tiling; Replacement of Drainage Pipes; Replacement of Fresh Water Pipes; Replacement of Flushing Water Pipes; Re-roofing for Main Roof; Electrical Installation Improvement
3123,Yen Yau Mansion,仁友大廈,"2E - 2F BOUNDARY STREET, TAI KOK TSUI, KOWLOON",九龍大角咀界限街2E - 2F號,Yau Tsim Mong,2015,48,16,2081490,43364.38,1990,OBB(Cat1),Concrete Repair; External Wall Re-painting/Re-tiling; Internal Wall Re-painting; Replacement of Drainage Pipes; Replacement of Fresh Water Pipes; Replacement/Repairing of Fire Rated Doors; Replacement/Repairing of Windows
2146,,,459-461 Reclamation Street & 1D Fife Street,新填地街459-461號及快富街1D號,Yau Tsim Mong,2015,31,10,2182400,70400,1964,OBB(Cat1),Concrete Repair; External Wall Re-painting/Re-tiling; Internal Wall Re-painting; Replacement of Drainage Pipes; Re-roofing for Main Roof; Electrical Installation Improvement; Fire Services Installation Improvement; Replacement/Repairing of Fire Rated Doors; Replacement/Repairing of Windows
2098,On Ying Mansion,安英大廈,1136-1142 CANTON ROAD,廣東道1136-1142號,Yau Tsim Mong,2015,40,19,2760000,69000,1993,OBB(Cat1),Concrete Repair; External Wall Re-painting/Re-tiling; Internal Wall Re-painting; Replacement of Drainage Pipes; Replacement of Fresh Water Pipes; Replacement of Flushing Water Pipes; Re-roofing for Main Roof; Electrical Installation Improvement; Replacement/Repairing of Fire Rated Doors; Replacement/Repairing of Windows; Main Lobby Redecoration
3204,Man Lee Mansion,萬利樓,24-26 Boundary Street,界限街 24 - 26 號,Yau Tsim Mong,2016,36,13,2280000,63333.33,1966,OBB(Cat1),Concrete Repair; External Wall Re-painting/Re-tiling; Internal Wall Re-painting; Replacement of Drainage Pipes; Replacement of Fresh Water Pipes; Fire Services Installation Improvement; Replacement/Repairing of Fire Rated Doors; Replacement/Repairing of Windows
3609,King Wong Building,璟璜大廈,104-106 Prince Edward Road West,太子道西 104-106 號,Yau Tsim Mong,2016,62,13,2324000,37483.87,1974,OBB(Cat1),Concrete Repair; External Wall Re-painting/Re-tiling; Internal Wall Re-painting; Replacement of Drainage Pipes; Replacement of Flushing Water Pipes; Replacement/Repairing of Windows
566,,,432-434 Shanghai Street,上海街 432-434,Yau Tsim Mong,2010,18,9,1000000,55555.56,1969,OBB(Cat1),Concrete Repair; External Wall Re-painting/Re-tiling; Internal Wall Re-painting; Replacement of Drainage Pipes; Replacement of Flushing Water Pipes; Re-roofing for Main Roof; Fire Services Installation Improvement; Replacement/Repairing of Fire Rated Doors
613,CHEONG MING BUILDING,昌明大廈,80-86 Argyle Street,亞皆老街 80-86,Yau Tsim Mong,2011,153,24,4835000,31601.31,1977,OBB(Cat1),Concrete Repair; External Wall Re-painting/Re-tiling; Internal Wall Re-painting; Fire Services Installation Improvement; Main Lobby Redecoration
614,,,62-64 Sai Yeung Choi Street South,西洋菜南街 62-64,Yau Tsim Mong,2011,28,9,1036500,37017.86,1962,OBB(Cat1),Concrete Repair; External Wall Re-painting/Re-tiling; Internal Wall Re-painting; Fire Services Installation Improvement
1142,Shanghai Mansion,上海大廈,380-390A Shanghai Street & 29-31 Pitt Street,上海街 380-390A號 & 碧街29-31號,Yau Tsim Mong,2011,107,11,5161415,48237.52,1965,OBB(Cat1),Concrete Repair; External Wall Re-painting/Re-tiling; Internal Wall Re-painting; Replacement of Drainage Pipes; Replacement of Fresh Water Pipes; Replacement of Flushing Water Pipes; Re-roofing for Main Roof; Electrical Installation Improvement; Fire Services Installation Improvement; Replacement/Repairing of Fire Rated Doors; Replacement/Repairing of Windows; Main Lobby Redecoration
980,,,1013-1019 Canton Road,廣東道 1013-1019,Yau Tsim Mong,2011,40,9,2316410,57910.25,1967,OBB(Cat1),Concrete Repair; External Wall Re-painting/Re-tiling; Internal Wall Re-painting; Replacement of Drainage Pipes; Electrical Installation Improvement; Fire Services Installation Improvement; Replacement/Repairing of Fire Rated Doors; Replacement/Repairing of Windows
880,,,49 Tung Choi Street,通菜街 49,Yau Tsim Mong,2010,6,6,926904,154484,1964,OBB(Cat1),Concrete Repair; External Wall Re-painting/Re-tiling; Internal Wall Re-painting; Replacement of Drainage Pipes; Replacement of Flushing Water Pipes; Replacement/Repairing of Windows
899,Wing Fat Court,永發樓,840-844 Canton Road,廣東道 840-844,Yau Tsim Mong,2011,21,6,1290000,61428.57,1972,OBB(Cat1),Concrete Repair; External Wall Re-painting/Re-tiling; Internal Wall Re-painting; Replacement of Drainage Pipes; Replacement of Fresh Water Pipes; Electrical Installation Improvement; Fire Services Installation Improvement; Replacement/Repairing of Fire Rated Doors; Replacement/Repairing of Windows
1829,,,1095-1097 Canton Road,廣東道 1095-1097,Yau Tsim Mong,2011,18,9,1405200,78066.67,1963,OBB(Cat1),Concrete Repair; External Wall Re-painting/Re-tiling; Internal Wall Re-painting; Replacement of Drainage Pipes; Re-roofing for Main Roof; Removal of Unauthorized Building Works
1426,Kin Wong Mansion Stage II,建煌華廈第二期,111-121 Sai Yee Street,洗衣街 111-121,Yau Tsim Mong,2012,110,13,4740000,43090.91,1964,OBB(Cat1),Concrete Repair; External Wall Re-painting/Re-tiling; Internal Wall Re-painting; Replacement of Drainage Pipes; Replacement of Flushing Water Pipes; Fire Services Installation Improvement; Replacement/Repairing of Fire Rated Doors; Replacement/Repairing of Windows
1353,,,Nos. 39-39B Mong Kok Road,旺角道 39-39B,Yau Tsim Mong,2011,18,5,1035094,57505.22,1959,OBB(Cat1),Concrete Repair; External Wall Re-painting/Re-tiling; Internal Wall Re-painting; Replacement of Drainage Pipes; Replacement of Fresh Water Pipes; Re-roofing for Main Roof
1287,Hing Wong Mansion,興旺大廈,67-85 Tai Kok Tsui Road,大角咀道 67-85,Yau Tsim Mong,2012,292,16,6551593,22436.96,1964,OBB(Cat1),Concrete Repair; Internal Wall Re-painting; Replacement of Fresh Water Pipes; Replacement of Flushing Water Pipes; Electrical Installation Improvement; Replacement/Repairing of Fire Rated Doors; Replacement/Repairing of Windows
1477,Tak On Mansion,德安樓,1-11 Pine Street,杉樹街 1-11,Yau Tsim Mong,2012,50,14,2450200,49004,1971,OBB(Cat1),Concrete Repair; External Wall Re-painting/Re-tiling; Internal Wall Re-painting; Replacement of Drainage Pipes; Replacement of Flushing Water Pipes; Removal of Unauthorized Building Works; Fire Services Installation Improvement; Replacement/Repairing of Fire Rated Doors; Lift Renovation
1382,Bedford Mansion,必發大廈,7-19 Bedford Road & 5-5A Fir Street,必發道 7-19號 & 松樹街5-5A號,Yau Tsim Mong,2011,116,10,3604000,31068.97,1964,OBB(Cat1),Concrete Repair; External Wall Re-painting/Re-tiling; Internal Wall Re-painting; Replacement of Drainage Pipes; Replacement of Fresh Water Pipes; Replacement of Flushing Water Pipes; Re-roofing for Main Roof; Fire Services Installation Improvement; Replacement/Repairing of Fire Rated Doors; Replacement/Repairing of Windows
1357,Chung Yew Building,中耀樓,73-99 Kok Cheung Street & 78-90 Wong Tai Street & 48-58 Chung Wui Street,角祥街 73-99 號 & 旺提街78-90號 & 中匯街48-58號,Yau Tsim Mong,2012,405,15,10900719,26915.36,1970,OBB(Cat1),Concrete Repair; External Wall Re-painting/Re-tiling; Internal Wall Re-painting; Replacement of Drainage Pipes; Replacement of Flushing Water Pipes; Electrical Installation Improvement; Fire Services Installation Improvement; Replacement/Repairing of Fire Rated Doors; Replacement/Repairing of Windows
1425,,,91-93 Hak Po Street,黑布街 91-93 號,Yau Tsim Mong,2015,12,6,1284800,107066.67,1956,OBB(Cat1),Concrete Repair; External Wall Re-painting/Re-tiling; Internal Wall Re-painting; Replacement of Drainage Pipes; Fire Services Installation Improvement; Replacement/Repairing of Windows
727,Lee Kwan Building,利群大樓,40-46 Argyle Street & 84-86 Tung Choi Street,亞皆老街 40-46 號 及 通菜街 84-86 號,Yau Tsim Mong,2015,97,15,5416686,55842.12,1961,OBB(Cat1),Concrete Repair; External Wall Re-painting/Re-tiling; Internal Wall Re-painting; Replacement of Drainage Pipes; Replacement of Flushing Water Pipes; Re-roofing for Main Roof; Fire Services Installation Improvement; Replacement/Repairing of Fire Rated Doors; Replacement/Repairing of Windows; Repair Underground Drainage
3152,Cheuk Ming Mansion,卓明大廈,57-75 Tai Ho Road & 2-20 Hau Tei Square,57-75 大河道 & 2-20 鱟地坊,Tsuen Wan,2017,211,15,10301233,48821.01,1967,CAS,Concrete Repair; External Wall Re-painting/Re-tiling; Internal Wall Re-painting; Replacement of Drainage Pipes; Fire Services Installation Improvement; Replacement/Repairing of Fire Rated Doors; Replacement/Repairing of Windows; Main Lobby Redecoration; Repair Underground Drainage
6028,FULL PONT HOUSE,富邦大廈,52-54 FUK TSUN STREET,福全街52-54號,Yau Tsim Mong,2017,29,13,2345666.4,80885.05,1978,CAS,Concrete Repair; External Wall Re-painting/Re-tiling; Internal Wall Re-painting; Replacement of Drainage Pipes; Removal of Unauthorized Building Works; Fire Services Installation Improvement; Replacement/Repairing of Fire Rated Doors; Replacement/Repairing of Windows
5229,Kong Tak Building,廣德大廈,92 Connaught Road West,干諾道西92號,Central & Western,2017,10,9,2689620,268962,1970,CAS,Concrete Repair; External Wall Re-painting/Re-tiling; Internal Wall Re-painting; Replacement of Drainage Pipes; Replacement of Fresh Water Pipes; Replacement of Flushing Water Pipes; Re-roofing for Main Roof; Replacement/Repairing of Windows; Repair Underground Drainage
5230,Kong Tak Building,廣德大廈,93 Connaught Road West,干諾道西93號,Central & Western,2017,10,9,2689620,268962,1970,CAS,Concrete Repair; External Wall Re-painting/Re-tiling; Internal Wall Re-painting; Replacement of Drainage Pipes; Replacement of Fresh Water Pipes; Replacement of Flushing Water Pipes; Re-roofing for Main Roof; Replacement/Repairing of Windows; Repair Underground Drainage
4288,Lee Wai Building,利威大樓,654-658 Nathan Road,彌敦道654-658號,Yau Tsim Mong,2017,46,14,3275900.9,71215.24,1962,CAS,Concrete Repair; External Wall Re-painting/Re-tiling; Internal Wall Re-painting; Replacement of Drainage Pipes; Replacement of Fresh Water Pipes; Replacement of Flushing Water Pipes; Re-roofing for Main Roof; Replacement/Repairing of Fire Rated Doors; Replacement/Repairing of Windows; Repair Underground Drainage
3596,Mainway Court,明威閣,15-33 Kwong Wa Street & 126-128 Soy Street,廣華街15-33號及豉油街126-128號,Yau Tsim Mong,2017,133,23,7767540,58402.56,1981,CAS,Concrete Repair; External Wall Re-painting/Re-tiling; Internal Wall Re-painting; Replacement of Drainage Pipes; Replacement of Fresh Water Pipes; Replacement of Flushing Water Pipes; Re-roofing for Main Roof; Removal of Unauthorized Building Works; Replacement/Repairing of Fire Rated Doors; Replacement/Repairing of Windows; Repair Underground Drainage
3356,Mei Luk Wah Building,美樂華大廈,675 Shanghai Street,上海街 675 號,Yau Tsim Mong,2017,10,10,966500,96650,1966,CAS,Concrete Repair; External Wall Re-painting/Re-tiling; Internal Wall Re-painting; Replacement of Drainage Pipes; Fire Services Installation Improvement
3357,Mei Luk Wah Building,美樂華大廈,675A Shanghai Street,上海街 675A 號,Yau Tsim Mong,2017,10,10,966500,96650,1966,CAS,Concrete Repair; External Wall Re-painting/Re-tiling; Internal Wall Re-painting; Replacement of Drainage Pipes; Fire Services Installation Improvement
3358,Mei Luk Wah Building,美樂華大廈,677 Shanghai Street,上海街 677 號,Yau Tsim Mong,2017,10,10,966500,96650,1966,CAS,Concrete Repair; External Wall Re-painting/Re-tiling; Internal Wall Re-painting; Replacement of Drainage Pipes; Fire Services Installation Improvement
4250,,,Nos. 10 and 12 Baker Street Kowloon,九龍紅磡必嘉街10及12號,Kowloon City,2017,18,9,1477810,82100.56,1970,CAS,Concrete Repair; External Wall Re-painting/Re-tiling; Internal Wall Re-painting; Replacement of Drainage Pipes; Re-roofing for Main Roof; Fire Services Installation Improvement; Replacement/Repairing of Fire Rated Doors; Replacement/Repairing of Windows
3227,Ngai Hing Mansion,藝興大廈,"74-76 Hak Po Street, 2-24 Pak Po Street & 5 Yim Po Fong Street",黑布街74-76號 ，白布街2-24號及染布房街5號,Yau Tsim Mong,2018,294,18,17768324,60436.48,1964,CAS,Concrete Repair; External Wall Re-painting/Re-tiling; Internal Wall Re-painting; Replacement of Drainage Pipes; Replacement of Fresh Water Pipes; Replacement of Flushing Water Pipes; Re-roofing for Main Roof; Removal of Unauthorized Building Works; Fire Services Installation Improvement; Replacement/Repairing of Fire Rated Doors; Replacement/Repairing of Windows; Repair Underground Drainage
5146,On Lok House,安樂樓,120-120B  HOI PA STREET & 31-33 CHUEN LUNG STREET,120-120B 海壩街 & 31-33 川龍街,Tsuen Wan,2017,19,6,1781072,93740.63,1970,CAS,Concrete Repair; External Wall Re-painting/Re-tiling; Internal Wall Re-painting; Replacement of Drainage Pipes; Fire Services Installation Improvement; Replacement/Repairing of Fire Rated Doors; Replacement/Repairing of Windows; Repair Underground Drainage
6036,On Tai Mansion,安泰大廈,63-73 WINSLOW STREET & 7 GILLIES AVENUE,63-73 溫思勞街,Kowloon City,2017,62,15,3904082,62969.06,1986,CAS,Concrete Repair; External Wall Re-painting/Re-tiling; Internal Wall Re-painting; Replacement of Drainage Pipes; Replacement/Repairing of Fire Rated Doors; Replacement/Repairing of Windows; Repair Underground Drainage
3333,PAI TAI BUILDING,,28 & 28A PAK TAI STREET,28 & 28A 北帝街,Kowloon City,2017,32,11,834500,26078.13,1959,CAS,Concrete Repair; External Wall Re-painting/Re-tiling; Internal Wall Re-painting; Replacement of Drainage Pipes; Removal of Unauthorized Building Works; Replacement/Repairing of Fire Rated Doors; Replacement/Repairing of Windows
6199,Parkland House,栢齡大廈,57-59 Waterloo Road & 1 Yim Po Fong Street,窩打老道57-59號及染衣房街1號,Yau Tsim Mong,2018,40,20,3042000,76050,1976,CAS,Concrete Repair; External Wall Re-painting/Re-tiling; Internal Wall Re-painting; Replacement of Drainage Pipes; Re-roofing for Main Roof; Fire Services Installation Improvement; Replacement/Repairing of Fire Rated Doors; Replacement/Repairing of Windows; Repair Underground Drainage
3490,Po Wing Building,寶榮大廈,235-249 YEE KUK STREET,九龍深水埗醫局街235-249號,Sham Shui Po,2017,142,12,7063700,49744.37,1982,CAS,Concrete Repair; External Wall Re-painting/Re-tiling; Internal Wall Re-painting; Replacement of Drainage Pipes; Replacement/Repairing of Fire Rated Doors; Replacement/Repairing of Windows
3634,Sue Yue Building,新裕大廈,5-9 Kowloon City Road,九龍城道 5-9 號,Kowloon City,2017,36,9,1940000,53888.89,1964,CAS,Concrete Repair; External Wall Re-painting/Re-tiling
3187,Tai Yun Mansion,大仁樓,16-18 HOI PA STREET,海壩街16-18 號,Tsuen Wan,2017,17,6,990000,58235.29,1970,CAS,Concrete Repair; External Wall Re-painting/Re-tiling; Internal Wall Re-painting; Replacement of Drainage Pipes; Replacement of Flushing Water Pipes; Fire Services Installation Improvement; Replacement/Repairing of Windows
2152,Tak Fu Building,德富大廈,211 Yee Kuk Street,醫局街211 號,Sham Shui Po,2017,28,15,3288518,117447.07,1987,CAS,Concrete Repair; External Wall Re-painting/Re-tiling; Internal Wall Re-painting; Replacement of Drainage Pipes; Replacement of Fresh Water Pipes; Replacement of Flushing Water Pipes; Re-roofing for Main Roof; Fire Services Installation Improvement; Replacement/Repairing of Fire Rated Doors; Replacement/Repairing of Windows; Main Lobby Redecoration; Repair Underground Drainage
3253,Tak Yan Mansion Stage 3,德仁樓第三期,11-15 Tso Kung Square,曹公坊11-15號,Tsuen Wan,2017,18,6,1380000,76666.67,1969,CAS,Concrete Repair; External Wall Re-painting/Re-tiling; Internal Wall Re-painting; Replacement of Drainage Pipes; Re-roofing for Main Roof; Fire Services Installation Improvement; Replacement/Repairing of Windows
4645,The First Building,第一樓,47-53 First Street,第一街47-53號,Central & Western,2017,26,6,2682826,103185.62,1964,CAS,Concrete Repair; External Wall Re-painting/Re-tiling; Internal Wall Re-painting; Replacement of Drainage Pipes; Re-roofing for Main Roof; Fire Services Installation Improvement; Replacement/Repairing of Fire Rated Doors; Replacement/Repairing of Windows
3328,Wah Po House,華寶樓,5-7 Fuk Wa Street Sham Shui Po,深水埗福華街5-7 號,Sham Shui Po,2017,48,13,2806910,58477.29,1968,CAS,Concrete Repair; External Wall Re-painting/Re-tiling; Internal Wall Re-painting; Replacement of Drainage Pipes; Replacement of Fresh Water Pipes; Replacement of Flushing Water Pipes; Re-roofing for Main Roof; Electrical Installation Improvement; Fire Services Installation Improvement; Replacement/Repairing of Fire Rated Doors; Replacement/Repairing of Windows; Main Lobby Redecoration; Repair Underground Drainage
4332,Wai Kee House,偉基樓,64-70 Argyle Street & 89-91 Sai Yee Street,亞皆老街64-70號及洗衣街89-91號,Yau Tsim Mong,2017,103,17,5383800,52269.9,1965,CAS,Concrete Repair; External Wall Re-painting/Re-tiling; Internal Wall Re-painting; Replacement of Drainage Pipes; Replacement of Fresh Water Pipes; Replacement of Flushing Water Pipes; Re-roofing for Main Roof; Fire Services Installation Improvement; Replacement/Repairing of Windows; Repair Underground Drainage
3194,Wang On Building,宏安大廈,73-81 Argyle Street & 93 Tung Choi Street,亞皆老街73-81號及通菜街93號,Yau Tsim Mong,2017,85,18,4480830,52715.65,1966,CAS,Concrete Repair; External Wall Re-painting/Re-tiling; Internal Wall Re-painting; Replacement of Drainage Pipes; Re-roofing for Main Roof; Fire Services Installation Improvement; Replacement/Repairing of Fire Rated Doors; Replacement/Repairing of Windows
3587,Wing Lee Building,永利大廈,18-24 Kwai Heung Street,桂香街18至24號,Central & Western,2017,83,20,2330000,28072.29,1977,CAS,Concrete Repair; External Wall Re-painting/Re-tiling; Internal Wall Re-painting; Replacement of Drainage Pipes; Re-roofing for Main Roof; Main Lobby Redecoration
5217,WINKI HOUSE,榮基樓,123-125 LAI CHI KOK ROAD & 209 TONG MI ROAD,荔枝角道123-125號塘尾道209號,Yau Tsim Mong,2017,59,16,3497152,59273.76,1965,CAS,Concrete Repair; Internal Wall Re-painting; Replacement of Drainage Pipes; Fire Services Installation Improvement
6155,Yan Oi House,仁愛樓,237 SHA TSUI ROAD,237 沙咀道,Tsuen Wan,2018,16,6,1955580,122223.75,1967,CAS,Concrete Repair; External Wall Re-painting/Re-tiling; Internal Wall Re-painting; Replacement of Drainage Pipes; Replacement of Fresh Water Pipes; Re-roofing for Main Roof; Fire Services Installation Improvement; Replacement/Repairing of Fire Rated Doors; Replacement/Repairing of Windows
4192,,,1 Temple Street,廟街1號,Yau Tsim Mong,2017,10,6,1124000,112400,1963,CAS,Concrete Repair; External Wall Re-painting/Re-tiling; Internal Wall Re-painting; Replacement of Drainage Pipes; Replacement of Fresh Water Pipes; Fire Services Installation Improvement; Replacement/Repairing of Fire Rated Doors; Replacement/Repairing of Windows
3653,,,11 King Sing Street,景星街11 號,Wan Chai,2017,6,6,1242920,207153.33,1966,CAS,Concrete Repair; External Wall Re-painting/Re-tiling; Internal Wall Re-painting; Fire Services Installation Improvement; Replacement/Repairing of Fire Rated Doors; Replacement/Repairing of Windows
3360,,,12-16 UN CHAU STREET,元州街12-16號,Sham Shui Po,2017,32,9,3882250,121320.31,1964,CAS,Concrete Repair; External Wall Re-painting/Re-tiling; Internal Wall Re-painting; Replacement of Drainage Pipes; Replacement of Fresh Water Pipes; Replacement of Flushing Water Pipes; Re-roofing for Main Roof; Removal of Unauthorized Building Works; Electrical Installation Improvement; Fire Services Installation Improvement; Replacement/Repairing of Fire Rated Doors; Replacement/Repairing of Windows
6086,,,171-173 Queen's Road West,皇后大道西171及173號,Central & Western,2017,12,5,828490,69040.83,1977,CAS,Concrete Repair; External Wall Re-painting/Re-tiling; Internal Wall Re-painting; Replacement of Drainage Pipes; Replacement/Repairing of Windows
3667,,,21-27 Shantung Street & 1 Thistle Street,山東街21-27號及地士道街1號,Yau Tsim Mong,2017,49,9,1096900,22385.71,1963,CAS,Concrete Repair; External Wall Re-painting/Re-tiling; Internal Wall Re-painting; Replacement of Drainage Pipes; Replacement/Repairing of Fire Rated Doors
5198,,,30 NAM CHEONG STREET,南昌街30號,Sham Shui Po,2017,6,6,905000,150833.33,1959,CAS,Concrete Repair; External Wall Re-painting/Re-tiling; Internal Wall Re-painting; Replacement of Drainage Pipes; Re-roofing for Main Roof; Fire Services Installation Improvement
6023,,,33 Fa Yuen Street,花園街33號,Yau Tsim Mong,2017,9,9,1075300,119477.78,1960,CAS,Concrete Repair; External Wall Re-painting/Re-tiling; Internal Wall Re-painting; Re-roofing for Main Roof; Fire Services Installation Improvement; Replacement/Repairing of Fire Rated Doors; Replacement/Repairing of Windows; Repair Underground Drainage
6024,,,35 Fa Yuen Street,花園街35號,Yau Tsim Mong,2017,9,9,1074700,119411.11,1960,CAS,Concrete Repair; External Wall Re-painting/Re-tiling; Internal Wall Re-painting; Re-roofing for Main Roof; Fire Services Installation Improvement; Replacement/Repairing of Fire Rated Doors; Replacement/Repairing of Windows; Repair Underground Drainage
3455,,,456 CASTLE PEAK ROAD,456 青山道,Sham Shui Po,2017,8,8,731700,91462.5,1959,CAS,Concrete Repair; External Wall Re-painting/Re-tiling; Internal Wall Re-painting; Replacement of Drainage Pipes; Replacement of Fresh Water Pipes; Replacement of Flushing Water Pipes; Re-roofing for Main Roof; Replacement/Repairing of Windows
3456,,,458 CASTLE PEAK ROAD,458 青山道,Sham Shui Po,2017,8,8,731700,91462.5,1959,CAS,Concrete Repair; External Wall Re-painting/Re-tiling; Internal Wall Re-painting; Replacement of Drainage Pipes; Replacement of Fresh Water Pipes; Replacement of Flushing Water Pipes; Re-roofing for Main Roof; Replacement/Repairing of Windows
4091,,,64 HONG NING ROAD,64 康寧道,Kwun Tong,2017,6,6,1370000,228333.33,1965,CAS,Concrete Repair; External Wall Re-painting/Re-tiling; Internal Wall Re-painting; Replacement of Drainage Pipes; Re-roofing for Main Roof; Fire Services Installation Improvement; Replacement/Repairing of Fire Rated Doors; Replacement/Repairing of Windows
2113,,,90-92 APLIU STREET,90-92 鴨寮街,Sham Shui Po,2017,26,9,1774200,68238.46,1970,CAS,Concrete Repair; External Wall Re-painting/Re-tiling; Internal Wall Re-painting; Replacement of Drainage Pipes; Replacement of Fresh Water Pipes; Fire Services Installation Improvement; Replacement/Repairing of Fire Rated Doors; Replacement/Repairing of Windows
3164,,,No. 238 Lai Chi Kok Road & No. 1F Shek Kip Mei Street,荔枝道238號及石硤尾街1F號,Sham Shui Po,2018,6,6,1310885,218480.83,1963,CAS,Concrete Repair; External Wall Re-painting/Re-tiling; Internal Wall Re-painting; Fire Services Installation Improvement
6099,Tai Chow House,太就樓,121 Quarry Bay Street,121 鰂魚涌街,Eastern,2019,160,10,4940000,30875,1960,CAS,Concrete Repair; External Wall Re-painting/Re-tiling; Internal Wall Re-painting; Replacement of Drainage Pipes; Replacement/Repairing of Fire Rated Doors; Replacement/Repairing of Windows; Repair Underground Drainage
6238,Furama Building,富臨門大廈,15 Castle Peak Road,15 青山道,Sham Shui Po,2019,81,12,3199800,39504,1981,CAS,Concrete Repair; Replacement of Drainage Pipes; Re-roofing for Main Roof; Replacement/Repairing of Fire Rated Doors; Replacement/Repairing of Windows; Repair Underground Drainage
7382,May Moon Building,美滿樓,50-66 Hop Yick Road,50-66 合益路,Yuen Long,2019,61,6,4430000,72623,1977,CAS,Concrete Repair; Replacement/Repairing of Fire Rated Doors; Replacement/Repairing of Windows
6207,Kar Fu Building,嘉富大廈,196-202 Java Road,196-202 渣華道,Eastern,2019,98,24,6632460,67678,1984,CAS,External Wall Re-painting/Re-tiling; Replacement of Flushing Water Pipes; Replacement/Repairing of Fire Rated Doors
6476,Yau Yu House,有餘樓,21-23 Pok Fu Lam Road,薄扶林道21-23號,Central & Western,2019,12,6,888000,74000,1977,CAS,External Wall Re-painting/Re-tiling; Internal Wall Re-painting; Replacement of Flushing Water Pipes; Repair Underground Drainage
6513,Golden Court,金滿閣,50 Yan Oi Tong Circuit,仁愛堂街50號,Tuen Mun,2020,79,12,4380050,55444,1978,CAS,Concrete Repair; External Wall Re-painting/Re-tiling; Internal Wall Re-painting; Replacement of Drainage Pipes; Replacement of Fresh Water Pipes; Re-roofing for Main Roof; Removal of Unauthorized Building Works; Replacement/Repairing of Fire Rated Doors; Replacement/Repairing of Windows
6550,Ping On Building,平安樓,24 Ting Yip Street,定業街 24 號,Kwun Tong,2020,6,6,445300,74217,1978,CAS,Concrete Repair; External Wall Re-painting/Re-tiling; Internal Wall Re-painting; Replacement of Drainage Pipes; Re-roofing for Main Roof
7169,Man Yip Building,文業樓,20-22 Kik Yeung Road,20-22 擊壤路,Yuen Long,2019,49,6,3820000,77959,1972,CAS,External Wall Re-painting/Re-tiling; Internal Wall Re-painting; Re-roofing for Main Roof; Replacement/Repairing of Fire Rated Doors; Replacement/Repairing of Windows; Main Lobby Redecoration
6645,2 San Lau Street,,NO.2 San Lau Street Kowloon,九龍新柳街2號,Kowloon City,2019,6,6,1627850,271308,1961,CAS,Concrete Repair; External Wall Re-painting/Re-tiling; Internal Wall Re-painting; Replacement of Drainage Pipes; Replacement/Repairing of Fire Rated Doors; Replacement/Repairing of Windows
7170,Man Wing Building,萬榮大廈,503-507 Nathan Road,503-507 彌敦道,Yau Tsim Mong,2020,70,15,7000000,100000,1970,CAS,External Wall Re-painting/Re-tiling; Internal Wall Re-painting; Replacement of Drainage Pipes; Replacement of Fresh Water Pipes; Re-roofing for Main Roof; Removal of Unauthorized Building Works; Fire Services Installation Improvement; Replacement/Repairing of Fire Rated Doors; Replacement/Repairing of Windows; Repair Underground Drainage
7109,Yeung On Building,陽安大廈,50-54 Shau Kei Wan Road,50-54 筲箕灣道,Eastern,2020,67,23,4100200,61197,1981,CAS,Internal Wall Re-painting; Replacement of Drainage Pipes; Replacement/Repairing of Fire Rated Doors; Replacement/Repairing of Windows
6993,Tai On Building,大安樓,194-202 Tung Choi Street,通菜街194-202號,Yau Tsim Mong,2019,63,10,7400911,117475,1964,CAS,Concrete Repair; External Wall Re-painting/Re-tiling; Internal Wall Re-painting; Replacement of Drainage Pipes; Pipes; Re-roofing for Main Roof; Removal of Unauthorized Building Works; Replacement/Repairing of Fire Rated Doors; Replacement/Repairing of Windows; Main Lobby Redecoration
7304,Wing Fai Building,永輝大廈,189-195 Tung Choi Street,通菜街189-195號,Yau Tsim Mong,2020,37,19,2592000,70054,1972,CAS,External Wall Re-painting/Re-tiling; Replacement/Repairing of Fire Rated Doors; Replacement/Repairing of Windows
7613,,,157-163 Kau Pui Lung Road,靠背壟道 157-163 號,Kowloon City,2020,24,6,2955200,123133,1964,CAS,External Wall Re-painting/Re-tiling; Replacement of Drainage Pipes; Re-roofing for Main Roof; Replacement/Repairing of Windows; Repair Underground Drainage
