id,name_en,name_zh,category,group_code,status,source_url,first_seen,last_updated
1,Able Building Construction Limited,安保營造有限公司,Buildings,C,active,https://www.devb.gov.hk/filemanager/externaldb/list_contractor_80.js,2026-08-20T01:23:05,2026-08-20T01:25:25
2,Able Engineering Company Limited,安保工程有限公司,Buildings,C,suspended,https://www.devb.gov.hk/filemanager/externaldb/list_contractor_80.js,2026-08-20T01:23:05,2026-08-20T01:25:25
3,Adrian Construction Limited,毅源建築有限公司,Site Formation,B,active,https://www.devb.gov.hk/filemanager/externaldb/list_contractor_80.js,2026-08-20T01:23:05,2026-08-20T01:25:25
4,Aggressive Construction Company Limited,精進建築有限公司,Buildings,C,suspended,https://www.devb.gov.hk/filemanager/externaldb/list_contractor_80.js,2026-08-20T01:23:05,2026-08-20T01:25:25
5,Aggressive Construction Company Limited,精進建築有限公司,Roads & Drainage,B,suspended,https://www.devb.gov.hk/filemanager/externaldb/list_contractor_80.js,2026-08-20T01:23:05,2026-08-20T01:25:25
6,Alchmex International Construction Limited,愛銘建築 (國際) 有限公司,Roads & Drainage,C,active,https://www.devb.gov.hk/filemanager/externaldb/list_contractor_80.js,2026-08-20T01:23:05,2026-08-20T01:25:25
7,Alchmex International Construction Limited,愛銘建築 (國際) 有限公司,Site Formation,C,active,https://www.devb.gov.hk/filemanager/externaldb/list_contractor_80.js,2026-08-20T01:23:05,2026-08-20T01:25:25
8,Allied Success Construction Limited,聯城建築有限公司,Buildings,C,active,https://www.devb.gov.hk/filemanager/externaldb/list_contractor_80.js,2026-08-20T01:23:05,2026-08-20T01:25:25
9,Allied Way Construction Engineering Limited,匯通建築工程有限公司,Roads & Drainage,B,active,https://www.devb.gov.hk/filemanager/externaldb/list_contractor_80.js,2026-08-20T01:23:05,2026-08-20T01:25:25
10,Allied Way Construction Engineering Limited,匯通建築工程有限公司,Site Formation,B,active,https://www.devb.gov.hk/filemanager/externaldb/list_contractor_80.js,2026-08-20T01:23:05,2026-08-20T01:25:25
11,An Hsin Construction Company Limited,安迅建築有限公司,Buildings,A,active,https://www.devb.gov.hk/filemanager/externaldb/list_contractor_80.js,2026-08-20T01:23:05,2026-08-20T01:25:25
12,Arbat Contractors Limited,歐寶建設有限公司,Roads & Drainage,B,active,https://www.devb.gov.hk/filemanager/externaldb/list_contractor_80.js,2026-08-20T01:23:05,2026-08-20T01:25:25
13,Arbat Contractors Limited,歐寶建設有限公司,Site Formation,B,active,https://www.devb.gov.hk/filemanager/externaldb/list_contractor_80.js,2026-08-20T01:23:05,2026-08-20T01:25:25
14,Asian (Ah Chi) Engineering and Construction Works Limited,Asian (Ah Chi) Engineering and Construction Works Limited,Buildings,A,active,https://www.devb.gov.hk/filemanager/externaldb/list_contractor_80.js,2026-08-20T01:23:05,2026-08-20T01:25:25
15,Asphalt Surfaces (International) Limited,Asphalt Surfaces (International) Limited,Buildings,A,active,https://www.devb.gov.hk/filemanager/externaldb/list_contractor_80.js,2026-08-20T01:23:05,2026-08-20T01:25:25
16,Asphalt Surfaces (International) Limited,Asphalt Surfaces (International) Limited,Roads & Drainage,B,active,https://www.devb.gov.hk/filemanager/externaldb/list_contractor_80.js,2026-08-20T01:23:05,2026-08-20T01:25:25
17,B.L. Wong & Company Limited,寶旺有限公司,Buildings,C,active,https://www.devb.gov.hk/filemanager/externaldb/list_contractor_80.js,2026-08-20T01:23:05,2026-08-20T01:25:25
18,Bachy Soletanche Group Limited,法國地基建築有限公司,Port Works,B,active,https://www.devb.gov.hk/filemanager/externaldb/list_contractor_80.js,2026-08-20T01:23:05,2026-08-20T01:25:25
19,Best Build Construction Company Limited,建信建築有限公司,Roads & Drainage,B,active,https://www.devb.gov.hk/filemanager/externaldb/list_contractor_80.js,2026-08-20T01:23:05,2026-08-20T01:25:25
20,Bestkind International Engineering Limited,百佳國際工程有限公司,Roads & Drainage,B,active,https://www.devb.gov.hk/filemanager/externaldb/list_contractor_80.js,2026-08-20T01:23:05,2026-08-20T01:25:25
21,Bestrich Engineering Limited,寶倡工程有限公司,Buildings,A,active,https://www.devb.gov.hk/filemanager/externaldb/list_contractor_80.js,2026-08-20T01:23:05,2026-08-20T01:25:25
22,Bloom Team Building Construction Company Limited,佳誠建築工程有限公司,Buildings,B,active,https://www.devb.gov.hk/filemanager/externaldb/list_contractor_80.js,2026-08-20T01:23:05,2026-08-20T01:25:25
23,Bloom Team Building Construction Company Limited,佳誠建築工程有限公司,Roads & Drainage,B,active,https://www.devb.gov.hk/filemanager/externaldb/list_contractor_80.js,2026-08-20T01:23:05,2026-08-20T01:25:25
24,Bordon Construction Company Limited,寶登建築有限公司,Buildings,C,active,https://www.devb.gov.hk/filemanager/externaldb/list_contractor_80.js,2026-08-20T01:23:05,2026-08-20T01:25:25
25,Bordon Construction Company Limited,寶登建築有限公司,Roads & Drainage,A,active,https://www.devb.gov.hk/filemanager/externaldb/list_contractor_80.js,2026-08-20T01:23:05,2026-08-20T01:25:25
26,Boskalis International B.V.,栢斯加利士國際公司,Port Works,C,active,https://www.devb.gov.hk/filemanager/externaldb/list_contractor_80.js,2026-08-20T01:23:05,2026-08-20T01:25:25
27,Bouygues Travaux Publics,Bouygues Travaux Publics,Port Works,C,active,https://www.devb.gov.hk/filemanager/externaldb/list_contractor_80.js,2026-08-20T01:23:05,2026-08-20T01:25:25
28,Bouygues Travaux Publics,Bouygues Travaux Publics,Roads & Drainage,C,active,https://www.devb.gov.hk/filemanager/externaldb/list_contractor_80.js,2026-08-20T01:23:05,2026-08-20T01:25:25
29,Bouygues Travaux Publics,Bouygues Travaux Publics,Site Formation,C,active,https://www.devb.gov.hk/filemanager/externaldb/list_contractor_80.js,2026-08-20T01:23:05,2026-08-20T01:25:25
30,BS Engineering & Consultancy Company Limited,威盛工程及顧問有限公司,Buildings,A,active,https://www.devb.gov.hk/filemanager/externaldb/list_contractor_80.js,2026-08-20T01:23:05,2026-08-20T01:25:25
31,Build King (Zens) Engineering Limited,利基 (單氏) 工程有限公司,Port Works,C,active,https://www.devb.gov.hk/filemanager/externaldb/list_contractor_80.js,2026-08-20T01:23:05,2026-08-20T01:25:25
32,Build King (Zens) Engineering Limited,利基 (單氏) 工程有限公司,Roads & Drainage,B,active,https://www.devb.gov.hk/filemanager/externaldb/list_contractor_80.js,2026-08-20T01:23:05,2026-08-20T01:25:25
33,Build King (Zens) Engineering Limited,利基 (單氏) 工程有限公司,Site Formation,C,active,https://www.devb.gov.hk/filemanager/externaldb/list_contractor_80.js,2026-08-20T01:23:05,2026-08-20T01:25:25
34,Build King Civil Engineering Limited,利基土木工程有限公司,Buildings,A,active,https://www.devb.gov.hk/filemanager/externaldb/list_contractor_80.js,2026-08-20T01:23:05,2026-08-20T01:25:25
35,Build King Civil Engineering Limited,利基土木工程有限公司,Roads & Drainage,C,active,https://www.devb.gov.hk/filemanager/externaldb/list_contractor_80.js,2026-08-20T01:23:05,2026-08-20T01:25:25
36,Build King Civil Engineering Limited,利基土木工程有限公司,Site Formation,B,active,https://www.devb.gov.hk/filemanager/externaldb/list_contractor_80.js,2026-08-20T01:23:05,2026-08-20T01:25:25
37,Build King Construction Limited,Build King Construction Limited,Buildings,C,active,https://www.devb.gov.hk/filemanager/externaldb/list_contractor_80.js,2026-08-20T01:23:05,2026-08-20T01:25:25
38,Build King Construction Limited,Build King Construction Limited,Port Works,C,active,https://www.devb.gov.hk/filemanager/externaldb/list_contractor_80.js,2026-08-20T01:23:05,2026-08-20T01:25:25
39,Build King Construction Limited,Build King Construction Limited,Roads & Drainage,C,active,https://www.devb.gov.hk/filemanager/externaldb/list_contractor_80.js,2026-08-20T01:23:05,2026-08-20T01:25:25
40,Build King Construction Limited,Build King Construction Limited,Site Formation,C,active,https://www.devb.gov.hk/filemanager/externaldb/list_contractor_80.js,2026-08-20T01:23:05,2026-08-20T01:25:25
41,Build King Construction Limited,Build King Construction Limited,Waterworks,C,active,https://www.devb.gov.hk/filemanager/externaldb/list_contractor_80.js,2026-08-20T01:23:05,2026-08-20T01:25:25
42,Chan Shum Kee Sam Lee Construction Company Limited,陳森記森利建築有限公司,Buildings,B,active,https://www.devb.gov.hk/filemanager/externaldb/list_contractor_80.js,2026-08-20T01:23:05,2026-08-20T01:25:25
43,Chatwin Engineering Limited,正宏工程有限公司,Buildings,C,active,https://www.devb.gov.hk/filemanager/externaldb/list_contractor_80.js,2026-08-20T01:23:05,2026-08-20T01:25:25
44,Chau Mou Engineering & Company,秋茂工程公司,Waterworks,A,active,https://www.devb.gov.hk/filemanager/externaldb/list_contractor_80.js,2026-08-20T01:23:05,2026-08-20T01:25:25
45,Chee Cheung Hing & Company Limited,朱祥興有限公司,Buildings,C,active,https://www.devb.gov.hk/filemanager/externaldb/list_contractor_80.js,2026-08-20T01:23:05,2026-08-20T01:25:25
46,Cheerful Technology Limited,時富科技有限公司,Waterworks,A,active,https://www.devb.gov.hk/filemanager/externaldb/list_contractor_80.js,2026-08-20T01:23:05,2026-08-20T01:25:25
47,Cheung Hing Construction Company Limited,祥興建造有限公司,Buildings,C,suspended,https://www.devb.gov.hk/filemanager/externaldb/list_contractor_80.js,2026-08-20T01:23:05,2026-08-20T01:25:25
48,Chevalier (Civil Engineering) Limited,其士 (土木工程) 有限公司,Port Works,C,active,https://www.devb.gov.hk/filemanager/externaldb/list_contractor_80.js,2026-08-20T01:23:05,2026-08-20T01:25:25
49,Chevalier (Construction) Company Limited,其士 (建築) 有限公司,Buildings,C,suspended,https://www.devb.gov.hk/filemanager/externaldb/list_contractor_80.js,2026-08-20T01:23:05,2026-08-20T01:25:25
50,Chi Shing Building and Construction Limited,志成建築營造有限公司,Buildings,B,active,https://www.devb.gov.hk/filemanager/externaldb/list_contractor_80.js,2026-08-20T01:23:05,2026-08-20T01:25:25
51,Chi Sum Engineering Limited,志森營造有限公司,Buildings,B,active,https://www.devb.gov.hk/filemanager/externaldb/list_contractor_80.js,2026-08-20T01:23:05,2026-08-20T01:25:25
52,China Civil Engineering Construction Corporation,中國土木工程集團有限公司,Buildings,C,active,https://www.devb.gov.hk/filemanager/externaldb/list_contractor_80.js,2026-08-20T01:23:05,2026-08-20T01:25:25
53,China Civil Engineering Construction Corporation,中國土木工程集團有限公司,Port Works,C,active,https://www.devb.gov.hk/filemanager/externaldb/list_contractor_80.js,2026-08-20T01:23:05,2026-08-20T01:25:25
54,China Civil Engineering Construction Corporation,中國土木工程集團有限公司,Roads & Drainage,C,active,https://www.devb.gov.hk/filemanager/externaldb/list_contractor_80.js,2026-08-20T01:23:05,2026-08-20T01:25:25
55,China Civil Engineering Construction Corporation,中國土木工程集團有限公司,Site Formation,C,active,https://www.devb.gov.hk/filemanager/externaldb/list_contractor_80.js,2026-08-20T01:23:05,2026-08-20T01:25:25
56,China Civil Engineering Construction Corporation,中國土木工程集團有限公司,Waterworks,C,active,https://www.devb.gov.hk/filemanager/externaldb/list_contractor_80.js,2026-08-20T01:23:05,2026-08-20T01:25:25
57,China Geo-Engineering Corporation,中國地質工程集團有限公司,Roads & Drainage,C,active,https://www.devb.gov.hk/filemanager/externaldb/list_contractor_80.js,2026-08-20T01:23:05,2026-08-20T01:25:25
58,China Geo-Engineering Corporation,中國地質工程集團有限公司,Site Formation,C,active,https://www.devb.gov.hk/filemanager/externaldb/list_contractor_80.js,2026-08-20T01:23:05,2026-08-20T01:25:25
59,China Geo-Engineering Corporation,中國地質工程集團有限公司,Waterworks,C,active,https://www.devb.gov.hk/filemanager/externaldb/list_contractor_80.js,2026-08-20T01:23:05,2026-08-20T01:25:25
60,China Geology (Hong Kong) Industry Limited,中地(香港)實業有限公司,Roads & Drainage,B,active,https://www.devb.gov.hk/filemanager/externaldb/list_contractor_80.js,2026-08-20T01:23:05,2026-08-20T01:25:25
61,China Harbour Engineering Company Limited,中國港灣工程有限責任公司,Buildings,C,active,https://www.devb.gov.hk/filemanager/externaldb/list_contractor_80.js,2026-08-20T01:23:05,2026-08-20T01:25:25
62,China Harbour Engineering Company Limited,中國港灣工程有限責任公司,Port Works,C,active,https://www.devb.gov.hk/filemanager/externaldb/list_contractor_80.js,2026-08-20T01:23:05,2026-08-20T01:25:25
63,China Harbour Engineering Company Limited,中國港灣工程有限責任公司,Roads & Drainage,C,active,https://www.devb.gov.hk/filemanager/externaldb/list_contractor_80.js,2026-08-20T01:23:05,2026-08-20T01:25:25
64,China Harbour Engineering Company Limited,中國港灣工程有限責任公司,Site Formation,C,active,https://www.devb.gov.hk/filemanager/externaldb/list_contractor_80.js,2026-08-20T01:23:05,2026-08-20T01:25:25
65,China Harbour Engineering Company Limited,中國港灣工程有限責任公司,Waterworks,C,active,https://www.devb.gov.hk/filemanager/externaldb/list_contractor_80.js,2026-08-20T01:23:05,2026-08-20T01:25:25
66,China International Water & Electric Corporation,中國水利電力對外有限公司,Buildings,C,active,https://www.devb.gov.hk/filemanager/externaldb/list_contractor_80.js,2026-08-20T01:23:05,2026-08-20T01:25:25
67,China International Water & Electric Corporation,中國水利電力對外有限公司,Port Works,C,active,https://www.devb.gov.hk/filemanager/externaldb/list_contractor_80.js,2026-08-20T01:23:05,2026-08-20T01:25:25
68,China International Water & Electric Corporation,中國水利電力對外有限公司,Roads & Drainage,C,active,https://www.devb.gov.hk/filemanager/externaldb/list_contractor_80.js,2026-08-20T01:23:05,2026-08-20T01:25:25
69,China International Water & Electric Corporation,中國水利電力對外有限公司,Site Formation,C,active,https://www.devb.gov.hk/filemanager/externaldb/list_contractor_80.js,2026-08-20T01:23:05,2026-08-20T01:25:25
70,China International Water & Electric Corporation,中國水利電力對外有限公司,Waterworks,C,active,https://www.devb.gov.hk/filemanager/externaldb/list_contractor_80.js,2026-08-20T01:23:05,2026-08-20T01:25:25
71,China Metallurgical Group Corporation,中國冶金科工集團有限公司,Buildings,C,active,https://www.devb.gov.hk/filemanager/externaldb/list_contractor_80.js,2026-08-20T01:23:05,2026-08-20T01:25:25
72,China Metallurgical Group Corporation,中國冶金科工集團有限公司,Roads & Drainage,C,active,https://www.devb.gov.hk/filemanager/externaldb/list_contractor_80.js,2026-08-20T01:23:05,2026-08-20T01:25:25
73,China Metallurgical Group Corporation,中國冶金科工集團有限公司,Site Formation,C,active,https://www.devb.gov.hk/filemanager/externaldb/list_contractor_80.js,2026-08-20T01:23:05,2026-08-20T01:25:25
74,China Metallurgical Group Corporation,中國冶金科工集團有限公司,Waterworks,C,active,https://www.devb.gov.hk/filemanager/externaldb/list_contractor_80.js,2026-08-20T01:23:05,2026-08-20T01:25:25
75,China National Chemical Engineering Group Corporation Limited,中國化學工程集團有限公司,Roads & Drainage,C,active,https://www.devb.gov.hk/filemanager/externaldb/list_contractor_80.js,2026-08-20T01:23:05,2026-08-20T01:25:25
76,China National Chemical Engineering Group Corporation Limited,中國化學工程集團有限公司,Waterworks,C,active,https://www.devb.gov.hk/filemanager/externaldb/list_contractor_80.js,2026-08-20T01:23:05,2026-08-20T01:25:25
77,China Overseas Building Construction Limited,中國海外房屋工程有限公司,Buildings,C,active,https://www.devb.gov.hk/filemanager/externaldb/list_contractor_80.js,2026-08-20T01:23:05,2026-08-20T01:25:25
78,"China Railway 15th Bureau Group Co., Ltd.",中鐵十五局集團有限公司,Buildings,C,active,https://www.devb.gov.hk/filemanager/externaldb/list_contractor_80.js,2026-08-20T01:23:05,2026-08-20T01:25:25
79,"China Railway 15th Bureau Group Co., Ltd.",中鐵十五局集團有限公司,Roads & Drainage,C,active,https://www.devb.gov.hk/filemanager/externaldb/list_contractor_80.js,2026-08-20T01:23:05,2026-08-20T01:25:25
80,"China Railway 15th Bureau Group Co., Ltd.",中鐵十五局集團有限公司,Site Formation,C,active,https://www.devb.gov.hk/filemanager/externaldb/list_contractor_80.js,2026-08-20T01:23:05,2026-08-20T01:25:25
81,China Railway Construction Corporation Limited,中國鐵建股份有限公司,Roads & Drainage,C,active,https://www.devb.gov.hk/filemanager/externaldb/list_contractor_80.js,2026-08-20T01:23:05,2026-08-20T01:25:25
82,China Railway Construction Corporation Limited,中國鐵建股份有限公司,Site Formation,C,active,https://www.devb.gov.hk/filemanager/externaldb/list_contractor_80.js,2026-08-20T01:23:05,2026-08-20T01:25:25
83,"China Railway Construction Group Co., Ltd.",中鐵建設集團有限公司,Buildings,C,active,https://www.devb.gov.hk/filemanager/externaldb/list_contractor_80.js,2026-08-20T01:23:05,2026-08-20T01:25:25
84,"China Railway Construction Group Co., Ltd.",中鐵建設集團有限公司,Roads & Drainage,C,active,https://www.devb.gov.hk/filemanager/externaldb/list_contractor_80.js,2026-08-20T01:23:05,2026-08-20T01:25:25
85,"China Railway First Group Co.,Ltd",中鐵一局集團有限公司,Roads & Drainage,C,active,https://www.devb.gov.hk/filemanager/externaldb/list_contractor_80.js,2026-08-20T01:23:05,2026-08-20T01:25:25
86,"China Railway First Group Co.,Ltd",中鐵一局集團有限公司,Site Formation,C,active,https://www.devb.gov.hk/filemanager/externaldb/list_contractor_80.js,2026-08-20T01:23:05,2026-08-20T01:25:25
87,"China Railway First Group Co.,Ltd",中鐵一局集團有限公司,Waterworks,C,active,https://www.devb.gov.hk/filemanager/externaldb/list_contractor_80.js,2026-08-20T01:23:05,2026-08-20T01:25:25
88,China Railway Group Limited,中國中鐵股份有限公司,Roads & Drainage,C,suspended,https://www.devb.gov.hk/filemanager/externaldb/list_contractor_80.js,2026-08-20T01:23:05,2026-08-20T01:25:25
89,China Railway Group Limited,中國中鐵股份有限公司,Site Formation,C,active,https://www.devb.gov.hk/filemanager/externaldb/list_contractor_80.js,2026-08-20T01:23:05,2026-08-20T01:25:25
90,China Railway Group Limited,中國中鐵股份有限公司,Waterworks,C,active,https://www.devb.gov.hk/filemanager/externaldb/list_contractor_80.js,2026-08-20T01:23:05,2026-08-20T01:25:25
91,China Road and Bridge Corporation,中國路橋工程有限責任公司,Buildings,C,active,https://www.devb.gov.hk/filemanager/externaldb/list_contractor_80.js,2026-08-20T01:23:05,2026-08-20T01:25:25
92,China Road and Bridge Corporation,中國路橋工程有限責任公司,Port Works,C,active,https://www.devb.gov.hk/filemanager/externaldb/list_contractor_80.js,2026-08-20T01:23:05,2026-08-20T01:25:25
93,China Road and Bridge Corporation,中國路橋工程有限責任公司,Roads & Drainage,C,active,https://www.devb.gov.hk/filemanager/externaldb/list_contractor_80.js,2026-08-20T01:23:05,2026-08-20T01:25:25
94,China Road and Bridge Corporation,中國路橋工程有限責任公司,Site Formation,C,active,https://www.devb.gov.hk/filemanager/externaldb/list_contractor_80.js,2026-08-20T01:23:05,2026-08-20T01:25:25
95,China Road and Bridge Corporation,中國路橋工程有限責任公司,Waterworks,C,active,https://www.devb.gov.hk/filemanager/externaldb/list_contractor_80.js,2026-08-20T01:23:05,2026-08-20T01:25:25
96,China State Civil Engineering Limited,中國建築土木工程有限公司,Roads & Drainage,B,active,https://www.devb.gov.hk/filemanager/externaldb/list_contractor_80.js,2026-08-20T01:23:05,2026-08-20T01:25:25
97,China State Civil Engineering Limited,中國建築土木工程有限公司,Site Formation,C,active,https://www.devb.gov.hk/filemanager/externaldb/list_contractor_80.js,2026-08-20T01:23:05,2026-08-20T01:25:25
98,China State Construction Engineering (Hong Kong) Limited,中國建築工程 (香港) 有限公司,Buildings,C,active,https://www.devb.gov.hk/filemanager/externaldb/list_contractor_80.js,2026-08-20T01:23:05,2026-08-20T01:25:25
99,China State Construction Engineering (Hong Kong) Limited,中國建築工程 (香港) 有限公司,Port Works,C,active,https://www.devb.gov.hk/filemanager/externaldb/list_contractor_80.js,2026-08-20T01:23:05,2026-08-20T01:25:25
100,China State Construction Engineering (Hong Kong) Limited,中國建築工程 (香港) 有限公司,Roads & Drainage,C,active,https://www.devb.gov.hk/filemanager/externaldb/list_contractor_80.js,2026-08-20T01:23:05,2026-08-20T01:25:25
101,China State Construction Engineering (Hong Kong) Limited,中國建築工程 (香港) 有限公司,Site Formation,C,active,https://www.devb.gov.hk/filemanager/externaldb/list_contractor_80.js,2026-08-20T01:23:05,2026-08-20T01:25:25
102,China State Construction Engineering (Hong Kong) Limited,中國建築工程 (香港) 有限公司,Waterworks,C,active,https://www.devb.gov.hk/filemanager/externaldb/list_contractor_80.js,2026-08-20T01:23:05,2026-08-20T01:25:25
103,Ching Lee Engineering Limited,正利工程有限公司,Buildings,B,active,https://www.devb.gov.hk/filemanager/externaldb/list_contractor_80.js,2026-08-20T01:23:05,2026-08-20T01:25:25
104,"Chinney Construction Company, Limited",建業建築有限公司,Buildings,C,active,https://www.devb.gov.hk/filemanager/externaldb/list_contractor_80.js,2026-08-20T01:23:05,2026-08-20T01:25:25
105,Chit Cheung Construction Company Limited,捷章建築有限公司,Roads & Drainage,C,active,https://www.devb.gov.hk/filemanager/externaldb/list_contractor_80.js,2026-08-20T01:23:05,2026-08-20T01:25:25
106,Chit Cheung Construction Company Limited,捷章建築有限公司,Site Formation,B,active,https://www.devb.gov.hk/filemanager/externaldb/list_contractor_80.js,2026-08-20T01:23:05,2026-08-20T01:25:25
107,Chit Cheung Construction Company Limited,捷章建築有限公司,Waterworks,A,active,https://www.devb.gov.hk/filemanager/externaldb/list_contractor_80.js,2026-08-20T01:23:05,2026-08-20T01:25:25
108,Chiu Hing Construction & Transportation Company Limited,昭興建築運輸有限公司,Roads & Drainage,C,active,https://www.devb.gov.hk/filemanager/externaldb/list_contractor_80.js,2026-08-20T01:23:05,2026-08-20T01:25:25
109,CHK Construction (HK) Limited,向建建築(香港)有限公司,Roads & Drainage,A,active,https://www.devb.gov.hk/filemanager/externaldb/list_contractor_80.js,2026-08-20T01:23:05,2026-08-20T01:25:25
110,Chong Kee Construction Company Limited,莊記建築有限公司,Roads & Drainage,A,active,https://www.devb.gov.hk/filemanager/externaldb/list_contractor_80.js,2026-08-20T01:23:05,2026-08-20T01:25:25
111,Chuen Shing Construction Limited,浚成建築有限公司,Roads & Drainage,B,active,https://www.devb.gov.hk/filemanager/externaldb/list_contractor_80.js,2026-08-20T01:23:05,2026-08-20T01:25:25
112,Chuen Shing Construction Limited,浚成建築有限公司,Site Formation,B,active,https://www.devb.gov.hk/filemanager/externaldb/list_contractor_80.js,2026-08-20T01:23:05,2026-08-20T01:25:25
113,Chuen Shing Construction Limited,浚成建築有限公司,Waterworks,A,active,https://www.devb.gov.hk/filemanager/externaldb/list_contractor_80.js,2026-08-20T01:23:05,2026-08-20T01:25:25
114,Chun Wo Building Construction Limited,俊和建築有限公司,Buildings,C,active,https://www.devb.gov.hk/filemanager/externaldb/list_contractor_80.js,2026-08-20T01:23:05,2026-08-20T01:25:25
115,Chun Wo Construction and Engineering Company Limited,俊和建築工程有限公司,Buildings,C,suspended,https://www.devb.gov.hk/filemanager/externaldb/list_contractor_80.js,2026-08-20T01:23:05,2026-08-20T01:25:25
116,Chun Wo Construction and Engineering Company Limited,俊和建築工程有限公司,Port Works,C,active,https://www.devb.gov.hk/filemanager/externaldb/list_contractor_80.js,2026-08-20T01:23:05,2026-08-20T01:25:25
117,Chun Wo Construction and Engineering Company Limited,俊和建築工程有限公司,Roads & Drainage,C,active,https://www.devb.gov.hk/filemanager/externaldb/list_contractor_80.js,2026-08-20T01:23:05,2026-08-20T01:25:25
118,Chun Wo Construction and Engineering Company Limited,俊和建築工程有限公司,Site Formation,C,active,https://www.devb.gov.hk/filemanager/externaldb/list_contractor_80.js,2026-08-20T01:23:05,2026-08-20T01:25:25
119,Chun Wo Construction and Engineering Company Limited,俊和建築工程有限公司,Waterworks,C,active,https://www.devb.gov.hk/filemanager/externaldb/list_contractor_80.js,2026-08-20T01:23:05,2026-08-20T01:25:25
120,Chun Wo Elegant Decoration Engineering Company Limited,俊和高雅裝飾工程有限公司,Buildings,B,active,https://www.devb.gov.hk/filemanager/externaldb/list_contractor_80.js,2026-08-20T01:23:05,2026-08-20T01:25:25
121,Chun Yip Construction Company Limited,晉業建築有限公司,Buildings,C,active,https://www.devb.gov.hk/filemanager/externaldb/list_contractor_80.js,2026-08-20T01:23:05,2026-08-20T01:25:25
122,Chun Yip Waterworks Construction (HK) Limited,駿業水務建築(香港)有限公司,Waterworks,B,active,https://www.devb.gov.hk/filemanager/externaldb/list_contractor_80.js,2026-08-20T01:23:05,2026-08-20T01:25:25
123,Chun Yip Waterworks Construction Company Limited,駿業水務建築有限公司,Waterworks,A,active,https://www.devb.gov.hk/filemanager/externaldb/list_contractor_80.js,2026-08-20T01:23:05,2026-08-20T01:25:25
124,Chung Chin Construction and Engineering Company Limited,鍾泉建築工程有限公司,Buildings,A,active,https://www.devb.gov.hk/filemanager/externaldb/list_contractor_80.js,2026-08-20T01:23:05,2026-08-20T01:25:25
125,Chung Hing Waterworks Engineering Company Limited,中興水務工程有限公司,Waterworks,B,active,https://www.devb.gov.hk/filemanager/externaldb/list_contractor_80.js,2026-08-20T01:23:05,2026-08-20T01:25:25
126,Chung Shing Construction Company Limited,忠誠建築有限公司,Buildings,B,active,https://www.devb.gov.hk/filemanager/externaldb/list_contractor_80.js,2026-08-20T01:23:05,2026-08-20T01:25:25
127,Chung Shing Construction Company Limited,忠誠建築有限公司,Roads & Drainage,A,active,https://www.devb.gov.hk/filemanager/externaldb/list_contractor_80.js,2026-08-20T01:23:05,2026-08-20T01:25:25
128,Classic Engineering Company Limited,英典工程有限公司,Roads & Drainage,A,active,https://www.devb.gov.hk/filemanager/externaldb/list_contractor_80.js,2026-08-20T01:23:05,2026-08-20T01:25:25
129,Click Engineering (H.K.) Limited,進基工程(香港)有限公司,Waterworks,A,active,https://www.devb.gov.hk/filemanager/externaldb/list_contractor_80.js,2026-08-20T01:23:05,2026-08-20T01:25:25
130,Concentric Construction Limited,協力建業有限公司,Port Works,C,active,https://www.devb.gov.hk/filemanager/externaldb/list_contractor_80.js,2026-08-20T01:23:05,2026-08-20T01:25:25
131,Concentric Construction Limited,協力建業有限公司,Roads & Drainage,C,active,https://www.devb.gov.hk/filemanager/externaldb/list_contractor_80.js,2026-08-20T01:23:05,2026-08-20T01:25:25
132,Concentric Construction Limited,協力建業有限公司,Site Formation,C,active,https://www.devb.gov.hk/filemanager/externaldb/list_contractor_80.js,2026-08-20T01:23:05,2026-08-20T01:25:25
133,Concentric Construction Limited,協力建業有限公司,Waterworks,C,active,https://www.devb.gov.hk/filemanager/externaldb/list_contractor_80.js,2026-08-20T01:23:05,2026-08-20T01:25:25
134,Concorde Construction Company Limited,三和建築有限公司,Buildings,B,active,https://www.devb.gov.hk/filemanager/externaldb/list_contractor_80.js,2026-08-20T01:23:05,2026-08-20T01:25:25
135,Concordia Engineering Limited,協同工程有限公司,Roads & Drainage,B,active,https://www.devb.gov.hk/filemanager/externaldb/list_contractor_80.js,2026-08-20T01:23:05,2026-08-20T01:25:25
136,CPC Construction Hong Kong Limited,其士基建香港有限公司,Port Works,B,active,https://www.devb.gov.hk/filemanager/externaldb/list_contractor_80.js,2026-08-20T01:23:05,2026-08-20T01:25:25
137,CPC Construction Hong Kong Limited,其士基建香港有限公司,Roads & Drainage,C,active,https://www.devb.gov.hk/filemanager/externaldb/list_contractor_80.js,2026-08-20T01:23:05,2026-08-20T01:25:25
138,CPC Construction Hong Kong Limited,其士基建香港有限公司,Waterworks,C,active,https://www.devb.gov.hk/filemanager/externaldb/list_contractor_80.js,2026-08-20T01:23:05,2026-08-20T01:25:25
139,CR Construction Company Limited,華營建築有限公司,Buildings,C,active,https://www.devb.gov.hk/filemanager/externaldb/list_contractor_80.js,2026-08-20T01:23:05,2026-08-20T01:25:25
140,CR Construction Company Limited,華營建築有限公司,Roads & Drainage,A,active,https://www.devb.gov.hk/filemanager/externaldb/list_contractor_80.js,2026-08-20T01:23:05,2026-08-20T01:25:25
141,Creative Concept Construction Company Limited,思建建築有限公司,Buildings,A,active,https://www.devb.gov.hk/filemanager/externaldb/list_contractor_80.js,2026-08-20T01:23:05,2026-08-20T01:25:25
142,Crown Asia Engineering Limited,冠亞工程有限公司,Port Works,B,active,https://www.devb.gov.hk/filemanager/externaldb/list_contractor_80.js,2026-08-20T01:23:05,2026-08-20T01:25:25
143,CWF Piling & Civil Engineering Company Limited,聯邦打樁土木工程有限公司,Roads & Drainage,A,active,https://www.devb.gov.hk/filemanager/externaldb/list_contractor_80.js,2026-08-20T01:23:05,2026-08-20T01:25:25
144,CWF Piling & Civil Engineering Company Limited,聯邦打樁土木工程有限公司,Site Formation,C,active,https://www.devb.gov.hk/filemanager/externaldb/list_contractor_80.js,2026-08-20T01:23:05,2026-08-20T01:25:25
145,Cycle Links Construction Company Limited,圓渾建築有限公司,Buildings,B,active,https://www.devb.gov.hk/filemanager/externaldb/list_contractor_80.js,2026-08-20T01:23:05,2026-08-20T01:25:25
146,Dao Kee Construction Company Limited,陶記營造廠有限公司,Buildings,B,active,https://www.devb.gov.hk/filemanager/externaldb/list_contractor_80.js,2026-08-20T01:23:05,2026-08-20T01:25:25
147,Dao Kee Construction Company Limited,陶記營造廠有限公司,Roads & Drainage,A,active,https://www.devb.gov.hk/filemanager/externaldb/list_contractor_80.js,2026-08-20T01:23:05,2026-08-20T01:25:25
148,Darwin Engineering Limited,達賢工程有限公司,Roads & Drainage,B,active,https://www.devb.gov.hk/filemanager/externaldb/list_contractor_80.js,2026-08-20T01:23:05,2026-08-20T01:25:25
149,Deson Development Limited,迪臣發展有限公司,Buildings,C,active,https://www.devb.gov.hk/filemanager/externaldb/list_contractor_80.js,2026-08-20T01:23:05,2026-08-20T01:25:25
150,Dix Construction & Transportation Limited,迪時建築運輸有限公司,Roads & Drainage,C,active,https://www.devb.gov.hk/filemanager/externaldb/list_contractor_80.js,2026-08-20T01:23:05,2026-08-20T01:25:25
151,Dix Construction & Transportation Limited,迪時建築運輸有限公司,Site Formation,B,active,https://www.devb.gov.hk/filemanager/externaldb/list_contractor_80.js,2026-08-20T01:23:05,2026-08-20T01:25:25
152,Dixie Engineering Company Limited,仁利工程有限公司,Roads & Drainage,C,active,https://www.devb.gov.hk/filemanager/externaldb/list_contractor_80.js,2026-08-20T01:23:05,2026-08-20T01:25:25
153,Dixie Engineering Company Limited,仁利工程有限公司,Site Formation,B,active,https://www.devb.gov.hk/filemanager/externaldb/list_contractor_80.js,2026-08-20T01:23:05,2026-08-20T01:25:25
154,Dixie Engineering Company Limited,仁利工程有限公司,Waterworks,A,active,https://www.devb.gov.hk/filemanager/externaldb/list_contractor_80.js,2026-08-20T01:23:05,2026-08-20T01:25:25
155,Dragages Hong Kong Limited,香港寶嘉建築有限公司,Buildings,C,active,https://www.devb.gov.hk/filemanager/externaldb/list_contractor_80.js,2026-08-20T01:23:05,2026-08-20T01:25:25
156,Dragages Hong Kong Limited,香港寶嘉建築有限公司,Port Works,C,active,https://www.devb.gov.hk/filemanager/externaldb/list_contractor_80.js,2026-08-20T01:23:05,2026-08-20T01:25:25
157,Dragages Hong Kong Limited,香港寶嘉建築有限公司,Roads & Drainage,C,active,https://www.devb.gov.hk/filemanager/externaldb/list_contractor_80.js,2026-08-20T01:23:05,2026-08-20T01:25:25
158,Dragages Hong Kong Limited,香港寶嘉建築有限公司,Site Formation,C,active,https://www.devb.gov.hk/filemanager/externaldb/list_contractor_80.js,2026-08-20T01:23:05,2026-08-20T01:25:25
159,Dragages Hong Kong Limited,香港寶嘉建築有限公司,Waterworks,C,active,https://www.devb.gov.hk/filemanager/externaldb/list_contractor_80.js,2026-08-20T01:23:05,2026-08-20T01:25:25
160,E Man Construction Company Limited,裕民建築有限公司,Buildings,C,active,https://www.devb.gov.hk/filemanager/externaldb/list_contractor_80.js,2026-08-20T01:23:05,2026-08-20T01:25:25
161,E Man Construction Company Limited,裕民建築有限公司,Site Formation,B,active,https://www.devb.gov.hk/filemanager/externaldb/list_contractor_80.js,2026-08-20T01:23:05,2026-08-20T01:25:25
162,Easy Way Engineering Limited,裕順工程有限公司,Roads & Drainage,B,active,https://www.devb.gov.hk/filemanager/externaldb/list_contractor_80.js,2026-08-20T01:23:05,2026-08-20T01:25:25
163,Excel Engineering Company Limited,怡益工程有限公司,Buildings,A,active,https://www.devb.gov.hk/filemanager/externaldb/list_contractor_80.js,2026-08-20T01:23:05,2026-08-20T01:25:25
164,Excel Engineering Company Limited,怡益工程有限公司,Roads & Drainage,C,active,https://www.devb.gov.hk/filemanager/externaldb/list_contractor_80.js,2026-08-20T01:23:05,2026-08-20T01:25:25
165,Excel Engineering Company Limited,怡益工程有限公司,Waterworks,C,active,https://www.devb.gov.hk/filemanager/externaldb/list_contractor_80.js,2026-08-20T01:23:05,2026-08-20T01:25:25
166,Fine Power Construction Engineering Limited,威明建築工程有限公司,Roads & Drainage,A,active,https://www.devb.gov.hk/filemanager/externaldb/list_contractor_80.js,2026-08-20T01:23:05,2026-08-20T01:25:25
167,Fine Power Construction Engineering Limited,威明建築工程有限公司,Waterworks,A,active,https://www.devb.gov.hk/filemanager/externaldb/list_contractor_80.js,2026-08-20T01:23:05,2026-08-20T01:25:25
168,Fairmax Engineering Limited,世豪工程有限公司,Waterworks,A,active,https://www.devb.gov.hk/filemanager/externaldb/list_contractor_80.js,2026-08-20T01:23:05,2026-08-20T01:25:25
169,Fong Wing Shing Construction Company Limited,方永勝建築有限公司,Buildings,C,active,https://www.devb.gov.hk/filemanager/externaldb/list_contractor_80.js,2026-08-20T01:23:05,2026-08-20T01:25:25
170,Fook Lee Construction Company Limited,褔利建築有限公司,Buildings,C,active,https://www.devb.gov.hk/filemanager/externaldb/list_contractor_80.js,2026-08-20T01:23:05,2026-08-20T01:25:25
171,Fook Lee Construction Company Limited,褔利建築有限公司,Roads & Drainage,C,active,https://www.devb.gov.hk/filemanager/externaldb/list_contractor_80.js,2026-08-20T01:23:05,2026-08-20T01:25:25
172,Fook Lee Construction Company Limited,褔利建築有限公司,Site Formation,B,active,https://www.devb.gov.hk/filemanager/externaldb/list_contractor_80.js,2026-08-20T01:23:05,2026-08-20T01:25:25
173,Fook Lee Construction Company Limited,褔利建築有限公司,Waterworks,B,active,https://www.devb.gov.hk/filemanager/externaldb/list_contractor_80.js,2026-08-20T01:23:05,2026-08-20T01:25:25
174,Forward Construction Company Limited,富和建築有限公司,Buildings,A,active,https://www.devb.gov.hk/filemanager/externaldb/list_contractor_80.js,2026-08-20T01:23:05,2026-08-20T01:25:25
175,Free Form Construction Company Limited,致豐建築有限公司,Buildings,A,active,https://www.devb.gov.hk/filemanager/externaldb/list_contractor_80.js,2026-08-20T01:23:05,2026-08-20T01:25:25
176,Fujita Corporation,Fujita Corporation,Roads & Drainage,C,active,https://www.devb.gov.hk/filemanager/externaldb/list_contractor_80.js,2026-08-20T01:23:05,2026-08-20T01:25:25
177,Fuk Shing Engineering Company Limited,褔成建造工程有限公司,Buildings,A,active,https://www.devb.gov.hk/filemanager/externaldb/list_contractor_80.js,2026-08-20T01:23:05,2026-08-20T01:25:25
178,Fuk Shing Engineering Company Limited,褔成建造工程有限公司,Roads & Drainage,B,active,https://www.devb.gov.hk/filemanager/externaldb/list_contractor_80.js,2026-08-20T01:23:05,2026-08-20T01:25:25
179,Fuk Shing Engineering Company Limited,褔成建造工程有限公司,Site Formation,B,active,https://www.devb.gov.hk/filemanager/externaldb/list_contractor_80.js,2026-08-20T01:23:05,2026-08-20T01:25:25
180,Fuk Shing Engineering Company Limited,褔成建造工程有限公司,Waterworks,A,active,https://www.devb.gov.hk/filemanager/externaldb/list_contractor_80.js,2026-08-20T01:23:05,2026-08-20T01:25:25
181,Full Dragon Construction Engineering Limited,盛龍建築工程有限公司,Roads & Drainage,B,active,https://www.devb.gov.hk/filemanager/externaldb/list_contractor_80.js,2026-08-20T01:23:05,2026-08-20T01:25:25
182,Gadelly Construction Company Limited,加德利建築有限公司,Waterworks,B,active,https://www.devb.gov.hk/filemanager/externaldb/list_contractor_80.js,2026-08-20T01:23:05,2026-08-20T01:25:25
183,Galaxy Construction Engineering Limited,銀河建築工程有限公司,Buildings,A,active,https://www.devb.gov.hk/filemanager/externaldb/list_contractor_80.js,2026-08-20T01:23:05,2026-08-20T01:25:25
184,Gammon Construction Limited,金門建築有限公司,Buildings,C,active,https://www.devb.gov.hk/filemanager/externaldb/list_contractor_80.js,2026-08-20T01:23:05,2026-08-20T01:25:25
185,Gammon Construction Limited,金門建築有限公司,Port Works,C,active,https://www.devb.gov.hk/filemanager/externaldb/list_contractor_80.js,2026-08-20T01:23:05,2026-08-20T01:25:25
186,Gammon Construction Limited,金門建築有限公司,Roads & Drainage,C,active,https://www.devb.gov.hk/filemanager/externaldb/list_contractor_80.js,2026-08-20T01:23:05,2026-08-20T01:25:25
187,Gammon Construction Limited,金門建築有限公司,Site Formation,C,active,https://www.devb.gov.hk/filemanager/externaldb/list_contractor_80.js,2026-08-20T01:23:05,2026-08-20T01:25:25
188,Gammon Construction Limited,金門建築有限公司,Waterworks,C,active,https://www.devb.gov.hk/filemanager/externaldb/list_contractor_80.js,2026-08-20T01:23:05,2026-08-20T01:25:25
189,Gammon Engineering & Construction Company Limited,Gammon Engineering & Construction Company Limited,Buildings,C,active,https://www.devb.gov.hk/filemanager/externaldb/list_contractor_80.js,2026-08-20T01:23:05,2026-08-20T01:25:25
190,Geotech Engineering Limited,土力資源有限公司,Site Formation,B,active,https://www.devb.gov.hk/filemanager/externaldb/list_contractor_80.js,2026-08-20T01:23:05,2026-08-20T01:25:25
191,Gitanes Engineering Company Limited,積達工程有限公司,Port Works,C,active,https://www.devb.gov.hk/filemanager/externaldb/list_contractor_80.js,2026-08-20T01:23:05,2026-08-20T01:25:25
192,Gitanes Engineering Company Limited,積達工程有限公司,Site Formation,C,active,https://www.devb.gov.hk/filemanager/externaldb/list_contractor_80.js,2026-08-20T01:23:05,2026-08-20T01:25:25
193,Gold Banner Construction and Development Limited,金葵建築發展有限公司,Buildings,B,active,https://www.devb.gov.hk/filemanager/externaldb/list_contractor_80.js,2026-08-20T01:23:05,2026-08-20T01:25:25
194,Gold Banner Construction and Development Limited,金葵建築發展有限公司,Roads & Drainage,A,active,https://www.devb.gov.hk/filemanager/externaldb/list_contractor_80.js,2026-08-20T01:23:05,2026-08-20T01:25:25
195,Gold Banner Construction and Development Limited,金葵建築發展有限公司,Waterworks,A,active,https://www.devb.gov.hk/filemanager/externaldb/list_contractor_80.js,2026-08-20T01:23:05,2026-08-20T01:25:25
196,Gold Wilson International Limited,金永順國際有限公司,Roads & Drainage,B,active,https://www.devb.gov.hk/filemanager/externaldb/list_contractor_80.js,2026-08-20T01:23:05,2026-08-20T01:25:25
197,Goldfield N & W Construction Company Limited,聯合金輝建築工程有限公司,Buildings,B,active,https://www.devb.gov.hk/filemanager/externaldb/list_contractor_80.js,2026-08-20T01:23:05,2026-08-20T01:25:25
198,Goldfield N & W Construction Company Limited,聯合金輝建築工程有限公司,Roads & Drainage,B,active,https://www.devb.gov.hk/filemanager/externaldb/list_contractor_80.js,2026-08-20T01:23:05,2026-08-20T01:25:25
199,Goldfield N & W Construction Company Limited,聯合金輝建築工程有限公司,Waterworks,A,active,https://www.devb.gov.hk/filemanager/externaldb/list_contractor_80.js,2026-08-20T01:23:05,2026-08-20T01:25:25
200,Grand View (Civil) Limited,浩程（土木）有限公司,Roads & Drainage,B,active,https://www.devb.gov.hk/filemanager/externaldb/list_contractor_80.js,2026-08-20T01:23:05,2026-08-20T01:25:25
201,Grandway Construction Engineering Limited,宏通建築工程有限公司,Roads & Drainage,A,active,https://www.devb.gov.hk/filemanager/externaldb/list_contractor_80.js,2026-08-20T01:23:05,2026-08-20T01:25:25
202,Granville Civil Limited,均輝土木有限公司,Roads & Drainage,B,active,https://www.devb.gov.hk/filemanager/externaldb/list_contractor_80.js,2026-08-20T01:23:05,2026-08-20T01:25:25
203,Hang Kee Development Company Limited,恒記發展有限公司,Roads & Drainage,A,active,https://www.devb.gov.hk/filemanager/externaldb/list_contractor_80.js,2026-08-20T01:23:05,2026-08-20T01:25:25
204,Hang Kee Development Company Limited,恒記發展有限公司,Waterworks,A,active,https://www.devb.gov.hk/filemanager/externaldb/list_contractor_80.js,2026-08-20T01:23:05,2026-08-20T01:25:25
205,Hanison Construction Company Limited,興勝建築有限公司,Buildings,C,active,https://www.devb.gov.hk/filemanager/externaldb/list_contractor_80.js,2026-08-20T01:23:05,2026-08-20T01:25:25
206,Hanison Construction Company Limited,興勝建築有限公司,Roads & Drainage,B,active,https://www.devb.gov.hk/filemanager/externaldb/list_contractor_80.js,2026-08-20T01:23:05,2026-08-20T01:25:25
207,Hanison Construction Company Limited,興勝建築有限公司,Site Formation,B,active,https://www.devb.gov.hk/filemanager/externaldb/list_contractor_80.js,2026-08-20T01:23:05,2026-08-20T01:25:25
208,Harvest Civil Engineering Company Limited,軒誠建築工程有限公司,Roads & Drainage,B,active,https://www.devb.gov.hk/filemanager/externaldb/list_contractor_80.js,2026-08-20T01:23:05,2026-08-20T01:25:25
209,Harvest Civil Engineering Company Limited,軒誠建築工程有限公司,Waterworks,A,active,https://www.devb.gov.hk/filemanager/externaldb/list_contractor_80.js,2026-08-20T01:23:05,2026-08-20T01:25:25
210,Harvest Engineering Development Limited,軒誠工程發展有限公司,Roads & Drainage,B,suspended,https://www.devb.gov.hk/filemanager/externaldb/list_contractor_80.js,2026-08-20T01:23:05,2026-08-20T01:25:25
211,Henryvicy Construction Company Limited,恒利建築公司,Roads & Drainage,C,active,https://www.devb.gov.hk/filemanager/externaldb/list_contractor_80.js,2026-08-20T01:23:05,2026-08-20T01:25:25
212,Henryvicy Construction Company Limited,恒利建築公司,Site Formation,B,active,https://www.devb.gov.hk/filemanager/externaldb/list_contractor_80.js,2026-08-20T01:23:05,2026-08-20T01:25:25
213,Hing & Cheong Company Limited,興昌建築有限公司,Roads & Drainage,B,active,https://www.devb.gov.hk/filemanager/externaldb/list_contractor_80.js,2026-08-20T01:23:05,2026-08-20T01:25:25
214,Hing & Cheong Company Limited,興昌建築有限公司,Waterworks,B,active,https://www.devb.gov.hk/filemanager/externaldb/list_contractor_80.js,2026-08-20T01:23:05,2026-08-20T01:25:25
215,Hing Fu Engineering Company Limited,興富工程有限公司,Roads & Drainage,B,active,https://www.devb.gov.hk/filemanager/externaldb/list_contractor_80.js,2026-08-20T01:23:05,2026-08-20T01:25:25
216,Hing Fu Engineering Company Limited,興富工程有限公司,Site Formation,B,active,https://www.devb.gov.hk/filemanager/externaldb/list_contractor_80.js,2026-08-20T01:23:05,2026-08-20T01:25:25
217,Hing Kee Contracting Limited,興記承建有限公司,Buildings,A,active,https://www.devb.gov.hk/filemanager/externaldb/list_contractor_80.js,2026-08-20T01:23:05,2026-08-20T01:25:25
218,Hip Hing Engineering Company Limited,協興工程有限公司,Buildings,C,active,https://www.devb.gov.hk/filemanager/externaldb/list_contractor_80.js,2026-08-20T01:23:05,2026-08-20T01:25:25
219,Hip Hing Engineering Company Limited,協興工程有限公司,Roads & Drainage,C,active,https://www.devb.gov.hk/filemanager/externaldb/list_contractor_80.js,2026-08-20T01:23:05,2026-08-20T01:25:25
220,Hip Hing Engineering Company Limited,協興工程有限公司,Site Formation,B,active,https://www.devb.gov.hk/filemanager/externaldb/list_contractor_80.js,2026-08-20T01:23:05,2026-08-20T01:25:25
221,Ho Ming Construction Company Limited,浩明建築有限公司,Buildings,A,active,https://www.devb.gov.hk/filemanager/externaldb/list_contractor_80.js,2026-08-20T01:23:05,2026-08-20T01:25:25
222,Hon Fung Engineering Limited,漢峯工程有限公司,Buildings,A,active,https://www.devb.gov.hk/filemanager/externaldb/list_contractor_80.js,2026-08-20T01:23:05,2026-08-20T01:25:25
223,Hong Kong Construction (General Builders) Limited,香港建築(營造工程)有限公司,Buildings,B,active,https://www.devb.gov.hk/filemanager/externaldb/list_contractor_80.js,2026-08-20T01:23:05,2026-08-20T01:25:25
224,Hong Kong Kwong Tai Builders Limited,廣泰建築有限公司,Buildings,B,active,https://www.devb.gov.hk/filemanager/externaldb/list_contractor_80.js,2026-08-20T01:23:05,2026-08-20T01:25:25
225,"Hongkong Ocean Investment Development Co., Limited",香港海洋投資發展有限公司,Port Works,B,active,https://www.devb.gov.hk/filemanager/externaldb/list_contractor_80.js,2026-08-20T01:23:05,2026-08-20T01:25:25
226,Hong Kong River Engineering Company Limited,香港瑞沃工程有限公司,Port Works,B,active,https://www.devb.gov.hk/filemanager/externaldb/list_contractor_80.js,2026-08-20T01:23:05,2026-08-20T01:25:25
227,Hop Kwan Infrastructure Limited,合均基建有限公司,Roads & Drainage,A,active,https://www.devb.gov.hk/filemanager/externaldb/list_contractor_80.js,2026-08-20T01:23:05,2026-08-20T01:25:25
228,Hop Lee Builders Company Limited,合利營造有限公司,Buildings,B,active,https://www.devb.gov.hk/filemanager/externaldb/list_contractor_80.js,2026-08-20T01:23:05,2026-08-20T01:25:25
229,Hop Shing Construction Company Limited,合成建築有限公司,Buildings,A,active,https://www.devb.gov.hk/filemanager/externaldb/list_contractor_80.js,2026-08-20T01:23:05,2026-08-20T01:25:25
230,"Hop Tai Construction Company, Limited",合泰建築有限公司,Roads & Drainage,B,active,https://www.devb.gov.hk/filemanager/externaldb/list_contractor_80.js,2026-08-20T01:23:05,2026-08-20T01:25:25
231,Huge Success Engineering Limited,大成工程有限公司,Waterworks,B,active,https://www.devb.gov.hk/filemanager/externaldb/list_contractor_80.js,2026-08-20T01:23:05,2026-08-20T01:25:25
232,Hung Wan Construction Company Limited,鴻運建築有限公司,Buildings,C,active,https://www.devb.gov.hk/filemanager/externaldb/list_contractor_80.js,2026-08-20T01:23:05,2026-08-20T01:25:25
233,Hung Wan Construction Company Limited,鴻運建築有限公司,Roads & Drainage,A,active,https://www.devb.gov.hk/filemanager/externaldb/list_contractor_80.js,2026-08-20T01:23:05,2026-08-20T01:25:25
234,Hung Yip (HK) Engineering Company Limited,鴻業 (香港) 工程有限公司,Roads & Drainage,B,active,https://www.devb.gov.hk/filemanager/externaldb/list_contractor_80.js,2026-08-20T01:23:05,2026-08-20T01:25:25
235,In Construction Limited,現恆建築有限公司,Site Formation,B,active,https://www.devb.gov.hk/filemanager/externaldb/list_contractor_80.js,2026-08-20T01:23:05,2026-08-20T01:25:25
236,International Kum Fai Construction and Engineering Company Limited,國際金輝建築工程有限公司,Buildings,A,active,https://www.devb.gov.hk/filemanager/externaldb/list_contractor_80.js,2026-08-20T01:23:05,2026-08-20T01:25:25
237,Jan De Nul,Jan De Nul,Port Works,C,active,https://www.devb.gov.hk/filemanager/externaldb/list_contractor_80.js,2026-08-20T01:23:05,2026-08-20T01:25:25
238,John Lok & Partners Limited,公和建築有限公司,Buildings,C,active,https://www.devb.gov.hk/filemanager/externaldb/list_contractor_80.js,2026-08-20T01:23:05,2026-08-20T01:25:25
239,John Lok & Partners Limited,公和建築有限公司,Roads & Drainage,C,active,https://www.devb.gov.hk/filemanager/externaldb/list_contractor_80.js,2026-08-20T01:23:05,2026-08-20T01:25:25
240,Junic Construction Company Limited,創業建築有限公司,Buildings,B,active,https://www.devb.gov.hk/filemanager/externaldb/list_contractor_80.js,2026-08-20T01:23:05,2026-08-20T01:25:25
241,Ka Shun Civil Engineering Company Limited,嘉順土木工程有限公司,Roads & Drainage,B,active,https://www.devb.gov.hk/filemanager/externaldb/list_contractor_80.js,2026-08-20T01:23:05,2026-08-20T01:25:25
242,Ka Shun Civil Engineering Company Limited,嘉順土木工程有限公司,Site Formation,B,active,https://www.devb.gov.hk/filemanager/externaldb/list_contractor_80.js,2026-08-20T01:23:05,2026-08-20T01:25:25
243,Kaiser Construction Engineering Company Limited,基碩建築工程有限公司,Roads & Drainage,A,active,https://www.devb.gov.hk/filemanager/externaldb/list_contractor_80.js,2026-08-20T01:23:05,2026-08-20T01:25:25
244,Kan Construction (HK) Limited,Kan Construction (HK) Limited,Buildings,A,active,https://www.devb.gov.hk/filemanager/externaldb/list_contractor_80.js,2026-08-20T01:23:05,2026-08-20T01:25:25
245,Kat Yue Construction Engineering Limited,吉裕建築工程有限公司,Port Works,B,active,https://www.devb.gov.hk/filemanager/externaldb/list_contractor_80.js,2026-08-20T01:23:05,2026-08-20T01:25:25
246,Kim Hung Construction and Engineering Company Limited,健鴻建築工程有限公司,Buildings,C,active,https://www.devb.gov.hk/filemanager/externaldb/list_contractor_80.js,2026-08-20T01:23:05,2026-08-20T01:25:25
247,Kim Hung Construction and Engineering Company Limited,健鴻建築工程有限公司,Roads & Drainage,A,active,https://www.devb.gov.hk/filemanager/externaldb/list_contractor_80.js,2026-08-20T01:23:05,2026-08-20T01:25:25
248,Kin Chiu Engineering Limited,建朝工程有限公司,Roads & Drainage,B,active,https://www.devb.gov.hk/filemanager/externaldb/list_contractor_80.js,2026-08-20T01:23:05,2026-08-20T01:25:25
249,Kin Kay Machinery Rental & Engineering Co. Limited,建基機械租賃工程有限公司,Waterworks,A,active,https://www.devb.gov.hk/filemanager/externaldb/list_contractor_80.js,2026-08-20T01:23:05,2026-08-20T01:25:25
250,Kin Keung Construction & Engineering Company Limited,堅強建築有限公司,Buildings,A,active,https://www.devb.gov.hk/filemanager/externaldb/list_contractor_80.js,2026-08-20T01:23:05,2026-08-20T01:25:25
251,Kin Ming Construction Company Limited,健明建築有限公司,Buildings,A,active,https://www.devb.gov.hk/filemanager/externaldb/list_contractor_80.js,2026-08-20T01:23:05,2026-08-20T01:25:25
252,Kin Shing (Leung's) General Contractors Limited,堅城（梁氏）建築有限公司,Buildings,C,active,https://www.devb.gov.hk/filemanager/externaldb/list_contractor_80.js,2026-08-20T01:23:05,2026-08-20T01:25:25
253,Kin Win Engineering Limited,建榮水喉渠務工程有限公司,Waterworks,A,active,https://www.devb.gov.hk/filemanager/externaldb/list_contractor_80.js,2026-08-20T01:23:05,2026-08-20T01:25:25
254,Kin Wing Construction Company Limited,建榮建築有限公司,Roads & Drainage,A,active,https://www.devb.gov.hk/filemanager/externaldb/list_contractor_80.js,2026-08-20T01:23:05,2026-08-20T01:25:25
255,Kin Wing Construction Company Limited,建榮建築有限公司,Site Formation,B,active,https://www.devb.gov.hk/filemanager/externaldb/list_contractor_80.js,2026-08-20T01:23:05,2026-08-20T01:25:25
256,Kin Wing Foundations Limited,建榮地基有限公司,Site Formation,B,active,https://www.devb.gov.hk/filemanager/externaldb/list_contractor_80.js,2026-08-20T01:23:05,2026-08-20T01:25:25
257,Kinsway Construction Company Limited,健煒建築有限公司,Buildings,A,active,https://www.devb.gov.hk/filemanager/externaldb/list_contractor_80.js,2026-08-20T01:23:05,2026-08-20T01:25:25
258,Kit Ho Engineering Limited,傑浩工程有限公司,Site Formation,B,active,https://www.devb.gov.hk/filemanager/externaldb/list_contractor_80.js,2026-08-20T01:23:05,2026-08-20T01:25:25
259,Kong Hing Construction Company Limited,港興建築工程有限公司,Roads & Drainage,B,active,https://www.devb.gov.hk/filemanager/externaldb/list_contractor_80.js,2026-08-20T01:23:05,2026-08-20T01:25:25
260,Kong Power Engineering Limited,港隆工程有限公司,Roads & Drainage,B,active,https://www.devb.gov.hk/filemanager/externaldb/list_contractor_80.js,2026-08-20T01:23:05,2026-08-20T01:25:25
261,"Konwall Construction & Engineering Company, Limited",康和建築工程有限公司,Site Formation,B,active,https://www.devb.gov.hk/filemanager/externaldb/list_contractor_80.js,2026-08-20T01:23:05,2026-08-20T01:25:25
262,K-Peak Company Limited,捷祺建築有限公司,Buildings,A,active,https://www.devb.gov.hk/filemanager/externaldb/list_contractor_80.js,2026-08-20T01:23:05,2026-08-20T01:25:25
263,Kudos Construction Limited,恒暉建築有限公司,Buildings,B,active,https://www.devb.gov.hk/filemanager/externaldb/list_contractor_80.js,2026-08-20T01:23:05,2026-08-20T01:25:25
264,Kuly Construction & Engineering Company Limited,豐利建築工程有限公司,Roads & Drainage,B,active,https://www.devb.gov.hk/filemanager/externaldb/list_contractor_80.js,2026-08-20T01:23:05,2026-08-20T01:25:25
265,Kum Shing (K.F.) Construction Company Limited,金城營造有限公司,Roads & Drainage,C,suspended,https://www.devb.gov.hk/filemanager/externaldb/list_contractor_80.js,2026-08-20T01:23:05,2026-08-20T01:25:25
266,Kwan Cheong Construction Limited,坤昌建築有限公司,Roads & Drainage,A,active,https://www.devb.gov.hk/filemanager/externaldb/list_contractor_80.js,2026-08-20T01:23:05,2026-08-20T01:25:25
267,Kwan Lee Holding Limited,群利集團有限公司,Roads & Drainage,C,active,https://www.devb.gov.hk/filemanager/externaldb/list_contractor_80.js,2026-08-20T01:23:05,2026-08-20T01:25:25
268,Kwan Lee Holding Limited,群利集團有限公司,Site Formation,B,active,https://www.devb.gov.hk/filemanager/externaldb/list_contractor_80.js,2026-08-20T01:23:05,2026-08-20T01:25:25
269,Kwan On Construction Company Limited,均安建築有限公司,Roads & Drainage,C,active,https://www.devb.gov.hk/filemanager/externaldb/list_contractor_80.js,2026-08-20T01:23:05,2026-08-20T01:25:25
270,Kwan On Construction Company Limited,均安建築有限公司,Site Formation,B,active,https://www.devb.gov.hk/filemanager/externaldb/list_contractor_80.js,2026-08-20T01:23:05,2026-08-20T01:25:25
271,Kwan On Construction Company Limited,均安建築有限公司,Waterworks,C,active,https://www.devb.gov.hk/filemanager/externaldb/list_contractor_80.js,2026-08-20T01:23:05,2026-08-20T01:25:25
272,Kwan Shing Construction Limited,坤成建築有限公司,Buildings,B,active,https://www.devb.gov.hk/filemanager/externaldb/list_contractor_80.js,2026-08-20T01:23:05,2026-08-20T01:25:25
273,Kwei Kee Construction Limited,桂記建築有限公司,Roads & Drainage,A,active,https://www.devb.gov.hk/filemanager/externaldb/list_contractor_80.js,2026-08-20T01:23:05,2026-08-20T01:25:25
274,Kwong On Engineering Company Limited,廣安工程有限公司,Waterworks,A,active,https://www.devb.gov.hk/filemanager/externaldb/list_contractor_80.js,2026-08-20T01:23:05,2026-08-20T01:25:25
275,Lam Woo & Company Limited,聯益建造有限公司,Buildings,C,active,https://www.devb.gov.hk/filemanager/externaldb/list_contractor_80.js,2026-08-20T01:23:05,2026-08-20T01:25:25
276,Lam Woo & Company Limited,聯益建造有限公司,Roads & Drainage,A,active,https://www.devb.gov.hk/filemanager/externaldb/list_contractor_80.js,2026-08-20T01:23:05,2026-08-20T01:25:25
277,Lam Woo & Company Limited,聯益建造有限公司,Waterworks,C,active,https://www.devb.gov.hk/filemanager/externaldb/list_contractor_80.js,2026-08-20T01:23:05,2026-08-20T01:25:25
278,Lanon Development Limited,亮雅發展有限公司,Buildings,C,active,https://www.devb.gov.hk/filemanager/externaldb/list_contractor_80.js,2026-08-20T01:23:05,2026-08-20T01:25:25
279,Lanon Development Limited,亮雅發展有限公司,Port Works,C,active,https://www.devb.gov.hk/filemanager/externaldb/list_contractor_80.js,2026-08-20T01:23:05,2026-08-20T01:25:25
280,Lanon Development Limited,亮雅發展有限公司,Roads & Drainage,C,active,https://www.devb.gov.hk/filemanager/externaldb/list_contractor_80.js,2026-08-20T01:23:05,2026-08-20T01:25:25
281,Lanon Development Limited,亮雅發展有限公司,Site Formation,C,active,https://www.devb.gov.hk/filemanager/externaldb/list_contractor_80.js,2026-08-20T01:23:05,2026-08-20T01:25:25
282,Lanon Development Limited,亮雅發展有限公司,Waterworks,C,active,https://www.devb.gov.hk/filemanager/externaldb/list_contractor_80.js,2026-08-20T01:23:05,2026-08-20T01:25:25
283,Lap Kai Engineering Company Limited,立基工程有限公司,Port Works,B,active,https://www.devb.gov.hk/filemanager/externaldb/list_contractor_80.js,2026-08-20T01:23:05,2026-08-20T01:25:25
284,Lap Kai Engineering Company Limited,立基工程有限公司,Roads & Drainage,C,active,https://www.devb.gov.hk/filemanager/externaldb/list_contractor_80.js,2026-08-20T01:23:05,2026-08-20T01:25:25
285,Lap Kai Engineering Company Limited,立基工程有限公司,Site Formation,C,active,https://www.devb.gov.hk/filemanager/externaldb/list_contractor_80.js,2026-08-20T01:23:05,2026-08-20T01:25:25
286,Law Chi Yip Construction Company Limited,羅志業建築有限公司,Buildings,B,active,https://www.devb.gov.hk/filemanager/externaldb/list_contractor_80.js,2026-08-20T01:23:05,2026-08-20T01:25:25
287,Law Chi Yip Construction Company Limited,羅志業建築有限公司,Port Works,B,active,https://www.devb.gov.hk/filemanager/externaldb/list_contractor_80.js,2026-08-20T01:23:05,2026-08-20T01:25:25
288,Law Chi Yip Construction Company Limited,羅志業建築有限公司,Roads & Drainage,B,active,https://www.devb.gov.hk/filemanager/externaldb/list_contractor_80.js,2026-08-20T01:23:05,2026-08-20T01:25:25
289,Law Chi Yip Construction Company Limited,羅志業建築有限公司,Site Formation,B,active,https://www.devb.gov.hk/filemanager/externaldb/list_contractor_80.js,2026-08-20T01:23:05,2026-08-20T01:25:25
290,Law Chi Yip Construction Company Limited,羅志業建築有限公司,Waterworks,C,active,https://www.devb.gov.hk/filemanager/externaldb/list_contractor_80.js,2026-08-20T01:23:05,2026-08-20T01:25:25
291,"Lee & Co., Engineering Limited",李氏工程有限公司,Roads & Drainage,B,active,https://www.devb.gov.hk/filemanager/externaldb/list_contractor_80.js,2026-08-20T01:23:05,2026-08-20T01:25:25
292,Leighton Contractors (Asia) Limited,禮頓建築 (亞洲) 有限公司,Buildings,C,active,https://www.devb.gov.hk/filemanager/externaldb/list_contractor_80.js,2026-08-20T01:23:05,2026-08-20T01:25:25
293,Leighton Contractors (Asia) Limited,禮頓建築 (亞洲) 有限公司,Port Works,C,active,https://www.devb.gov.hk/filemanager/externaldb/list_contractor_80.js,2026-08-20T01:23:05,2026-08-20T01:25:25
294,Leighton Contractors (Asia) Limited,禮頓建築 (亞洲) 有限公司,Roads & Drainage,C,active,https://www.devb.gov.hk/filemanager/externaldb/list_contractor_80.js,2026-08-20T01:23:05,2026-08-20T01:25:25
295,Leighton Contractors (Asia) Limited,禮頓建築 (亞洲) 有限公司,Site Formation,C,active,https://www.devb.gov.hk/filemanager/externaldb/list_contractor_80.js,2026-08-20T01:23:05,2026-08-20T01:25:25
296,Leighton Contractors (Asia) Limited,禮頓建築 (亞洲) 有限公司,Waterworks,C,active,https://www.devb.gov.hk/filemanager/externaldb/list_contractor_80.js,2026-08-20T01:23:05,2026-08-20T01:25:25
297,"Lidell Construction Company, Limited",立德建築有限公司,Buildings,B,active,https://www.devb.gov.hk/filemanager/externaldb/list_contractor_80.js,2026-08-20T01:23:05,2026-08-20T01:25:25
298,Lik Shing Engineering Company Limited,力盛工程有限公司,Roads & Drainage,B,suspended,https://www.devb.gov.hk/filemanager/externaldb/list_contractor_80.js,2026-08-20T01:23:05,2026-08-20T01:25:25
299,Luen Fat Engineering and Construction Company,聯發工程公司,Roads & Drainage,A,active,https://www.devb.gov.hk/filemanager/externaldb/list_contractor_80.js,2026-08-20T01:23:05,2026-08-20T01:25:25
300,Luen Fat Engineering and Construction Company Limited,聯發建築工程有限公司,Roads & Drainage,A,active,https://www.devb.gov.hk/filemanager/externaldb/list_contractor_80.js,2026-08-20T01:23:05,2026-08-20T01:25:25
301,Luen Hing Engineering (Asia) Limited,聯興工程(亞洲)有限公司,Waterworks,A,active,https://www.devb.gov.hk/filemanager/externaldb/list_contractor_80.js,2026-08-20T01:23:05,2026-08-20T01:25:25
302,Lung Hing Engineering Limited,龍興工程有限公司,Roads & Drainage,A,active,https://www.devb.gov.hk/filemanager/externaldb/list_contractor_80.js,2026-08-20T01:23:05,2026-08-20T01:25:25
303,Lung Hing Engineering Limited,龍興工程有限公司,Site Formation,B,active,https://www.devb.gov.hk/filemanager/externaldb/list_contractor_80.js,2026-08-20T01:23:05,2026-08-20T01:25:25
304,Mak Hang Kei (Hong Kong) Construction Limited,麥行記 (香港) 建築有限公司,Roads & Drainage,B,active,https://www.devb.gov.hk/filemanager/externaldb/list_contractor_80.js,2026-08-20T01:23:05,2026-08-20T01:25:25
305,Man Kit Construction Company Limited,文傑建築有限公司,Buildings,B,active,https://www.devb.gov.hk/filemanager/externaldb/list_contractor_80.js,2026-08-20T01:23:05,2026-08-20T01:25:25
306,Manhing Engineering Co.,文興工程公司,Buildings,A,active,https://www.devb.gov.hk/filemanager/externaldb/list_contractor_80.js,2026-08-20T01:23:05,2026-08-20T01:25:25
307,Martin Construction Company Limited,鴻業建築有限公司,Buildings,B,active,https://www.devb.gov.hk/filemanager/externaldb/list_contractor_80.js,2026-08-20T01:23:05,2026-08-20T01:25:25
308,Max China Engineering Limited,豐華工程有限公司,Roads & Drainage,B,active,https://www.devb.gov.hk/filemanager/externaldb/list_contractor_80.js,2026-08-20T01:23:05,2026-08-20T01:25:25
309,Max China Engineering Limited,豐華工程有限公司,Site Formation,B,active,https://www.devb.gov.hk/filemanager/externaldb/list_contractor_80.js,2026-08-20T01:23:05,2026-08-20T01:25:25
310,Maxful Engineering Limited,萬利寶工程有限公司,Waterworks,B,active,https://www.devb.gov.hk/filemanager/externaldb/list_contractor_80.js,2026-08-20T01:23:05,2026-08-20T01:25:25
311,Maylon Construction Company Limited,美聯建築有限公司,Buildings,B,suspended,https://www.devb.gov.hk/filemanager/externaldb/list_contractor_80.js,2026-08-20T01:23:05,2026-08-20T01:25:25
312,Maylon Construction Company Limited,美聯建築有限公司,Roads & Drainage,B,active,https://www.devb.gov.hk/filemanager/externaldb/list_contractor_80.js,2026-08-20T01:23:05,2026-08-20T01:25:25
313,"Mei Shing Engineering Co., Limited",美成工程有限公司,Roads & Drainage,A,active,https://www.devb.gov.hk/filemanager/externaldb/list_contractor_80.js,2026-08-20T01:23:05,2026-08-20T01:25:25
314,Milestone Builder Engineering Limited,進階建築工程有限公司,Buildings,A,active,https://www.devb.gov.hk/filemanager/externaldb/list_contractor_80.js,2026-08-20T01:23:05,2026-08-20T01:25:25
315,Milton Construction Engineering Limited,萬昇建築工程有限公司,Buildings,A,active,https://www.devb.gov.hk/filemanager/externaldb/list_contractor_80.js,2026-08-20T01:23:05,2026-08-20T01:25:25
316,Ming Hing Civil Contractors Limited,明興土木工程有限公司,Waterworks,C,active,https://www.devb.gov.hk/filemanager/externaldb/list_contractor_80.js,2026-08-20T01:23:05,2026-08-20T01:25:25
317,Ming Hing Waterworks Engineering Company Limited,明興水務渠務工程有限公司,Roads & Drainage,B,active,https://www.devb.gov.hk/filemanager/externaldb/list_contractor_80.js,2026-08-20T01:23:05,2026-08-20T01:25:25
318,Ming Hing Waterworks Engineering Company Limited,明興水務渠務工程有限公司,Site Formation,B,active,https://www.devb.gov.hk/filemanager/externaldb/list_contractor_80.js,2026-08-20T01:23:05,2026-08-20T01:25:25
319,Ming Hing Waterworks Engineering Company Limited,明興水務渠務工程有限公司,Waterworks,C,active,https://www.devb.gov.hk/filemanager/externaldb/list_contractor_80.js,2026-08-20T01:23:05,2026-08-20T01:25:25
320,Ming Lee Foundation Company Limited,明利基礎工程有限公司,Site Formation,B,active,https://www.devb.gov.hk/filemanager/externaldb/list_contractor_80.js,2026-08-20T01:23:05,2026-08-20T01:25:25
321,New City Construction Company Limited,新城市建築有限公司,Buildings,B,active,https://www.devb.gov.hk/filemanager/externaldb/list_contractor_80.js,2026-08-20T01:23:05,2026-08-20T01:25:25
322,New Hopes Construction Company Limited,新合成建築工程有限公司,Buildings,A,active,https://www.devb.gov.hk/filemanager/externaldb/list_contractor_80.js,2026-08-20T01:23:05,2026-08-20T01:25:25
323,New House Construction Company Limited,新豪建築有限公司,Buildings,C,active,https://www.devb.gov.hk/filemanager/externaldb/list_contractor_80.js,2026-08-20T01:23:05,2026-08-20T01:25:25
324,New Progress Construction Company Limited,新進建築有限公司,Buildings,B,active,https://www.devb.gov.hk/filemanager/externaldb/list_contractor_80.js,2026-08-20T01:23:05,2026-08-20T01:25:25
325,Pacific Construction Limited,太平洋建築有限公司,Buildings,B,active,https://www.devb.gov.hk/filemanager/externaldb/list_contractor_80.js,2026-08-20T01:23:05,2026-08-20T01:25:25
326,Pacific Construction Limited,太平洋建築有限公司,Site Formation,B,active,https://www.devb.gov.hk/filemanager/externaldb/list_contractor_80.js,2026-08-20T01:23:05,2026-08-20T01:25:25
327,Pacific Extend Limited,盛貿有限公司,Buildings,B,active,https://www.devb.gov.hk/filemanager/externaldb/list_contractor_80.js,2026-08-20T01:23:05,2026-08-20T01:25:25
328,"Paul Y. Construction Company, Limited",保華建築有限公司,Buildings,C,active,https://www.devb.gov.hk/filemanager/externaldb/list_contractor_80.js,2026-08-20T01:23:05,2026-08-20T01:25:25
329,"Paul Y. Construction Company, Limited",保華建築有限公司,Port Works,C,active,https://www.devb.gov.hk/filemanager/externaldb/list_contractor_80.js,2026-08-20T01:23:05,2026-08-20T01:25:25
330,"Paul Y. Construction Company, Limited",保華建築有限公司,Roads & Drainage,C,active,https://www.devb.gov.hk/filemanager/externaldb/list_contractor_80.js,2026-08-20T01:23:05,2026-08-20T01:25:25
331,"Paul Y. Construction Company, Limited",保華建築有限公司,Site Formation,C,active,https://www.devb.gov.hk/filemanager/externaldb/list_contractor_80.js,2026-08-20T01:23:05,2026-08-20T01:25:25
332,"Paul Y. Construction Company, Limited",保華建築有限公司,Waterworks,C,active,https://www.devb.gov.hk/filemanager/externaldb/list_contractor_80.js,2026-08-20T01:23:05,2026-08-20T01:25:25
333,Paul Y. Construction & Engineering Co. Limited,保華建築工程有限公司,Buildings,C,active,https://www.devb.gov.hk/filemanager/externaldb/list_contractor_80.js,2026-08-20T01:23:05,2026-08-20T01:25:25
334,Paul Y. Construction & Engineering Co. Limited,保華建築工程有限公司,Roads & Drainage,B,active,https://www.devb.gov.hk/filemanager/externaldb/list_contractor_80.js,2026-08-20T01:23:05,2026-08-20T01:25:25
335,Paul Y. Construction & Engineering Co. Limited,保華建築工程有限公司,Site Formation,B,active,https://www.devb.gov.hk/filemanager/externaldb/list_contractor_80.js,2026-08-20T01:23:05,2026-08-20T01:25:25
336,Paul Y. General Contractors Limited,保華建築營造有限公司,Buildings,C,active,https://www.devb.gov.hk/filemanager/externaldb/list_contractor_80.js,2026-08-20T01:23:05,2026-08-20T01:25:25
337,Paul Y. General Contractors Limited,保華建築營造有限公司,Roads & Drainage,C,active,https://www.devb.gov.hk/filemanager/externaldb/list_contractor_80.js,2026-08-20T01:23:05,2026-08-20T01:25:25
338,Peako Engineering Co. Limited,必高工程有限公司,Roads & Drainage,C,active,https://www.devb.gov.hk/filemanager/externaldb/list_contractor_80.js,2026-08-20T01:23:05,2026-08-20T01:25:25
339,Peako Engineering Co. Limited,必高工程有限公司,Site Formation,B,active,https://www.devb.gov.hk/filemanager/externaldb/list_contractor_80.js,2026-08-20T01:23:05,2026-08-20T01:25:25
340,"Penta-Ocean Construction Co., Ltd.",五洋建設株式會社,Buildings,C,active,https://www.devb.gov.hk/filemanager/externaldb/list_contractor_80.js,2026-08-20T01:23:05,2026-08-20T01:25:25
341,"Penta-Ocean Construction Co., Ltd.",五洋建設株式會社,Port Works,C,active,https://www.devb.gov.hk/filemanager/externaldb/list_contractor_80.js,2026-08-20T01:23:05,2026-08-20T01:25:25
342,"Penta-Ocean Construction Co., Ltd.",五洋建設株式會社,Roads & Drainage,C,active,https://www.devb.gov.hk/filemanager/externaldb/list_contractor_80.js,2026-08-20T01:23:05,2026-08-20T01:25:25
343,"Penta-Ocean Construction Co., Ltd.",五洋建設株式會社,Site Formation,C,active,https://www.devb.gov.hk/filemanager/externaldb/list_contractor_80.js,2026-08-20T01:23:05,2026-08-20T01:25:25
344,"Penta-Ocean Construction Co., Ltd.",五洋建設株式會社,Waterworks,C,active,https://www.devb.gov.hk/filemanager/externaldb/list_contractor_80.js,2026-08-20T01:23:05,2026-08-20T01:25:25
345,Po Hsing Construction Company Limited,寶星建築有限公司,Buildings,A,active,https://www.devb.gov.hk/filemanager/externaldb/list_contractor_80.js,2026-08-20T01:23:05,2026-08-20T01:25:25
346,Po Shing Construction Limited,保成建設有限公司,Buildings,B,active,https://www.devb.gov.hk/filemanager/externaldb/list_contractor_80.js,2026-08-20T01:23:05,2026-08-20T01:25:25
347,Po Tak Construction Co. Limited,保德建築有限公司,Buildings,B,active,https://www.devb.gov.hk/filemanager/externaldb/list_contractor_80.js,2026-08-20T01:23:05,2026-08-20T01:25:25
348,Po Wing H.P. Drainpipe & Construction Company Limited,寶榮建造工程有限公司,Roads & Drainage,B,active,https://www.devb.gov.hk/filemanager/externaldb/list_contractor_80.js,2026-08-20T01:23:05,2026-08-20T01:25:25
349,Pollard Construction Company Limited,普立建築有限公司,Buildings,B,active,https://www.devb.gov.hk/filemanager/externaldb/list_contractor_80.js,2026-08-20T01:23:05,2026-08-20T01:25:25
350,Pollard Construction Company Limited,普立建築有限公司,Roads & Drainage,A,active,https://www.devb.gov.hk/filemanager/externaldb/list_contractor_80.js,2026-08-20T01:23:05,2026-08-20T01:25:25
351,Pollard Construction Company Limited,普立建築有限公司,Site Formation,B,active,https://www.devb.gov.hk/filemanager/externaldb/list_contractor_80.js,2026-08-20T01:23:05,2026-08-20T01:25:25
352,Pollard Construction Company Limited,普立建築有限公司,Waterworks,C,active,https://www.devb.gov.hk/filemanager/externaldb/list_contractor_80.js,2026-08-20T01:23:05,2026-08-20T01:25:25
353,Program Contractors Limited,葆岡工程有限公司,Buildings,A,active,https://www.devb.gov.hk/filemanager/externaldb/list_contractor_80.js,2026-08-20T01:23:05,2026-08-20T01:25:25
354,Prosper Contractor Limited,昌盛建設有限公司,Buildings,B,active,https://www.devb.gov.hk/filemanager/externaldb/list_contractor_80.js,2026-08-20T01:23:05,2026-08-20T01:25:25
355,Prosper Contractor Limited,昌盛建設有限公司,Roads & Drainage,B,active,https://www.devb.gov.hk/filemanager/externaldb/list_contractor_80.js,2026-08-20T01:23:05,2026-08-20T01:25:25
356,Prosper Contractor Limited,昌盛建設有限公司,Site Formation,B,active,https://www.devb.gov.hk/filemanager/externaldb/list_contractor_80.js,2026-08-20T01:23:05,2026-08-20T01:25:25
357,PYE General Construction International Limited,保華營造國際有限公司,Buildings,C,active,https://www.devb.gov.hk/filemanager/externaldb/list_contractor_80.js,2026-08-20T01:23:05,2026-08-20T01:25:25
358,Ray On Construction Company Limited,威安建築有限公司,Buildings,B,active,https://www.devb.gov.hk/filemanager/externaldb/list_contractor_80.js,2026-08-20T01:23:05,2026-08-20T01:25:25
359,Ray On Construction Company Limited,威安建築有限公司,Roads & Drainage,A,active,https://www.devb.gov.hk/filemanager/externaldb/list_contractor_80.js,2026-08-20T01:23:05,2026-08-20T01:25:25
360,Realty Cheng & Partners Construction Limited,偉業聯和建築有限公司,Buildings,C,active,https://www.devb.gov.hk/filemanager/externaldb/list_contractor_80.js,2026-08-20T01:23:05,2026-08-20T01:25:25
361,RenoPipe Construction Company Limited,瑞昇管道建設有限公司,Roads & Drainage,B,active,https://www.devb.gov.hk/filemanager/externaldb/list_contractor_80.js,2026-08-20T01:23:05,2026-08-20T01:25:25
362,RenoPipe Construction Company Limited,瑞昇管道建設有限公司,Waterworks,B,active,https://www.devb.gov.hk/filemanager/externaldb/list_contractor_80.js,2026-08-20T01:23:05,2026-08-20T01:25:25
363,Richwell Civil Engineering Limited,顯豐土木工程有限公司,Roads & Drainage,C,active,https://www.devb.gov.hk/filemanager/externaldb/list_contractor_80.js,2026-08-20T01:23:05,2026-08-20T01:25:25
364,Richwell Engineering Limited,顯豐工程有限公司,Roads & Drainage,C,active,https://www.devb.gov.hk/filemanager/externaldb/list_contractor_80.js,2026-08-20T01:23:05,2026-08-20T01:25:25
365,Richwell Engineering Limited,顯豐工程有限公司,Site Formation,B,active,https://www.devb.gov.hk/filemanager/externaldb/list_contractor_80.js,2026-08-20T01:23:05,2026-08-20T01:25:25
366,Riseway Construction Engineering Limited,昇偉建築工程有限公司,Roads & Drainage,B,active,https://www.devb.gov.hk/filemanager/externaldb/list_contractor_80.js,2026-08-20T01:23:05,2026-08-20T01:25:25
367,Sam Cheong Construction Company Limited,三昌建築有限公司,Buildings,A,active,https://www.devb.gov.hk/filemanager/externaldb/list_contractor_80.js,2026-08-20T01:23:05,2026-08-20T01:25:25
368,Samsung C&T Corporation,Samsung C&T Corporation,Port Works,C,active,https://www.devb.gov.hk/filemanager/externaldb/list_contractor_80.js,2026-08-20T01:23:05,2026-08-20T01:25:25
369,Samsung C&T Corporation,Samsung C&T Corporation,Roads & Drainage,C,active,https://www.devb.gov.hk/filemanager/externaldb/list_contractor_80.js,2026-08-20T01:23:05,2026-08-20T01:25:25
370,Sanfield Building Contractors Limited,新輝建築有限公司,Buildings,C,active,https://www.devb.gov.hk/filemanager/externaldb/list_contractor_80.js,2026-08-20T01:23:05,2026-08-20T01:25:25
371,Sang Hing Civil Contractors Company Limited,生興土木有限公司,Roads & Drainage,C,active,https://www.devb.gov.hk/filemanager/externaldb/list_contractor_80.js,2026-08-20T01:23:05,2026-08-20T01:25:25
372,Sang Hing Civil Contractors Company Limited,生興土木有限公司,Site Formation,C,active,https://www.devb.gov.hk/filemanager/externaldb/list_contractor_80.js,2026-08-20T01:23:05,2026-08-20T01:25:25
373,Shanghai Construction Overseas Engineering Limited,上海建工海外工程有限公司,Roads & Drainage,C,active,https://www.devb.gov.hk/filemanager/externaldb/list_contractor_80.js,2026-08-20T01:23:05,2026-08-20T01:25:25
374,Shanghai Construction Overseas Engineering Limited,上海建工海外工程有限公司,Site Formation,B,active,https://www.devb.gov.hk/filemanager/externaldb/list_contractor_80.js,2026-08-20T01:23:05,2026-08-20T01:25:25
375,Shanghai Tunnel Engineering Co. Ltd.,上海隧道工程股份有限公司,Roads & Drainage,C,active,https://www.devb.gov.hk/filemanager/externaldb/list_contractor_80.js,2026-08-20T01:23:05,2026-08-20T01:25:25
376,Shanghai Tunnel Engineering Co. Ltd.,上海隧道工程股份有限公司,Site Formation,C,active,https://www.devb.gov.hk/filemanager/externaldb/list_contractor_80.js,2026-08-20T01:23:05,2026-08-20T01:25:25
377,Sheen Billion Development Limited,億順發展有限公司,Roads & Drainage,B,active,https://www.devb.gov.hk/filemanager/externaldb/list_contractor_80.js,2026-08-20T01:23:05,2026-08-20T01:25:25
378,Shing Hing Civil Engineering Limited,誠興土木工程有限公司,Site Formation,B,active,https://www.devb.gov.hk/filemanager/externaldb/list_contractor_80.js,2026-08-20T01:23:05,2026-08-20T01:25:25
379,Shing Hing Construction Company Limited,成興建築有限公司,Buildings,B,active,https://www.devb.gov.hk/filemanager/externaldb/list_contractor_80.js,2026-08-20T01:23:05,2026-08-20T01:25:25
380,Shui On Building Contractors Limited,瑞安承建有限公司,Buildings,C,active,https://www.devb.gov.hk/filemanager/externaldb/list_contractor_80.js,2026-08-20T01:23:05,2026-08-20T01:25:25
381,Shui On Building Contractors Limited,瑞安承建有限公司,Roads & Drainage,B,active,https://www.devb.gov.hk/filemanager/externaldb/list_contractor_80.js,2026-08-20T01:23:05,2026-08-20T01:25:25
382,Shui On Construction Company Limited,瑞安建築有限公司,Buildings,C,active,https://www.devb.gov.hk/filemanager/externaldb/list_contractor_80.js,2026-08-20T01:23:05,2026-08-20T01:25:25
383,Shui Wing Engineering Company Limited,瑞榮工程有限公司,Roads & Drainage,B,active,https://www.devb.gov.hk/filemanager/externaldb/list_contractor_80.js,2026-08-20T01:23:05,2026-08-20T01:25:25
384,Shui Wing Engineering Company Limited,瑞榮工程有限公司,Site Formation,B,active,https://www.devb.gov.hk/filemanager/externaldb/list_contractor_80.js,2026-08-20T01:23:05,2026-08-20T01:25:25
385,Shui Wing Engineering Company Limited,瑞榮工程有限公司,Waterworks,A,active,https://www.devb.gov.hk/filemanager/externaldb/list_contractor_80.js,2026-08-20T01:23:05,2026-08-20T01:25:25
386,Shun Shing Contractors Limited,信誠營造工程有限公司,Buildings,B,active,https://www.devb.gov.hk/filemanager/externaldb/list_contractor_80.js,2026-08-20T01:23:05,2026-08-20T01:25:25
387,Shun Yip Construction Company Limited,順業建築有限公司,Buildings,B,active,https://www.devb.gov.hk/filemanager/externaldb/list_contractor_80.js,2026-08-20T01:23:05,2026-08-20T01:25:25
388,Shun Yip Construction Company Limited,順業建築有限公司,Roads & Drainage,A,active,https://www.devb.gov.hk/filemanager/externaldb/list_contractor_80.js,2026-08-20T01:23:05,2026-08-20T01:25:25
389,Shun Yuen Construction Company Limited,順源建築有限公司,Roads & Drainage,C,active,https://www.devb.gov.hk/filemanager/externaldb/list_contractor_80.js,2026-08-20T01:23:05,2026-08-20T01:25:25
390,Shun Yuen Construction Company Limited,順源建築有限公司,Site Formation,C,active,https://www.devb.gov.hk/filemanager/externaldb/list_contractor_80.js,2026-08-20T01:23:05,2026-08-20T01:25:25
391,Shun Yuen Construction Company Limited,順源建築有限公司,Waterworks,A,active,https://www.devb.gov.hk/filemanager/externaldb/list_contractor_80.js,2026-08-20T01:23:05,2026-08-20T01:25:25
392,"Sing Fat Construction Company, Limited",成發建築有限公司,Buildings,B,active,https://www.devb.gov.hk/filemanager/externaldb/list_contractor_80.js,2026-08-20T01:23:05,2026-08-20T01:25:25
393,Siu Fai Engineering Limited,少輝工程有限公司,Roads & Drainage,A,active,https://www.devb.gov.hk/filemanager/externaldb/list_contractor_80.js,2026-08-20T01:23:05,2026-08-20T01:25:25
394,Siu Fai Engineering Limited,少輝工程有限公司,Site Formation,B,active,https://www.devb.gov.hk/filemanager/externaldb/list_contractor_80.js,2026-08-20T01:23:05,2026-08-20T01:25:25
395,Smooth Gain Engineering Limited,富威土木工程有限公司,Roads & Drainage,A,active,https://www.devb.gov.hk/filemanager/externaldb/list_contractor_80.js,2026-08-20T01:23:05,2026-08-20T01:25:25
396,South Star Construction Company Limited,南星營造有限公司,Buildings,A,active,https://www.devb.gov.hk/filemanager/externaldb/list_contractor_80.js,2026-08-20T01:23:05,2026-08-20T01:25:25
397,Square Construction Company Limited,新生建築有限公司,Buildings,C,active,https://www.devb.gov.hk/filemanager/externaldb/list_contractor_80.js,2026-08-20T01:23:05,2026-08-20T01:25:25
398,Sui Chong Construction and Engineering Company Limited,瑞昌建築工程有限公司,Buildings,C,active,https://www.devb.gov.hk/filemanager/externaldb/list_contractor_80.js,2026-08-20T01:23:05,2026-08-20T01:25:25
399,Sum Kee Construction Limited,森記建築有限公司,Roads & Drainage,C,active,https://www.devb.gov.hk/filemanager/externaldb/list_contractor_80.js,2026-08-20T01:23:05,2026-08-20T01:25:25
400,Sun Fook Kong (Civil) Limited,新褔港 (土木) 有限公司,Buildings,B,active,https://www.devb.gov.hk/filemanager/externaldb/list_contractor_80.js,2026-08-20T01:23:05,2026-08-20T01:25:25
401,Sun Fook Kong (Civil) Limited,新褔港 (土木) 有限公司,Port Works,C,active,https://www.devb.gov.hk/filemanager/externaldb/list_contractor_80.js,2026-08-20T01:23:05,2026-08-20T01:25:25
402,Sun Fook Kong (Civil) Limited,新褔港 (土木) 有限公司,Roads & Drainage,C,active,https://www.devb.gov.hk/filemanager/externaldb/list_contractor_80.js,2026-08-20T01:23:05,2026-08-20T01:25:25
403,Sun Fook Kong (Civil) Limited,新褔港 (土木) 有限公司,Site Formation,C,active,https://www.devb.gov.hk/filemanager/externaldb/list_contractor_80.js,2026-08-20T01:23:05,2026-08-20T01:25:25
404,Sun Fook Kong (Civil) Limited,新褔港 (土木) 有限公司,Waterworks,C,active,https://www.devb.gov.hk/filemanager/externaldb/list_contractor_80.js,2026-08-20T01:23:05,2026-08-20T01:25:25
405,Sun Fook Kong Construction Limited,新福港營造有限公司,Buildings,C,active,https://www.devb.gov.hk/filemanager/externaldb/list_contractor_80.js,2026-08-20T01:23:05,2026-08-20T01:25:25
406,Sun Fook Kong Construction Limited,新福港營造有限公司,Roads & Drainage,B,active,https://www.devb.gov.hk/filemanager/externaldb/list_contractor_80.js,2026-08-20T01:23:05,2026-08-20T01:25:25
407,Sun Fook Kong Construction Limited,新福港營造有限公司,Site Formation,B,active,https://www.devb.gov.hk/filemanager/externaldb/list_contractor_80.js,2026-08-20T01:23:05,2026-08-20T01:25:25
408,Sun Hang Shing Construction & Decoration Company Limited,新恒盛建築裝飾有限公司,Buildings,A,active,https://www.devb.gov.hk/filemanager/externaldb/list_contractor_80.js,2026-08-20T01:23:05,2026-08-20T01:25:25
409,Sun On Engineering Company Limited,新安承建有限公司,Buildings,A,active,https://www.devb.gov.hk/filemanager/externaldb/list_contractor_80.js,2026-08-20T01:23:05,2026-08-20T01:25:25
410,Sun Wing Lee Engineering Company Limited,新榮利建造工程有限公司,Roads & Drainage,A,active,https://www.devb.gov.hk/filemanager/externaldb/list_contractor_80.js,2026-08-20T01:23:05,2026-08-20T01:25:25
411,Sunley Engineering & Construction Company Limited,新利地基工程有限公司,Site Formation,B,active,https://www.devb.gov.hk/filemanager/externaldb/list_contractor_80.js,2026-08-20T01:23:05,2026-08-20T01:25:25
412,Sunnic Engineering Limited,實力工程有限公司,Buildings,B,active,https://www.devb.gov.hk/filemanager/externaldb/list_contractor_80.js,2026-08-20T01:23:05,2026-08-20T01:25:25
413,Sunny Smart Engineering Limited,駿朗工程有限公司,Roads & Drainage,B,active,https://www.devb.gov.hk/filemanager/externaldb/list_contractor_80.js,2026-08-20T01:23:05,2026-08-20T01:25:25
414,Sze Fung Engineering Limited,仕豐工程有限公司,Port Works,B,active,https://www.devb.gov.hk/filemanager/externaldb/list_contractor_80.js,2026-08-20T01:23:05,2026-08-20T01:25:25
415,Tactful Construction & Engineering (HK) Limited,德豐建築工程有限公司,Waterworks,B,active,https://www.devb.gov.hk/filemanager/externaldb/list_contractor_80.js,2026-08-20T01:23:05,2026-08-20T01:25:25
416,Tai Kam Construction Engineering Company Limited,泰錦建築工程有限公司,Roads & Drainage,A,active,https://www.devb.gov.hk/filemanager/externaldb/list_contractor_80.js,2026-08-20T01:23:05,2026-08-20T01:25:25
417,Tai Lee Engineering Company Limited,太利工程有限公司,Roads & Drainage,B,active,https://www.devb.gov.hk/filemanager/externaldb/list_contractor_80.js,2026-08-20T01:23:05,2026-08-20T01:25:25
418,Tak Cheong Construction Company Limited,德昌建築有限公司,Buildings,A,active,https://www.devb.gov.hk/filemanager/externaldb/list_contractor_80.js,2026-08-20T01:23:05,2026-08-20T01:25:25
419,Tak Cheong Construction Company Limited,德昌建築有限公司,Port Works,B,active,https://www.devb.gov.hk/filemanager/externaldb/list_contractor_80.js,2026-08-20T01:23:05,2026-08-20T01:25:25
420,Tapbo Civil Engineering Company Limited,德寶土木工程有限公司,Port Works,B,active,https://www.devb.gov.hk/filemanager/externaldb/list_contractor_80.js,2026-08-20T01:23:05,2026-08-20T01:25:25
421,Tapbo Civil Engineering Company Limited,德寶土木工程有限公司,Roads & Drainage,B,active,https://www.devb.gov.hk/filemanager/externaldb/list_contractor_80.js,2026-08-20T01:23:05,2026-08-20T01:25:25
422,Tapbo Civil Engineering Company Limited,德寶土木工程有限公司,Site Formation,B,active,https://www.devb.gov.hk/filemanager/externaldb/list_contractor_80.js,2026-08-20T01:23:05,2026-08-20T01:25:25
423,Tapbo Construction Company Limited,德寶建築工程有限公司,Buildings,A,active,https://www.devb.gov.hk/filemanager/externaldb/list_contractor_80.js,2026-08-20T01:23:05,2026-08-20T01:25:25
424,Techoy Construction Company Limited,德材建築工程有限公司,Buildings,C,active,https://www.devb.gov.hk/filemanager/externaldb/list_contractor_80.js,2026-08-20T01:23:05,2026-08-20T01:25:25
425,Toko Construction & Machinery Limited,道顧建築機械有限公司,Roads & Drainage,B,active,https://www.devb.gov.hk/filemanager/externaldb/list_contractor_80.js,2026-08-20T01:23:05,2026-08-20T01:25:25
426,Tonic Engineering & Construction Company Limited,通力建築工程有限公司,Port Works,B,active,https://www.devb.gov.hk/filemanager/externaldb/list_contractor_80.js,2026-08-20T01:23:05,2026-08-20T01:25:25
427,Tonic Engineering & Construction Company Limited,通力建築工程有限公司,Waterworks,B,active,https://www.devb.gov.hk/filemanager/externaldb/list_contractor_80.js,2026-08-20T01:23:05,2026-08-20T01:25:25
428,"To's Universe Construction Company, Limited",國宇建築有限公司,Buildings,B,active,https://www.devb.gov.hk/filemanager/externaldb/list_contractor_80.js,2026-08-20T01:23:05,2026-08-20T01:25:25
429,Treasure Construction Engineering Limited,海悅建築工程有限公司,Buildings,C,active,https://www.devb.gov.hk/filemanager/externaldb/list_contractor_80.js,2026-08-20T01:23:05,2026-08-20T01:25:25
430,Tristyle Company Limited,日式有限公司,Buildings,A,active,https://www.devb.gov.hk/filemanager/externaldb/list_contractor_80.js,2026-08-20T01:23:05,2026-08-20T01:25:25
431,Trustful Construction Company Limited,允信建築有限公司,Buildings,C,active,https://www.devb.gov.hk/filemanager/externaldb/list_contractor_80.js,2026-08-20T01:23:05,2026-08-20T01:25:25
432,Trustful Engineering & Construction Company Limited,卓譽建築工程有限公司,Buildings,A,active,https://www.devb.gov.hk/filemanager/externaldb/list_contractor_80.js,2026-08-20T01:23:05,2026-08-20T01:25:25
433,Trustful Engineering & Design Limited,允信工程及設計有限公司,Buildings,B,active,https://www.devb.gov.hk/filemanager/externaldb/list_contractor_80.js,2026-08-20T01:23:05,2026-08-20T01:25:25
434,Tsun Yip Civil Construction Company Limited,進業土木工程有限公司,Roads & Drainage,B,active,https://www.devb.gov.hk/filemanager/externaldb/list_contractor_80.js,2026-08-20T01:23:05,2026-08-20T01:25:25
435,Tsun Yip Civil Construction Company Limited,進業土木工程有限公司,Site Formation,B,active,https://www.devb.gov.hk/filemanager/externaldb/list_contractor_80.js,2026-08-20T01:23:05,2026-08-20T01:25:25
436,Tsun Yip Civil Construction Company Limited,進業土木工程有限公司,Waterworks,C,active,https://www.devb.gov.hk/filemanager/externaldb/list_contractor_80.js,2026-08-20T01:23:05,2026-08-20T01:25:25
437,Tsun Yip Waterworks Construction Company Limited,進業水務建築有限公司,Roads & Drainage,C,active,https://www.devb.gov.hk/filemanager/externaldb/list_contractor_80.js,2026-08-20T01:23:05,2026-08-20T01:25:25
438,Tsun Yip Waterworks Construction Company Limited,進業水務建築有限公司,Site Formation,C,active,https://www.devb.gov.hk/filemanager/externaldb/list_contractor_80.js,2026-08-20T01:23:05,2026-08-20T01:25:25
439,Tsun Yip Waterworks Construction Company Limited,進業水務建築有限公司,Waterworks,C,active,https://www.devb.gov.hk/filemanager/externaldb/list_contractor_80.js,2026-08-20T01:23:05,2026-08-20T01:25:25
440,Tung Lee Civil Engineering Limited,同利土木工程有限公司,Roads & Drainage,B,active,https://www.devb.gov.hk/filemanager/externaldb/list_contractor_80.js,2026-08-20T01:23:05,2026-08-20T01:25:25
441,Tung Lee Civil Engineering Limited,同利土木工程有限公司,Site Formation,B,active,https://www.devb.gov.hk/filemanager/externaldb/list_contractor_80.js,2026-08-20T01:23:05,2026-08-20T01:25:25
442,Tysan Building Construction Company Limited,泰昇建築工程有限公司,Buildings,C,active,https://www.devb.gov.hk/filemanager/externaldb/list_contractor_80.js,2026-08-20T01:23:05,2026-08-20T01:25:25
443,Tysan Foundation Limited,泰昇地基工程有限公司,Roads & Drainage,A,active,https://www.devb.gov.hk/filemanager/externaldb/list_contractor_80.js,2026-08-20T01:23:05,2026-08-20T01:25:25
444,Tysan Foundation Limited,泰昇地基工程有限公司,Site Formation,B,active,https://www.devb.gov.hk/filemanager/externaldb/list_contractor_80.js,2026-08-20T01:23:05,2026-08-20T01:25:25
445,UDL Dredging Limited,太元濬海有限公司,Port Works,B,active,https://www.devb.gov.hk/filemanager/externaldb/list_contractor_80.js,2026-08-20T01:23:05,2026-08-20T01:25:25
446,Union Construction (Group) Limited,聯合建築(集團)有限公司,Buildings,A,suspended,https://www.devb.gov.hk/filemanager/externaldb/list_contractor_80.js,2026-08-20T01:23:05,2026-08-20T01:25:25
447,Union Contractors Limited,華聯建築有限公司,Buildings,B,active,https://www.devb.gov.hk/filemanager/externaldb/list_contractor_80.js,2026-08-20T01:23:05,2026-08-20T01:25:25
448,Union Contractors Limited,華聯建築有限公司,Roads & Drainage,C,active,https://www.devb.gov.hk/filemanager/externaldb/list_contractor_80.js,2026-08-20T01:23:05,2026-08-20T01:25:25
449,Union Contractors Limited,華聯建築有限公司,Waterworks,A,active,https://www.devb.gov.hk/filemanager/externaldb/list_contractor_80.js,2026-08-20T01:23:05,2026-08-20T01:25:25
450,Unison Construction Engineering Limited,滙信建築工程有限公司,Roads & Drainage,B,active,https://www.devb.gov.hk/filemanager/externaldb/list_contractor_80.js,2026-08-20T01:23:05,2026-08-20T01:25:25
451,Unistress Building Construction Limited,聯力建築有限公司,Buildings,C,active,https://www.devb.gov.hk/filemanager/externaldb/list_contractor_80.js,2026-08-20T01:23:05,2026-08-20T01:25:25
452,Unistress Building Construction Limited,聯力建築有限公司,Roads & Drainage,A,active,https://www.devb.gov.hk/filemanager/externaldb/list_contractor_80.js,2026-08-20T01:23:05,2026-08-20T01:25:25
453,United Construction Company Limited,合興建築有限公司,Buildings,B,active,https://www.devb.gov.hk/filemanager/externaldb/list_contractor_80.js,2026-08-20T01:23:05,2026-08-20T01:25:25
454,United Soundfair Engineering Company Limited,聯合昇輝工程有限公司,Roads & Drainage,A,active,https://www.devb.gov.hk/filemanager/externaldb/list_contractor_80.js,2026-08-20T01:23:05,2026-08-20T01:25:25
455,United Soundfair Engineering Company Limited,聯合昇輝工程有限公司,Waterworks,A,active,https://www.devb.gov.hk/filemanager/externaldb/list_contractor_80.js,2026-08-20T01:23:05,2026-08-20T01:25:25
456,U-Tech Engineering Company Limited,卓裕工程有限公司,Roads & Drainage,B,active,https://www.devb.gov.hk/filemanager/externaldb/list_contractor_80.js,2026-08-20T01:23:05,2026-08-20T01:25:25
457,U-Tech Engineering Company Limited,卓裕工程有限公司,Waterworks,C,active,https://www.devb.gov.hk/filemanager/externaldb/list_contractor_80.js,2026-08-20T01:23:05,2026-08-20T01:25:25
458,Utilities Construction Limited,公建工程有限公司,Waterworks,B,active,https://www.devb.gov.hk/filemanager/externaldb/list_contractor_80.js,2026-08-20T01:23:05,2026-08-20T01:25:25
459,Van Oord Dredging and Marine Contractors B.V.,Van Oord Dredging and Marine Contractors B.V.,Port Works,C,active,https://www.devb.gov.hk/filemanager/externaldb/list_contractor_80.js,2026-08-20T01:23:05,2026-08-20T01:25:25
460,Van Oord Dredging and Marine Contractors B.V.,Van Oord Dredging and Marine Contractors B.V.,Site Formation,C,active,https://www.devb.gov.hk/filemanager/externaldb/list_contractor_80.js,2026-08-20T01:23:05,2026-08-20T01:25:25
461,Vasteam Construction Limited,浩隆建築有限公司,Roads & Drainage,B,active,https://www.devb.gov.hk/filemanager/externaldb/list_contractor_80.js,2026-08-20T01:23:05,2026-08-20T01:25:25
462,Vasteam Construction Limited,浩隆建築有限公司,Site Formation,B,active,https://www.devb.gov.hk/filemanager/externaldb/list_contractor_80.js,2026-08-20T01:23:05,2026-08-20T01:25:25
463,Vasteam Construction Limited,浩隆建築有限公司,Waterworks,C,active,https://www.devb.gov.hk/filemanager/externaldb/list_contractor_80.js,2026-08-20T01:23:05,2026-08-20T01:25:25
464,Vernaltex Company Limited,赤道綫有限公司,Roads & Drainage,C,active,https://www.devb.gov.hk/filemanager/externaldb/list_contractor_80.js,2026-08-20T01:23:05,2026-08-20T01:25:25
465,Vibro (H.K.) Limited,惠保 (香港) 有限公司,Roads & Drainage,B,active,https://www.devb.gov.hk/filemanager/externaldb/list_contractor_80.js,2026-08-20T01:23:05,2026-08-20T01:25:25
466,Vibro (H.K.) Limited,惠保 (香港) 有限公司,Site Formation,C,active,https://www.devb.gov.hk/filemanager/externaldb/list_contractor_80.js,2026-08-20T01:23:05,2026-08-20T01:25:25
467,Vibro (H.K.) Limited,惠保 (香港) 有限公司,Waterworks,B,active,https://www.devb.gov.hk/filemanager/externaldb/list_contractor_80.js,2026-08-20T01:23:05,2026-08-20T01:25:25
468,Vibro Construction Company Limited,惠保建築有限公司,Roads & Drainage,C,active,https://www.devb.gov.hk/filemanager/externaldb/list_contractor_80.js,2026-08-20T01:23:05,2026-08-20T01:25:25
469,Vibro Construction Company Limited,惠保建築有限公司,Site Formation,C,active,https://www.devb.gov.hk/filemanager/externaldb/list_contractor_80.js,2026-08-20T01:23:05,2026-08-20T01:25:25
470,Victory Trenchless Engineering Co. Limited,偉達利工程有限公司,Roads & Drainage,B,suspended,https://www.devb.gov.hk/filemanager/externaldb/list_contractor_80.js,2026-08-20T01:23:05,2026-08-20T01:25:25
471,VSL Hong Kong Limited,威勝利香港有限公司,Roads & Drainage,C,active,https://www.devb.gov.hk/filemanager/externaldb/list_contractor_80.js,2026-08-20T01:23:05,2026-08-20T01:25:25
472,W & Y Construction and Engineering Company Limited,華堯建築工程有限公司,Buildings,B,active,https://www.devb.gov.hk/filemanager/externaldb/list_contractor_80.js,2026-08-20T01:23:05,2026-08-20T01:25:25
473,W. Hing Construction Company Limited,永興聯合建築有限公司,Buildings,C,active,https://www.devb.gov.hk/filemanager/externaldb/list_contractor_80.js,2026-08-20T01:23:05,2026-08-20T01:25:25
474,W. Hing Construction Company Limited,永興聯合建築有限公司,Roads & Drainage,A,active,https://www.devb.gov.hk/filemanager/externaldb/list_contractor_80.js,2026-08-20T01:23:05,2026-08-20T01:25:25
475,W. Hing Construction Company Limited,永興聯合建築有限公司,Site Formation,B,active,https://www.devb.gov.hk/filemanager/externaldb/list_contractor_80.js,2026-08-20T01:23:05,2026-08-20T01:25:25
476,W. M. Construction Limited,永明建築有限公司,Buildings,B,active,https://www.devb.gov.hk/filemanager/externaldb/list_contractor_80.js,2026-08-20T01:23:05,2026-08-20T01:25:25
477,Wah Cheong Construction Company Limited,華昌建築有限公司,Buildings,A,active,https://www.devb.gov.hk/filemanager/externaldb/list_contractor_80.js,2026-08-20T01:23:05,2026-08-20T01:25:25
478,Wah Seng General Contractors Limited,華生建築有限公司,Buildings,B,active,https://www.devb.gov.hk/filemanager/externaldb/list_contractor_80.js,2026-08-20T01:23:05,2026-08-20T01:25:25
479,Wah Seng General Contractors Limited,華生建築有限公司,Roads & Drainage,B,active,https://www.devb.gov.hk/filemanager/externaldb/list_contractor_80.js,2026-08-20T01:23:05,2026-08-20T01:25:25
480,Wah Tat Construction Company,華達建築公司,Buildings,B,active,https://www.devb.gov.hk/filemanager/externaldb/list_contractor_80.js,2026-08-20T01:23:05,2026-08-20T01:25:25
481,Wai Cheong Construction Engineering Limited,槐昌建築工程有限公司,Roads & Drainage,A,active,https://www.devb.gov.hk/filemanager/externaldb/list_contractor_80.js,2026-08-20T01:23:05,2026-08-20T01:25:25
482,Wan Chung Construction Company Limited,宏宗建築有限公司,Buildings,C,active,https://www.devb.gov.hk/filemanager/externaldb/list_contractor_80.js,2026-08-20T01:23:05,2026-08-20T01:25:25
483,Wan Chung Construction Company Limited,宏宗建築有限公司,Site Formation,B,active,https://www.devb.gov.hk/filemanager/externaldb/list_contractor_80.js,2026-08-20T01:23:05,2026-08-20T01:25:25
484,"Wan Chung Engineering Co., Limited",宏宗工程有限公司,Buildings,B,active,https://www.devb.gov.hk/filemanager/externaldb/list_contractor_80.js,2026-08-20T01:23:05,2026-08-20T01:25:25
485,Wang Kee Civil Limited,宏記土木有限公司,Roads & Drainage,B,active,https://www.devb.gov.hk/filemanager/externaldb/list_contractor_80.js,2026-08-20T01:23:05,2026-08-20T01:25:25
486,Wang Kee Construction Company Limited,宏記建築有限公司,Roads & Drainage,C,active,https://www.devb.gov.hk/filemanager/externaldb/list_contractor_80.js,2026-08-20T01:23:05,2026-08-20T01:25:25
487,Wanson Construction Company Limited,宏勝建築有限公司,Buildings,B,active,https://www.devb.gov.hk/filemanager/externaldb/list_contractor_80.js,2026-08-20T01:23:05,2026-08-20T01:25:25
488,Waterland Detection Engineering Limited,益捷探測工程有限公司,Roads & Drainage,A,active,https://www.devb.gov.hk/filemanager/externaldb/list_contractor_80.js,2026-08-20T01:23:05,2026-08-20T01:25:25
489,Waterland Detection Engineering Limited,益捷探測工程有限公司,Waterworks,A,active,https://www.devb.gov.hk/filemanager/externaldb/list_contractor_80.js,2026-08-20T01:23:05,2026-08-20T01:25:25
490,Wecon Limited,偉工有限公司,Buildings,C,active,https://www.devb.gov.hk/filemanager/externaldb/list_contractor_80.js,2026-08-20T01:23:05,2026-08-20T01:25:25
491,Wecon Construction & Engineering Limited,偉工建築有限公司,Buildings,C,active,https://www.devb.gov.hk/filemanager/externaldb/list_contractor_80.js,2026-08-20T01:23:05,2026-08-20T01:25:25
492,Welcome Construction Company Limited,偉金建築有限公司,Port Works,B,active,https://www.devb.gov.hk/filemanager/externaldb/list_contractor_80.js,2026-08-20T01:23:05,2026-08-20T01:25:25
493,Welcome Construction Company Limited,偉金建築有限公司,Roads & Drainage,C,active,https://www.devb.gov.hk/filemanager/externaldb/list_contractor_80.js,2026-08-20T01:23:05,2026-08-20T01:25:25
494,Welcome Construction Company Limited,偉金建築有限公司,Site Formation,B,active,https://www.devb.gov.hk/filemanager/externaldb/list_contractor_80.js,2026-08-20T01:23:05,2026-08-20T01:25:25
495,Welcome Construction Company Limited,偉金建築有限公司,Waterworks,B,active,https://www.devb.gov.hk/filemanager/externaldb/list_contractor_80.js,2026-08-20T01:23:05,2026-08-20T01:25:25
496,Wing Hing Construction Company Limited,榮興建築有限公司,Roads & Drainage,B,active,https://www.devb.gov.hk/filemanager/externaldb/list_contractor_80.js,2026-08-20T01:23:05,2026-08-20T01:25:25
497,Wing Hing Construction Company Limited,榮興建築有限公司,Waterworks,A,active,https://www.devb.gov.hk/filemanager/externaldb/list_contractor_80.js,2026-08-20T01:23:05,2026-08-20T01:25:25
498,Wing Keung Engineering Company,永強工程公司,Buildings,A,active,https://www.devb.gov.hk/filemanager/externaldb/list_contractor_80.js,2026-08-20T01:23:05,2026-08-20T01:25:25
499,Wing Lee (SK) Construction Company Limited,永利(聲記)建築有限公司,Roads & Drainage,B,active,https://www.devb.gov.hk/filemanager/externaldb/list_contractor_80.js,2026-08-20T01:23:05,2026-08-20T01:25:25
500,"Wing Sum Construction & Engineering Co., Limited",永森建築工程有限公司,Buildings,B,active,https://www.devb.gov.hk/filemanager/externaldb/list_contractor_80.js,2026-08-20T01:23:05,2026-08-20T01:25:25
501,Wing Tat Civil Engineering Co. Limited,永達土木工程有限公司,Roads & Drainage,B,active,https://www.devb.gov.hk/filemanager/externaldb/list_contractor_80.js,2026-08-20T01:23:05,2026-08-20T01:25:25
502,Wing's Construction Company Limited,榮泰建築有限公司,Roads & Drainage,A,active,https://www.devb.gov.hk/filemanager/externaldb/list_contractor_80.js,2026-08-20T01:23:05,2026-08-20T01:25:25
503,Wing's Construction Company Limited,榮泰建築有限公司,Waterworks,A,active,https://www.devb.gov.hk/filemanager/externaldb/list_contractor_80.js,2026-08-20T01:23:05,2026-08-20T01:25:25
504,Wise Trend Engineering Limited,駿慧工程有限公司,Buildings,A,active,https://www.devb.gov.hk/filemanager/externaldb/list_contractor_80.js,2026-08-20T01:23:05,2026-08-20T01:25:25
505,Wo Hing Construction Company Limited,和興建築有限公司,Buildings,B,active,https://www.devb.gov.hk/filemanager/externaldb/list_contractor_80.js,2026-08-20T01:23:05,2026-08-20T01:25:25
506,Wo Hing Construction Company Limited,和興建築有限公司,Roads & Drainage,C,active,https://www.devb.gov.hk/filemanager/externaldb/list_contractor_80.js,2026-08-20T01:23:05,2026-08-20T01:25:25
507,Wo Hing Construction Company Limited,和興建築有限公司,Site Formation,B,active,https://www.devb.gov.hk/filemanager/externaldb/list_contractor_80.js,2026-08-20T01:23:05,2026-08-20T01:25:25
508,Wo Hing Construction Company Limited,和興建築有限公司,Waterworks,C,active,https://www.devb.gov.hk/filemanager/externaldb/list_contractor_80.js,2026-08-20T01:23:05,2026-08-20T01:25:25
509,Wo Ming Engineering Limited,和明土木工程有限公司,Roads & Drainage,A,active,https://www.devb.gov.hk/filemanager/externaldb/list_contractor_80.js,2026-08-20T01:23:05,2026-08-20T01:25:25
510,Woon Lee Construction Company Limited,煥利建築有限公司,Buildings,C,active,https://www.devb.gov.hk/filemanager/externaldb/list_contractor_80.js,2026-08-20T01:23:05,2026-08-20T01:25:25
511,World Diamond Engineering Limited,華鑽工程有限公司,Roads & Drainage,B,active,https://www.devb.gov.hk/filemanager/externaldb/list_contractor_80.js,2026-08-20T01:23:05,2026-08-20T01:25:25
512,World Genius Corporation Limited,華材有限公司,Roads & Drainage,B,active,https://www.devb.gov.hk/filemanager/externaldb/list_contractor_80.js,2026-08-20T01:23:05,2026-08-20T01:25:25
513,World Profit Engineering Limited,世盈工程有限公司,Waterworks,B,active,https://www.devb.gov.hk/filemanager/externaldb/list_contractor_80.js,2026-08-20T01:23:05,2026-08-20T01:25:25
514,WT Construction Engineering Company Limited,華泰營造工程有限公司,Buildings,A,active,https://www.devb.gov.hk/filemanager/externaldb/list_contractor_80.js,2026-08-20T01:23:05,2026-08-20T01:25:25
515,WY Construction Limited,華逸建築有限公司,Buildings,A,active,https://www.devb.gov.hk/filemanager/externaldb/list_contractor_80.js,2026-08-20T01:23:05,2026-08-20T01:25:25
516,Wyatt Construction Company Limited,華益建築有限公司,Port Works,C,active,https://www.devb.gov.hk/filemanager/externaldb/list_contractor_80.js,2026-08-20T01:23:05,2026-08-20T01:25:25
517,Wyatt Construction Company Limited,華益建築有限公司,Roads & Drainage,C,active,https://www.devb.gov.hk/filemanager/externaldb/list_contractor_80.js,2026-08-20T01:23:05,2026-08-20T01:25:25
518,Wyatt Construction Company Limited,華益建築有限公司,Waterworks,C,active,https://www.devb.gov.hk/filemanager/externaldb/list_contractor_80.js,2026-08-20T01:23:05,2026-08-20T01:25:25
519,Xsun Engineering Limited,旭柏工程有限公司,Roads & Drainage,A,active,https://www.devb.gov.hk/filemanager/externaldb/list_contractor_80.js,2026-08-20T01:23:05,2026-08-20T01:25:25
520,Yan Lee Construction Company Limited,仁利建築有限公司,Buildings,B,active,https://www.devb.gov.hk/filemanager/externaldb/list_contractor_80.js,2026-08-20T01:23:05,2026-08-20T01:25:25
521,Yat Ming Construction & Engineering Limited,一鳴建築機械工程有限公司,Buildings,A,active,https://www.devb.gov.hk/filemanager/externaldb/list_contractor_80.js,2026-08-20T01:23:05,2026-08-20T01:25:25
522,Yat Ming Construction & Engineering Limited,一鳴建築機械工程有限公司,Roads & Drainage,A,active,https://www.devb.gov.hk/filemanager/externaldb/list_contractor_80.js,2026-08-20T01:23:05,2026-08-20T01:25:25
523,Yat Ming Construction & Engineering Limited,一鳴建築機械工程有限公司,Site Formation,B,active,https://www.devb.gov.hk/filemanager/externaldb/list_contractor_80.js,2026-08-20T01:23:05,2026-08-20T01:25:25
524,Yau Lee Building Construction and Decoration Company Limited,有利承造裝修有限公司,Buildings,C,active,https://www.devb.gov.hk/filemanager/externaldb/list_contractor_80.js,2026-08-20T01:23:05,2026-08-20T01:25:25
525,Yau Lee Construction Company Limited,有利建築有限公司,Buildings,C,active,https://www.devb.gov.hk/filemanager/externaldb/list_contractor_80.js,2026-08-20T01:23:05,2026-08-20T01:25:25
526,Yau Lee Construction Company Limited,有利建築有限公司,Roads & Drainage,B,active,https://www.devb.gov.hk/filemanager/externaldb/list_contractor_80.js,2026-08-20T01:23:05,2026-08-20T01:25:25
527,Yau Lee Construction Company Limited,有利建築有限公司,Site Formation,B,active,https://www.devb.gov.hk/filemanager/externaldb/list_contractor_80.js,2026-08-20T01:23:05,2026-08-20T01:25:25
528,Yau Lee Construction Company Limited,有利建築有限公司,Waterworks,A,active,https://www.devb.gov.hk/filemanager/externaldb/list_contractor_80.js,2026-08-20T01:23:05,2026-08-20T01:25:25
529,Yee Hop Engineering Company Limited,義合工程有限公司,Port Works,B,active,https://www.devb.gov.hk/filemanager/externaldb/list_contractor_80.js,2026-08-20T01:23:05,2026-08-20T01:25:25
530,Yee Hop Engineering Company Limited,義合工程有限公司,Roads & Drainage,C,active,https://www.devb.gov.hk/filemanager/externaldb/list_contractor_80.js,2026-08-20T01:23:05,2026-08-20T01:25:25
531,Yee Hop Engineering Company Limited,義合工程有限公司,Site Formation,B,active,https://www.devb.gov.hk/filemanager/externaldb/list_contractor_80.js,2026-08-20T01:23:05,2026-08-20T01:25:25
532,Yee Hop Engineering Company Limited,義合工程有限公司,Waterworks,B,active,https://www.devb.gov.hk/filemanager/externaldb/list_contractor_80.js,2026-08-20T01:23:05,2026-08-20T01:25:25
533,Yick Hing Construction Company Limited,益興建築有限公司,Buildings,A,active,https://www.devb.gov.hk/filemanager/externaldb/list_contractor_80.js,2026-08-20T01:23:05,2026-08-20T01:25:25
534,Yick Hing Construction Company Limited,益興建築有限公司,Roads & Drainage,C,active,https://www.devb.gov.hk/filemanager/externaldb/list_contractor_80.js,2026-08-20T01:23:05,2026-08-20T01:25:25
535,Yick Hing Construction Company Limited,益興建築有限公司,Site Formation,B,active,https://www.devb.gov.hk/filemanager/externaldb/list_contractor_80.js,2026-08-20T01:23:05,2026-08-20T01:25:25
536,Yick Hing Construction Company Limited,益興建築有限公司,Waterworks,C,active,https://www.devb.gov.hk/filemanager/externaldb/list_contractor_80.js,2026-08-20T01:23:05,2026-08-20T01:25:25
537,Ying Wah Civil Engineering Co. Limited,英華土木工程有限公司,Roads & Drainage,B,active,https://www.devb.gov.hk/filemanager/externaldb/list_contractor_80.js,2026-08-20T01:23:05,2026-08-20T01:25:25
538,Ying Wah Construction Limited,英華建築有限公司,Buildings,A,active,https://www.devb.gov.hk/filemanager/externaldb/list_contractor_80.js,2026-08-20T01:23:05,2026-08-20T01:25:25
539,Yip Shing Waterworks Engineering Limited,業成水務工程有限公司,Waterworks,A,active,https://www.devb.gov.hk/filemanager/externaldb/list_contractor_80.js,2026-08-20T01:23:05,2026-08-20T01:25:25
540,Yu Hsin Construction Company Limited,有信建築有限公司,Buildings,B,active,https://www.devb.gov.hk/filemanager/externaldb/list_contractor_80.js,2026-08-20T01:23:05,2026-08-20T01:25:25
541,Yu Wing Construction & Investment Company Limited,裕榮建築置業有限公司,Buildings,B,active,https://www.devb.gov.hk/filemanager/externaldb/list_contractor_80.js,2026-08-20T01:23:05,2026-08-20T01:25:25
542,Zhen Hua Engineering Company Limited,振華工程有限公司,Buildings,B,active,https://www.devb.gov.hk/filemanager/externaldb/list_contractor_80.js,2026-08-20T01:23:05,2026-08-20T01:25:25
543,Zhen Hua Engineering Company Limited,振華工程有限公司,Port Works,C,active,https://www.devb.gov.hk/filemanager/externaldb/list_contractor_80.js,2026-08-20T01:23:05,2026-08-20T01:25:25
544,Zhen Hua Engineering Company Limited,振華工程有限公司,Roads & Drainage,C,active,https://www.devb.gov.hk/filemanager/externaldb/list_contractor_80.js,2026-08-20T01:23:05,2026-08-20T01:25:25
545,Zhen Hua Engineering Company Limited,振華工程有限公司,Site Formation,B,active,https://www.devb.gov.hk/filemanager/externaldb/list_contractor_80.js,2026-08-20T01:23:05,2026-08-20T01:25:25
