id,name_en,name_zh,category,group_code,status,source_url,first_seen,last_updated,brn,registered_address,company_type,date_of_incorporation,cr_matched_name,cr_match_ratio
1,Able Building Construction Limited,安保營造有限公司,Buildings,C,active,https://www.devb.gov.hk/filemanager/externaldb/list_contractor_80.js,2026-08-20T01:23:05,2026-08-20T01:25:25,36764975,"155 WATERLOO RD KOWLOON TONG KLN, HONG KONG",Private company limited by shares,18-04-2006,Able Building Construction Limited,1.0
2,Able Engineering Company Limited,安保工程有限公司,Buildings,C,suspended,https://www.devb.gov.hk/filemanager/externaldb/list_contractor_80.js,2026-08-20T01:23:05,2026-08-20T01:25:25,04750613,"155 WATERLOO RD KOWLOON TONG, KLN, HONG KONG",Private company limited by shares,21-05-1976,ABLE ENGINEERING COMPANY LIMITED,1.0
3,Adrian Construction Limited,毅源建築有限公司,Site Formation,B,active,https://www.devb.gov.hk/filemanager/externaldb/list_contractor_80.js,2026-08-20T01:23:05,2026-08-20T01:25:25,12940416,"UNIT 1106, 11/F,, KWAI CHEONG CENTRE,, NO.50 KWAI CHEONG ROAD,, KWAI CHUNG, NT, HONG KONG",Private company limited by shares,25-04-1989,ADRIAN CONSTRUCTION LIMITED,1.0
4,Aggressive Construction Company Limited,精進建築有限公司,Buildings,C,suspended,https://www.devb.gov.hk/filemanager/externaldb/list_contractor_80.js,2026-08-20T01:23:05,2026-08-20T01:25:25,34075520,"ROOM A, 33/F, ONE KOWLOON, 1 WANG YUEN STREET, KOWLOON BAY, HONG KONG",Private company limited by shares,17-11-2003,AGGRESSIVE CONSTRUCTION COMPANY LIMITED,1.0
5,Aggressive Construction Company Limited,精進建築有限公司,Roads & Drainage,B,suspended,https://www.devb.gov.hk/filemanager/externaldb/list_contractor_80.js,2026-08-20T01:23:05,2026-08-20T01:25:25,34075520,"ROOM A, 33/F, ONE KOWLOON, 1 WANG YUEN STREET, KOWLOON BAY, HONG KONG",Private company limited by shares,17-11-2003,AGGRESSIVE CONSTRUCTION COMPANY LIMITED,1.0
6,Alchmex International Construction Limited,愛銘建築 (國際) 有限公司,Roads & Drainage,C,active,https://www.devb.gov.hk/filemanager/externaldb/list_contractor_80.js,2026-08-20T01:23:05,2026-08-20T01:25:25,,,,,,
7,Alchmex International Construction Limited,愛銘建築 (國際) 有限公司,Site Formation,C,active,https://www.devb.gov.hk/filemanager/externaldb/list_contractor_80.js,2026-08-20T01:23:05,2026-08-20T01:25:25,,,,,,
8,Allied Success Construction Limited,聯城建築有限公司,Buildings,C,active,https://www.devb.gov.hk/filemanager/externaldb/list_contractor_80.js,2026-08-20T01:23:05,2026-08-20T01:25:25,65865366,"10/F.,SUI YING INDUSTRIAL BUILDING,, NO. 1 YUK YAT STREET,, TO KWA WAN, KLN, HONG KONG",Private company limited by shares,10-03-2016,ALLIED SUCCESS CONSTRUCTION LIMITED,1.0
9,Allied Way Construction Engineering Limited,匯通建築工程有限公司,Roads & Drainage,B,active,https://www.devb.gov.hk/filemanager/externaldb/list_contractor_80.js,2026-08-20T01:23:05,2026-08-20T01:25:25,32520298,"FLAT B2, 4/F, YIP FUNG INDUSTRIAL BLDG, 28-36 KWAI FUNG CRESCENT, KWAI CHUNG, NT, HONG KONG",Private company limited by shares,08-04-2002,ALLIED WAY CONSTRUCTION ENGINEERING LIMITED,1.0
10,Allied Way Construction Engineering Limited,匯通建築工程有限公司,Site Formation,B,active,https://www.devb.gov.hk/filemanager/externaldb/list_contractor_80.js,2026-08-20T01:23:05,2026-08-20T01:25:25,32520298,"FLAT B2, 4/F, YIP FUNG INDUSTRIAL BLDG, 28-36 KWAI FUNG CRESCENT, KWAI CHUNG, NT, HONG KONG",Private company limited by shares,08-04-2002,ALLIED WAY CONSTRUCTION ENGINEERING LIMITED,1.0
11,An Hsin Construction Company Limited,安迅建築有限公司,Buildings,A,active,https://www.devb.gov.hk/filemanager/externaldb/list_contractor_80.js,2026-08-20T01:23:05,2026-08-20T01:25:25,05810127,"UNIT 701, 7/F.,, COMWEB PLAZA, 12 CHEUNG YUE STREET, CHEUNG SHA WAN KLN, HONG KONG",Private company limited by shares,27-10-1978,AN HSIN CONSTRUCTION COMPANY LIMITED,1.0
12,Arbat Contractors Limited,歐寶建設有限公司,Roads & Drainage,B,active,https://www.devb.gov.hk/filemanager/externaldb/list_contractor_80.js,2026-08-20T01:23:05,2026-08-20T01:25:25,35571331,"UNIT D-E, 6/F., WORLDWIDE CENTRE,, 123 TUNG CHAU STREET, KLN, HONG KONG",Private company limited by shares,24-03-2005,ARBAT CONTRACTORS LIMITED,1.0
13,Arbat Contractors Limited,歐寶建設有限公司,Site Formation,B,active,https://www.devb.gov.hk/filemanager/externaldb/list_contractor_80.js,2026-08-20T01:23:05,2026-08-20T01:25:25,35571331,"UNIT D-E, 6/F., WORLDWIDE CENTRE,, 123 TUNG CHAU STREET, KLN, HONG KONG",Private company limited by shares,24-03-2005,ARBAT CONTRACTORS LIMITED,1.0
14,Asian (Ah Chi) Engineering and Construction Works Limited,Asian (Ah Chi) Engineering and Construction Works Limited,Buildings,A,active,https://www.devb.gov.hk/filemanager/externaldb/list_contractor_80.js,2026-08-20T01:23:05,2026-08-20T01:25:25,,,,,,
15,Asphalt Surfaces (International) Limited,Asphalt Surfaces (International) Limited,Buildings,A,active,https://www.devb.gov.hk/filemanager/externaldb/list_contractor_80.js,2026-08-20T01:23:05,2026-08-20T01:25:25,17939886,"3/F, WELL INDUSTRIAL BUILDING,, 21-23 LAM TIN STREET, KWAI CHUNG,, NT, HONG KONG",Private company limited by shares,15-03-1994,ASPHALT SURFACES (INTERNATIONAL) LIMITED,1.0
16,Asphalt Surfaces (International) Limited,Asphalt Surfaces (International) Limited,Roads & Drainage,B,active,https://www.devb.gov.hk/filemanager/externaldb/list_contractor_80.js,2026-08-20T01:23:05,2026-08-20T01:25:25,17939886,"3/F, WELL INDUSTRIAL BUILDING,, 21-23 LAM TIN STREET, KWAI CHUNG,, NT, HONG KONG",Private company limited by shares,15-03-1994,ASPHALT SURFACES (INTERNATIONAL) LIMITED,1.0
17,B.L. Wong & Company Limited,寶旺有限公司,Buildings,C,active,https://www.devb.gov.hk/filemanager/externaldb/list_contractor_80.js,2026-08-20T01:23:05,2026-08-20T01:25:25,50892631,"ROOM 6 OF UNIT O,, 4/F KAISER ESTATE,, PHASE 3,11 HOK YUEN STREET,, HUNG HOM, KOWLOON, HONG KONG",Private company limited by shares,13-07-2009,B L CO. LIMITED,0.9
18,Bachy Soletanche Group Limited,法國地基建築有限公司,Port Works,B,active,https://www.devb.gov.hk/filemanager/externaldb/list_contractor_80.js,2026-08-20T01:23:05,2026-08-20T01:25:25,22154910,"UNIT 1805, 18/F, THE BAY HUB, 17 KAI CHEUNG ROAD, KOWLOON BAY, HONG KONG",Private company limited by shares,02-09-1998,BACHY SOLETANCHE GROUP LIMITED,1.0
19,Best Build Construction Company Limited,建信建築有限公司,Roads & Drainage,B,active,https://www.devb.gov.hk/filemanager/externaldb/list_contractor_80.js,2026-08-20T01:23:05,2026-08-20T01:25:25,16790754,"41/F, UNITED ASIA FINANCE CENTRE, 333 LOCKHART ROAD, WAN CHAI, HONG KONG",Private company limited by shares,25-03-1993,BEST BUILD CONSTRUCTION COMPANY LIMITED,1.0
20,Bestkind International Engineering Limited,百佳國際工程有限公司,Roads & Drainage,B,active,https://www.devb.gov.hk/filemanager/externaldb/list_contractor_80.js,2026-08-20T01:23:05,2026-08-20T01:25:25,20536548,"UNIT 09 18/F SEAVIEW CTR, 139-141 HOI BUN RD, KWUN TONG KLN, HONG KONG",Private company limited by shares,05-12-1996,BESTKIND INTERNATIONAL ENGINEERING LIMITED,1.0
21,Bestrich Engineering Limited,寶倡工程有限公司,Buildings,A,active,https://www.devb.gov.hk/filemanager/externaldb/list_contractor_80.js,2026-08-20T01:23:05,2026-08-20T01:25:25,21731268,"RM 11-12, 13/F CEO TOWER, NO. 77 WING HONG ST, CHEUNG SHA WAN KLN, HONG KONG",Private company limited by shares,01-04-1998,BESTRICH ENGINEERING LIMITED,1.0
22,Bloom Team Building Construction Company Limited,佳誠建築工程有限公司,Buildings,B,active,https://www.devb.gov.hk/filemanager/externaldb/list_contractor_80.js,2026-08-20T01:23:05,2026-08-20T01:25:25,21656597,"27/F, TOWER A, 83 KING LAM STREET, CHEUNG SHA WAN, KLN, HONG KONG",Private company limited by shares,20-04-1998,BLOOM TEAM BUILDING CONSTRUCTION COMPANY LIMITED,1.0
23,Bloom Team Building Construction Company Limited,佳誠建築工程有限公司,Roads & Drainage,B,active,https://www.devb.gov.hk/filemanager/externaldb/list_contractor_80.js,2026-08-20T01:23:05,2026-08-20T01:25:25,21656597,"27/F, TOWER A, 83 KING LAM STREET, CHEUNG SHA WAN, KLN, HONG KONG",Private company limited by shares,20-04-1998,BLOOM TEAM BUILDING CONSTRUCTION COMPANY LIMITED,1.0
24,Bordon Construction Company Limited,寶登建築有限公司,Buildings,C,active,https://www.devb.gov.hk/filemanager/externaldb/list_contractor_80.js,2026-08-20T01:23:05,2026-08-20T01:25:25,03397058,"17TH FLOOR, AIRSIDE, 2 CONCORDE ROAD, KAI TAK, HONG KONG",Private company limited by shares,11-12-1970,BORDON CONSTRUCTION COMPANY LIMITED,1.0
25,Bordon Construction Company Limited,寶登建築有限公司,Roads & Drainage,A,active,https://www.devb.gov.hk/filemanager/externaldb/list_contractor_80.js,2026-08-20T01:23:05,2026-08-20T01:25:25,03397058,"17TH FLOOR, AIRSIDE, 2 CONCORDE ROAD, KAI TAK, HONG KONG",Private company limited by shares,11-12-1970,BORDON CONSTRUCTION COMPANY LIMITED,1.0
26,Boskalis International B.V.,栢斯加利士國際公司,Port Works,C,active,https://www.devb.gov.hk/filemanager/externaldb/list_contractor_80.js,2026-08-20T01:23:05,2026-08-20T01:25:25,,,,,,
27,Bouygues Travaux Publics,Bouygues Travaux Publics,Port Works,C,active,https://www.devb.gov.hk/filemanager/externaldb/list_contractor_80.js,2026-08-20T01:23:05,2026-08-20T01:25:25,,,,,,
28,Bouygues Travaux Publics,Bouygues Travaux Publics,Roads & Drainage,C,active,https://www.devb.gov.hk/filemanager/externaldb/list_contractor_80.js,2026-08-20T01:23:05,2026-08-20T01:25:25,,,,,,
29,Bouygues Travaux Publics,Bouygues Travaux Publics,Site Formation,C,active,https://www.devb.gov.hk/filemanager/externaldb/list_contractor_80.js,2026-08-20T01:23:05,2026-08-20T01:25:25,,,,,,
30,BS Engineering & Consultancy Company Limited,威盛工程及顧問有限公司,Buildings,A,active,https://www.devb.gov.hk/filemanager/externaldb/list_contractor_80.js,2026-08-20T01:23:05,2026-08-20T01:25:25,31651058,"8/F., 163 HOI BUN ROAD,, KWUN TONG,, KLN, HONG KONG",Private company limited by shares,09-03-2001,BS ENGINEERING & CONSULTANCY COMPANY LIMITED,1.0
31,Build King (Zens) Engineering Limited,利基 (單氏) 工程有限公司,Port Works,C,active,https://www.devb.gov.hk/filemanager/externaldb/list_contractor_80.js,2026-08-20T01:23:05,2026-08-20T01:25:25,06558172,"UNITS 601-605A 6/F TOWER B, MANULIFE FINANCIAL CENTRE, 223 WAI YIP ST KWUN TONG KLN, HONG KONG",Private company limited by shares,09-04-1980,BUILD KING (ZENS) ENGINEERING LIMITED,1.0
32,Build King (Zens) Engineering Limited,利基 (單氏) 工程有限公司,Roads & Drainage,B,active,https://www.devb.gov.hk/filemanager/externaldb/list_contractor_80.js,2026-08-20T01:23:05,2026-08-20T01:25:25,06558172,"UNITS 601-605A 6/F TOWER B, MANULIFE FINANCIAL CENTRE, 223 WAI YIP ST KWUN TONG KLN, HONG KONG",Private company limited by shares,09-04-1980,BUILD KING (ZENS) ENGINEERING LIMITED,1.0
33,Build King (Zens) Engineering Limited,利基 (單氏) 工程有限公司,Site Formation,C,active,https://www.devb.gov.hk/filemanager/externaldb/list_contractor_80.js,2026-08-20T01:23:05,2026-08-20T01:25:25,06558172,"UNITS 601-605A 6/F TOWER B, MANULIFE FINANCIAL CENTRE, 223 WAI YIP ST KWUN TONG KLN, HONG KONG",Private company limited by shares,09-04-1980,BUILD KING (ZENS) ENGINEERING LIMITED,1.0
34,Build King Civil Engineering Limited,利基土木工程有限公司,Buildings,A,active,https://www.devb.gov.hk/filemanager/externaldb/list_contractor_80.js,2026-08-20T01:23:05,2026-08-20T01:25:25,04419562,"UNITS 601-605A 6TH FLOOR TOWER B, MANULIFE FINANCIAL CENTRE, 223 WAI YIP STREET KWUN TONG KLN, HONG KONG",Private company limited by shares,09-05-1975,BUILD KING CIVIL ENGINEERING LIMITED,1.0
35,Build King Civil Engineering Limited,利基土木工程有限公司,Roads & Drainage,C,active,https://www.devb.gov.hk/filemanager/externaldb/list_contractor_80.js,2026-08-20T01:23:05,2026-08-20T01:25:25,04419562,"UNITS 601-605A 6TH FLOOR TOWER B, MANULIFE FINANCIAL CENTRE, 223 WAI YIP STREET KWUN TONG KLN, HONG KONG",Private company limited by shares,09-05-1975,BUILD KING CIVIL ENGINEERING LIMITED,1.0
36,Build King Civil Engineering Limited,利基土木工程有限公司,Site Formation,B,active,https://www.devb.gov.hk/filemanager/externaldb/list_contractor_80.js,2026-08-20T01:23:05,2026-08-20T01:25:25,04419562,"UNITS 601-605A 6TH FLOOR TOWER B, MANULIFE FINANCIAL CENTRE, 223 WAI YIP STREET KWUN TONG KLN, HONG KONG",Private company limited by shares,09-05-1975,BUILD KING CIVIL ENGINEERING LIMITED,1.0
37,Build King Construction Limited,Build King Construction Limited,Buildings,C,active,https://www.devb.gov.hk/filemanager/externaldb/list_contractor_80.js,2026-08-20T01:23:05,2026-08-20T01:25:25,67328136,"G/F.,, NO. 423 RECLAMATION STREET,, KOWLOON, HONG KONG",Private company limited by shares,03-03-2017,BUILD KING LIMITED,0.9
38,Build King Construction Limited,Build King Construction Limited,Port Works,C,active,https://www.devb.gov.hk/filemanager/externaldb/list_contractor_80.js,2026-08-20T01:23:05,2026-08-20T01:25:25,67328136,"G/F.,, NO. 423 RECLAMATION STREET,, KOWLOON, HONG KONG",Private company limited by shares,03-03-2017,BUILD KING LIMITED,0.9
39,Build King Construction Limited,Build King Construction Limited,Roads & Drainage,C,active,https://www.devb.gov.hk/filemanager/externaldb/list_contractor_80.js,2026-08-20T01:23:05,2026-08-20T01:25:25,67328136,"G/F.,, NO. 423 RECLAMATION STREET,, KOWLOON, HONG KONG",Private company limited by shares,03-03-2017,BUILD KING LIMITED,0.9
40,Build King Construction Limited,Build King Construction Limited,Site Formation,C,active,https://www.devb.gov.hk/filemanager/externaldb/list_contractor_80.js,2026-08-20T01:23:05,2026-08-20T01:25:25,67328136,"G/F.,, NO. 423 RECLAMATION STREET,, KOWLOON, HONG KONG",Private company limited by shares,03-03-2017,BUILD KING LIMITED,0.9
41,Build King Construction Limited,Build King Construction Limited,Waterworks,C,active,https://www.devb.gov.hk/filemanager/externaldb/list_contractor_80.js,2026-08-20T01:23:05,2026-08-20T01:25:25,67328136,"G/F.,, NO. 423 RECLAMATION STREET,, KOWLOON, HONG KONG",Private company limited by shares,03-03-2017,BUILD KING LIMITED,0.9
42,Chan Shum Kee Sam Lee Construction Company Limited,陳森記森利建築有限公司,Buildings,B,active,https://www.devb.gov.hk/filemanager/externaldb/list_contractor_80.js,2026-08-20T01:23:05,2026-08-20T01:25:25,05751296,"ROOM 1502, CHARM CENTRE, 700 CASTLE PEAK ROAD KLN, HONG KONG",Private company limited by shares,08-09-1978,CHAN SHUM KEE SAM LEE CONSTRUCTION COMPANY LIMITED,1.0
43,Chatwin Engineering Limited,正宏工程有限公司,Buildings,C,active,https://www.devb.gov.hk/filemanager/externaldb/list_contractor_80.js,2026-08-20T01:23:05,2026-08-20T01:25:25,14294934,"20TH FLOOR, 68 YEE WO STREET, CAUSEWAY BAY, HONG KONG",Private company limited by shares,04-01-1991,CHATWIN ENGINEERING LIMITED,1.0
44,Chau Mou Engineering & Company,秋茂工程公司,Waterworks,A,active,https://www.devb.gov.hk/filemanager/externaldb/list_contractor_80.js,2026-08-20T01:23:05,2026-08-20T01:25:25,19923693,"FLAT/RM A, 11/F., HANG SENG CENTRE, 95-97 TUNG CHAU STREET, TAI KOK TSUI, KLN, HONG KONG",Private company limited by shares,09-05-1996,CHAU MOU ENGINEERING COMPANY LIMITED,1.0
45,Chee Cheung Hing & Company Limited,朱祥興有限公司,Buildings,C,active,https://www.devb.gov.hk/filemanager/externaldb/list_contractor_80.js,2026-08-20T01:23:05,2026-08-20T01:25:25,04431837,"8/F MASS RESOURCES DEVELOPMENT BUILDING, 12 HUMPHREYS AVENUE TST KLN, HONG KONG",Private company limited by shares,27-05-1975,CHEE CHEUNG HING & COMPANY LIMITED,1.0
46,Cheerful Technology Limited,時富科技有限公司,Waterworks,A,active,https://www.devb.gov.hk/filemanager/externaldb/list_contractor_80.js,2026-08-20T01:23:05,2026-08-20T01:25:25,30541028,"UNIT 15, 4/F., GOLDFIELD INDUSTRIAL CENTRE,, 1 SUI WO ROAD, SHATIN,, NEW TERRITORIES, HONG KONG",Private company limited by shares,13-10-1999,CHEERFUL TECHNOLOGY LIMITED,1.0
47,Cheung Hing Construction Company Limited,祥興建造有限公司,Buildings,C,suspended,https://www.devb.gov.hk/filemanager/externaldb/list_contractor_80.js,2026-08-20T01:23:05,2026-08-20T01:25:25,00827232,"UNIT 6 4/F LIVEN HSE, 61-63 KING YIP ST KWUN TONG KLN, HONG KONG",Private company limited by shares,20-09-1958,CHEUNG HING CONSTRUCTION COMPANY LIMITED,1.0
48,Chevalier (Civil Engineering) Limited,其士 (土木工程) 有限公司,Port Works,C,active,https://www.devb.gov.hk/filemanager/externaldb/list_contractor_80.js,2026-08-20T01:23:05,2026-08-20T01:25:25,15769457,"22/F CHEVALIER COMMERCIAL CENTRE, 8 WANG HOI ROAD KOWLOON BAY, HONG KONG",Private company limited by shares,14-05-1992,CHEVALIER (CIVIL ENGINEERING) LIMITED,1.0
49,Chevalier (Construction) Company Limited,其士 (建築) 有限公司,Buildings,C,suspended,https://www.devb.gov.hk/filemanager/externaldb/list_contractor_80.js,2026-08-20T01:23:05,2026-08-20T01:25:25,68997435,"22/F CHEVALIER COMMERCIAL CENTRE, 8 WANG HOI ROAD, KOWLOON BAY, HONG KONG",Private company limited by shares,23-02-2018,CHEVALIER CONSTRUCTION TECHNOLOGY LIMITED,0.9
50,Chi Shing Building and Construction Limited,志成建築營造有限公司,Buildings,B,active,https://www.devb.gov.hk/filemanager/externaldb/list_contractor_80.js,2026-08-20T01:23:05,2026-08-20T01:25:25,61653868,"NO. 2 - 3, 19/F, FOOK YIP BUILDING, NOS. 53 - 57 KAWI FUNG CRESCENT, KWAI CHUNG, NEW TERRITORIES, HONG KONG",Private company limited by shares,27-06-2013,CHI SHING BUILDING AND CONSTRUCTION LIMITED,1.0
51,Chi Sum Engineering Limited,志森營造有限公司,Buildings,B,active,https://www.devb.gov.hk/filemanager/externaldb/list_contractor_80.js,2026-08-20T01:23:05,2026-08-20T01:25:25,12740721,"FLAT A, 4/F., KIN GA INDUSTRIAL BUILDING, 9 SAN ON STREET, TUEN MUN, N.T., HONG KONG",Private company limited by shares,17-03-1989,CHI SUM ENGINEERING LIMITED,1.0
52,China Civil Engineering Construction Corporation,中國土木工程集團有限公司,Buildings,C,active,https://www.devb.gov.hk/filemanager/externaldb/list_contractor_80.js,2026-08-20T01:23:05,2026-08-20T01:25:25,32713873,"23/F, RAILWAY PLAZA,, 39 CHATHAM ROAD SOUTH,, TSIMSHATSUI, HONG KONG",Private company limited by shares,27-03-2002,CHINA CIVIL ENGINEERING CONSTRUCTION CO. (H.K.) LIMITED,0.943
53,China Civil Engineering Construction Corporation,中國土木工程集團有限公司,Port Works,C,active,https://www.devb.gov.hk/filemanager/externaldb/list_contractor_80.js,2026-08-20T01:23:05,2026-08-20T01:25:25,32713873,"23/F, RAILWAY PLAZA,, 39 CHATHAM ROAD SOUTH,, TSIMSHATSUI, HONG KONG",Private company limited by shares,27-03-2002,CHINA CIVIL ENGINEERING CONSTRUCTION CO. (H.K.) LIMITED,0.943
54,China Civil Engineering Construction Corporation,中國土木工程集團有限公司,Roads & Drainage,C,active,https://www.devb.gov.hk/filemanager/externaldb/list_contractor_80.js,2026-08-20T01:23:05,2026-08-20T01:25:25,32713873,"23/F, RAILWAY PLAZA,, 39 CHATHAM ROAD SOUTH,, TSIMSHATSUI, HONG KONG",Private company limited by shares,27-03-2002,CHINA CIVIL ENGINEERING CONSTRUCTION CO. (H.K.) LIMITED,0.943
55,China Civil Engineering Construction Corporation,中國土木工程集團有限公司,Site Formation,C,active,https://www.devb.gov.hk/filemanager/externaldb/list_contractor_80.js,2026-08-20T01:23:05,2026-08-20T01:25:25,32713873,"23/F, RAILWAY PLAZA,, 39 CHATHAM ROAD SOUTH,, TSIMSHATSUI, HONG KONG",Private company limited by shares,27-03-2002,CHINA CIVIL ENGINEERING CONSTRUCTION CO. (H.K.) LIMITED,0.943
56,China Civil Engineering Construction Corporation,中國土木工程集團有限公司,Waterworks,C,active,https://www.devb.gov.hk/filemanager/externaldb/list_contractor_80.js,2026-08-20T01:23:05,2026-08-20T01:25:25,32713873,"23/F, RAILWAY PLAZA,, 39 CHATHAM ROAD SOUTH,, TSIMSHATSUI, HONG KONG",Private company limited by shares,27-03-2002,CHINA CIVIL ENGINEERING CONSTRUCTION CO. (H.K.) LIMITED,0.943
57,China Geo-Engineering Corporation,中國地質工程集團有限公司,Roads & Drainage,C,active,https://www.devb.gov.hk/filemanager/externaldb/list_contractor_80.js,2026-08-20T01:23:05,2026-08-20T01:25:25,,,,,,
58,China Geo-Engineering Corporation,中國地質工程集團有限公司,Site Formation,C,active,https://www.devb.gov.hk/filemanager/externaldb/list_contractor_80.js,2026-08-20T01:23:05,2026-08-20T01:25:25,,,,,,
59,China Geo-Engineering Corporation,中國地質工程集團有限公司,Waterworks,C,active,https://www.devb.gov.hk/filemanager/externaldb/list_contractor_80.js,2026-08-20T01:23:05,2026-08-20T01:25:25,,,,,,
60,China Geology (Hong Kong) Industry Limited,中地(香港)實業有限公司,Roads & Drainage,B,active,https://www.devb.gov.hk/filemanager/externaldb/list_contractor_80.js,2026-08-20T01:23:05,2026-08-20T01:25:25,21049558,"UNIT 2421-25, 24/F SUN HUNG KAI CENTRE, 30 HARBOUR ROAD WANCHAI, HONG KONG",Private company limited by shares,27-06-1997,CHINA GEOLOGY (HONG KONG) INDUSTRY LIMITED,1.0
61,China Harbour Engineering Company Limited,中國港灣工程有限責任公司,Buildings,C,active,https://www.devb.gov.hk/filemanager/externaldb/list_contractor_80.js,2026-08-20T01:23:05,2026-08-20T01:25:25,35448594,"6/F TIMES TOWER, 393 JAFFE RD, WANCHAI, HONG KONG",Private company limited by shares,25-02-2005,CHINA HARBOUR LIMITED,0.9
62,China Harbour Engineering Company Limited,中國港灣工程有限責任公司,Port Works,C,active,https://www.devb.gov.hk/filemanager/externaldb/list_contractor_80.js,2026-08-20T01:23:05,2026-08-20T01:25:25,35448594,"6/F TIMES TOWER, 393 JAFFE RD, WANCHAI, HONG KONG",Private company limited by shares,25-02-2005,CHINA HARBOUR LIMITED,0.9
63,China Harbour Engineering Company Limited,中國港灣工程有限責任公司,Roads & Drainage,C,active,https://www.devb.gov.hk/filemanager/externaldb/list_contractor_80.js,2026-08-20T01:23:05,2026-08-20T01:25:25,35448594,"6/F TIMES TOWER, 393 JAFFE RD, WANCHAI, HONG KONG",Private company limited by shares,25-02-2005,CHINA HARBOUR LIMITED,0.9
64,China Harbour Engineering Company Limited,中國港灣工程有限責任公司,Site Formation,C,active,https://www.devb.gov.hk/filemanager/externaldb/list_contractor_80.js,2026-08-20T01:23:05,2026-08-20T01:25:25,35448594,"6/F TIMES TOWER, 393 JAFFE RD, WANCHAI, HONG KONG",Private company limited by shares,25-02-2005,CHINA HARBOUR LIMITED,0.9
65,China Harbour Engineering Company Limited,中國港灣工程有限責任公司,Waterworks,C,active,https://www.devb.gov.hk/filemanager/externaldb/list_contractor_80.js,2026-08-20T01:23:05,2026-08-20T01:25:25,35448594,"6/F TIMES TOWER, 393 JAFFE RD, WANCHAI, HONG KONG",Private company limited by shares,25-02-2005,CHINA HARBOUR LIMITED,0.9
66,China International Water & Electric Corporation,中國水利電力對外有限公司,Buildings,C,active,https://www.devb.gov.hk/filemanager/externaldb/list_contractor_80.js,2026-08-20T01:23:05,2026-08-20T01:25:25,64854015,香港 D座 3樓 D01室 大有街 2號旺景工業大廈 九龍新蒲崗,Private company limited by shares,05-06-2015,China International Water & Electric Corporation (Private) Limited,0.9
67,China International Water & Electric Corporation,中國水利電力對外有限公司,Port Works,C,active,https://www.devb.gov.hk/filemanager/externaldb/list_contractor_80.js,2026-08-20T01:23:05,2026-08-20T01:25:25,64854015,香港 D座 3樓 D01室 大有街 2號旺景工業大廈 九龍新蒲崗,Private company limited by shares,05-06-2015,China International Water & Electric Corporation (Private) Limited,0.9
68,China International Water & Electric Corporation,中國水利電力對外有限公司,Roads & Drainage,C,active,https://www.devb.gov.hk/filemanager/externaldb/list_contractor_80.js,2026-08-20T01:23:05,2026-08-20T01:25:25,64854015,香港 D座 3樓 D01室 大有街 2號旺景工業大廈 九龍新蒲崗,Private company limited by shares,05-06-2015,China International Water & Electric Corporation (Private) Limited,0.9
69,China International Water & Electric Corporation,中國水利電力對外有限公司,Site Formation,C,active,https://www.devb.gov.hk/filemanager/externaldb/list_contractor_80.js,2026-08-20T01:23:05,2026-08-20T01:25:25,64854015,香港 D座 3樓 D01室 大有街 2號旺景工業大廈 九龍新蒲崗,Private company limited by shares,05-06-2015,China International Water & Electric Corporation (Private) Limited,0.9
70,China International Water & Electric Corporation,中國水利電力對外有限公司,Waterworks,C,active,https://www.devb.gov.hk/filemanager/externaldb/list_contractor_80.js,2026-08-20T01:23:05,2026-08-20T01:25:25,64854015,香港 D座 3樓 D01室 大有街 2號旺景工業大廈 九龍新蒲崗,Private company limited by shares,05-06-2015,China International Water & Electric Corporation (Private) Limited,0.9
71,China Metallurgical Group Corporation,中國冶金科工集團有限公司,Buildings,C,active,https://www.devb.gov.hk/filemanager/externaldb/list_contractor_80.js,2026-08-20T01:23:05,2026-08-20T01:25:25,79591854,"RM 18, 27/F, HO KING COMM CTR, 2-16 FAYUEN ST, MONG KOK, HONG KONG",Private company limited by shares,13-01-2026,"China Metallurgical & Minerals Group Co., Limited",0.852
72,China Metallurgical Group Corporation,中國冶金科工集團有限公司,Roads & Drainage,C,active,https://www.devb.gov.hk/filemanager/externaldb/list_contractor_80.js,2026-08-20T01:23:05,2026-08-20T01:25:25,79591854,"RM 18, 27/F, HO KING COMM CTR, 2-16 FAYUEN ST, MONG KOK, HONG KONG",Private company limited by shares,13-01-2026,"China Metallurgical & Minerals Group Co., Limited",0.852
73,China Metallurgical Group Corporation,中國冶金科工集團有限公司,Site Formation,C,active,https://www.devb.gov.hk/filemanager/externaldb/list_contractor_80.js,2026-08-20T01:23:05,2026-08-20T01:25:25,79591854,"RM 18, 27/F, HO KING COMM CTR, 2-16 FAYUEN ST, MONG KOK, HONG KONG",Private company limited by shares,13-01-2026,"China Metallurgical & Minerals Group Co., Limited",0.852
74,China Metallurgical Group Corporation,中國冶金科工集團有限公司,Waterworks,C,active,https://www.devb.gov.hk/filemanager/externaldb/list_contractor_80.js,2026-08-20T01:23:05,2026-08-20T01:25:25,79591854,"RM 18, 27/F, HO KING COMM CTR, 2-16 FAYUEN ST, MONG KOK, HONG KONG",Private company limited by shares,13-01-2026,"China Metallurgical & Minerals Group Co., Limited",0.852
75,China National Chemical Engineering Group Corporation Limited,中國化學工程集團有限公司,Roads & Drainage,C,active,https://www.devb.gov.hk/filemanager/externaldb/list_contractor_80.js,2026-08-20T01:23:05,2026-08-20T01:25:25,17453064,"SUITE 2308-9 23/F, TWO CHINACHEM EXCHANGE SQUARE, NO. 338 KING'S RD, HONG KONG",Private company limited by shares,19-10-1993,CHINA NATIONAL CHEMICAL ENGINEERING HONGKONG LIMITED,0.883
76,China National Chemical Engineering Group Corporation Limited,中國化學工程集團有限公司,Waterworks,C,active,https://www.devb.gov.hk/filemanager/externaldb/list_contractor_80.js,2026-08-20T01:23:05,2026-08-20T01:25:25,17453064,"SUITE 2308-9 23/F, TWO CHINACHEM EXCHANGE SQUARE, NO. 338 KING'S RD, HONG KONG",Private company limited by shares,19-10-1993,CHINA NATIONAL CHEMICAL ENGINEERING HONGKONG LIMITED,0.883
77,China Overseas Building Construction Limited,中國海外房屋工程有限公司,Buildings,C,active,https://www.devb.gov.hk/filemanager/externaldb/list_contractor_80.js,2026-08-20T01:23:05,2026-08-20T01:25:25,12338655,"29/F CHINA OVERSEAS BUILDING, 139 HENNESSY ROAD, WANCHAI, HONG KONG",Private company limited by shares,11-11-1988,CHINA OVERSEAS BUILDING CONSTRUCTION LIMITED,1.0
78,"China Railway 15th Bureau Group Co., Ltd.",中鐵十五局集團有限公司,Buildings,C,active,https://www.devb.gov.hk/filemanager/externaldb/list_contractor_80.js,2026-08-20T01:23:05,2026-08-20T01:25:25,,,,,,
79,"China Railway 15th Bureau Group Co., Ltd.",中鐵十五局集團有限公司,Roads & Drainage,C,active,https://www.devb.gov.hk/filemanager/externaldb/list_contractor_80.js,2026-08-20T01:23:05,2026-08-20T01:25:25,,,,,,
80,"China Railway 15th Bureau Group Co., Ltd.",中鐵十五局集團有限公司,Site Formation,C,active,https://www.devb.gov.hk/filemanager/externaldb/list_contractor_80.js,2026-08-20T01:23:05,2026-08-20T01:25:25,,,,,,
81,China Railway Construction Corporation Limited,中國鐵建股份有限公司,Roads & Drainage,C,active,https://www.devb.gov.hk/filemanager/externaldb/list_contractor_80.js,2026-08-20T01:23:05,2026-08-20T01:25:25,36214548,"UNIT A 10/F MG TOWER, 133 HOI BUN RD, KWUN TONG KLN, HONG KONG",Private company limited by shares,19-11-2005,CHINA RAILWAY CONSTRUCTION (HK) LIMITED,0.96
82,China Railway Construction Corporation Limited,中國鐵建股份有限公司,Site Formation,C,active,https://www.devb.gov.hk/filemanager/externaldb/list_contractor_80.js,2026-08-20T01:23:05,2026-08-20T01:25:25,36214548,"UNIT A 10/F MG TOWER, 133 HOI BUN RD, KWUN TONG KLN, HONG KONG",Private company limited by shares,19-11-2005,CHINA RAILWAY CONSTRUCTION (HK) LIMITED,0.96
83,"China Railway Construction Group Co., Ltd.",中鐵建設集團有限公司,Buildings,C,active,https://www.devb.gov.hk/filemanager/externaldb/list_contractor_80.js,2026-08-20T01:23:05,2026-08-20T01:25:25,78783806,香港 觀塘 偉業街223號 宏利金融中心 A座8樓1A及8B室,Private company limited by shares,11-09-2025,"China Railway Construction Group (Hong Kong and Macau) Co., Limited",0.9
84,"China Railway Construction Group Co., Ltd.",中鐵建設集團有限公司,Roads & Drainage,C,active,https://www.devb.gov.hk/filemanager/externaldb/list_contractor_80.js,2026-08-20T01:23:05,2026-08-20T01:25:25,78783806,香港 觀塘 偉業街223號 宏利金融中心 A座8樓1A及8B室,Private company limited by shares,11-09-2025,"China Railway Construction Group (Hong Kong and Macau) Co., Limited",0.9
85,"China Railway First Group Co.,Ltd",中鐵一局集團有限公司,Roads & Drainage,C,active,https://www.devb.gov.hk/filemanager/externaldb/list_contractor_80.js,2026-08-20T01:23:05,2026-08-20T01:25:25,51646912,"ROOM 1911,, LEE GARDEN ONE,, 33 HYSAN AVENUE,, CAUSEWAY BAY, HONG KONG",Private company limited by shares,06-01-2010,CHINA RAILWAY TRANS GROUP LIMITED,0.864
86,"China Railway First Group Co.,Ltd",中鐵一局集團有限公司,Site Formation,C,active,https://www.devb.gov.hk/filemanager/externaldb/list_contractor_80.js,2026-08-20T01:23:05,2026-08-20T01:25:25,51646912,"ROOM 1911,, LEE GARDEN ONE,, 33 HYSAN AVENUE,, CAUSEWAY BAY, HONG KONG",Private company limited by shares,06-01-2010,CHINA RAILWAY TRANS GROUP LIMITED,0.864
87,"China Railway First Group Co.,Ltd",中鐵一局集團有限公司,Waterworks,C,active,https://www.devb.gov.hk/filemanager/externaldb/list_contractor_80.js,2026-08-20T01:23:05,2026-08-20T01:25:25,51646912,"ROOM 1911,, LEE GARDEN ONE,, 33 HYSAN AVENUE,, CAUSEWAY BAY, HONG KONG",Private company limited by shares,06-01-2010,CHINA RAILWAY TRANS GROUP LIMITED,0.864
88,China Railway Group Limited,中國中鐵股份有限公司,Roads & Drainage,C,suspended,https://www.devb.gov.hk/filemanager/externaldb/list_contractor_80.js,2026-08-20T01:23:05,2026-08-20T01:25:25,76868428,"ROOM 12, 9/F,BLOCK B, ON LOK FACTORY BUILDING, 88-90 KOWLOON CITY ROAD, KOWLOON TOKWAWAN, HONG KONG",Private company limited by shares,29-07-2024,CHINA RAILWAY GROUP INVESTMENT (INTERNATIONAL) LIMITED,0.9
89,China Railway Group Limited,中國中鐵股份有限公司,Site Formation,C,active,https://www.devb.gov.hk/filemanager/externaldb/list_contractor_80.js,2026-08-20T01:23:05,2026-08-20T01:25:25,76868428,"ROOM 12, 9/F,BLOCK B, ON LOK FACTORY BUILDING, 88-90 KOWLOON CITY ROAD, KOWLOON TOKWAWAN, HONG KONG",Private company limited by shares,29-07-2024,CHINA RAILWAY GROUP INVESTMENT (INTERNATIONAL) LIMITED,0.9
90,China Railway Group Limited,中國中鐵股份有限公司,Waterworks,C,active,https://www.devb.gov.hk/filemanager/externaldb/list_contractor_80.js,2026-08-20T01:23:05,2026-08-20T01:25:25,76868428,"ROOM 12, 9/F,BLOCK B, ON LOK FACTORY BUILDING, 88-90 KOWLOON CITY ROAD, KOWLOON TOKWAWAN, HONG KONG",Private company limited by shares,29-07-2024,CHINA RAILWAY GROUP INVESTMENT (INTERNATIONAL) LIMITED,0.9
91,China Road and Bridge Corporation,中國路橋工程有限責任公司,Buildings,C,active,https://www.devb.gov.hk/filemanager/externaldb/list_contractor_80.js,2026-08-20T01:23:05,2026-08-20T01:25:25,33683360,"38/F., DORSET HOUSE, TAIKOO PLACE,, 979 KING'S ROAD, QUARRY BAY, HONG KONG",Private company limited by shares,11-06-2003,CHINA ROAD AND BRIDGE (H.K.) LIMITED,0.947
92,China Road and Bridge Corporation,中國路橋工程有限責任公司,Port Works,C,active,https://www.devb.gov.hk/filemanager/externaldb/list_contractor_80.js,2026-08-20T01:23:05,2026-08-20T01:25:25,33683360,"38/F., DORSET HOUSE, TAIKOO PLACE,, 979 KING'S ROAD, QUARRY BAY, HONG KONG",Private company limited by shares,11-06-2003,CHINA ROAD AND BRIDGE (H.K.) LIMITED,0.947
93,China Road and Bridge Corporation,中國路橋工程有限責任公司,Roads & Drainage,C,active,https://www.devb.gov.hk/filemanager/externaldb/list_contractor_80.js,2026-08-20T01:23:05,2026-08-20T01:25:25,33683360,"38/F., DORSET HOUSE, TAIKOO PLACE,, 979 KING'S ROAD, QUARRY BAY, HONG KONG",Private company limited by shares,11-06-2003,CHINA ROAD AND BRIDGE (H.K.) LIMITED,0.947
94,China Road and Bridge Corporation,中國路橋工程有限責任公司,Site Formation,C,active,https://www.devb.gov.hk/filemanager/externaldb/list_contractor_80.js,2026-08-20T01:23:05,2026-08-20T01:25:25,33683360,"38/F., DORSET HOUSE, TAIKOO PLACE,, 979 KING'S ROAD, QUARRY BAY, HONG KONG",Private company limited by shares,11-06-2003,CHINA ROAD AND BRIDGE (H.K.) LIMITED,0.947
95,China Road and Bridge Corporation,中國路橋工程有限責任公司,Waterworks,C,active,https://www.devb.gov.hk/filemanager/externaldb/list_contractor_80.js,2026-08-20T01:23:05,2026-08-20T01:25:25,33683360,"38/F., DORSET HOUSE, TAIKOO PLACE,, 979 KING'S ROAD, QUARRY BAY, HONG KONG",Private company limited by shares,11-06-2003,CHINA ROAD AND BRIDGE (H.K.) LIMITED,0.947
96,China State Civil Engineering Limited,中國建築土木工程有限公司,Roads & Drainage,B,active,https://www.devb.gov.hk/filemanager/externaldb/list_contractor_80.js,2026-08-20T01:23:05,2026-08-20T01:25:25,12338663,"29/F CHINA OVERSEAS BUILDING, 139 HENNESSY ROAD, WANCHAI, HONG KONG",Private company limited by shares,11-11-1988,CHINA STATE CIVIL ENGINEERING LIMITED,1.0
97,China State Civil Engineering Limited,中國建築土木工程有限公司,Site Formation,C,active,https://www.devb.gov.hk/filemanager/externaldb/list_contractor_80.js,2026-08-20T01:23:05,2026-08-20T01:25:25,12338663,"29/F CHINA OVERSEAS BUILDING, 139 HENNESSY ROAD, WANCHAI, HONG KONG",Private company limited by shares,11-11-1988,CHINA STATE CIVIL ENGINEERING LIMITED,1.0
98,China State Construction Engineering (Hong Kong) Limited,中國建築工程 (香港) 有限公司,Buildings,C,active,https://www.devb.gov.hk/filemanager/externaldb/list_contractor_80.js,2026-08-20T01:23:05,2026-08-20T01:25:25,22282529,"29/F, CHINA OVERSEAS BLDG, 139 HENNESSY RD, WANCHAI, HONG KONG",Private company limited by shares,19-02-1999,CHINA STATE CONSTRUCTION ENGINEERING (HONG KONG) LIMITED,1.0
99,China State Construction Engineering (Hong Kong) Limited,中國建築工程 (香港) 有限公司,Port Works,C,active,https://www.devb.gov.hk/filemanager/externaldb/list_contractor_80.js,2026-08-20T01:23:05,2026-08-20T01:25:25,22282529,"29/F, CHINA OVERSEAS BLDG, 139 HENNESSY RD, WANCHAI, HONG KONG",Private company limited by shares,19-02-1999,CHINA STATE CONSTRUCTION ENGINEERING (HONG KONG) LIMITED,1.0
100,China State Construction Engineering (Hong Kong) Limited,中國建築工程 (香港) 有限公司,Roads & Drainage,C,active,https://www.devb.gov.hk/filemanager/externaldb/list_contractor_80.js,2026-08-20T01:23:05,2026-08-20T01:25:25,22282529,"29/F, CHINA OVERSEAS BLDG, 139 HENNESSY RD, WANCHAI, HONG KONG",Private company limited by shares,19-02-1999,CHINA STATE CONSTRUCTION ENGINEERING (HONG KONG) LIMITED,1.0
101,China State Construction Engineering (Hong Kong) Limited,中國建築工程 (香港) 有限公司,Site Formation,C,active,https://www.devb.gov.hk/filemanager/externaldb/list_contractor_80.js,2026-08-20T01:23:05,2026-08-20T01:25:25,22282529,"29/F, CHINA OVERSEAS BLDG, 139 HENNESSY RD, WANCHAI, HONG KONG",Private company limited by shares,19-02-1999,CHINA STATE CONSTRUCTION ENGINEERING (HONG KONG) LIMITED,1.0
102,China State Construction Engineering (Hong Kong) Limited,中國建築工程 (香港) 有限公司,Waterworks,C,active,https://www.devb.gov.hk/filemanager/externaldb/list_contractor_80.js,2026-08-20T01:23:05,2026-08-20T01:25:25,22282529,"29/F, CHINA OVERSEAS BLDG, 139 HENNESSY RD, WANCHAI, HONG KONG",Private company limited by shares,19-02-1999,CHINA STATE CONSTRUCTION ENGINEERING (HONG KONG) LIMITED,1.0
103,Ching Lee Engineering Limited,正利工程有限公司,Buildings,B,active,https://www.devb.gov.hk/filemanager/externaldb/list_contractor_80.js,2026-08-20T01:23:05,2026-08-20T01:25:25,25011149,"RM 203-04 2/F HANG BONG COMM CTR, 28 SHANGHAI ST JORDAN KLN, HONG KONG",Private company limited by shares,27-11-1998,CHING LEE ENGINEERING LIMITED,1.0
104,"Chinney Construction Company, Limited",建業建築有限公司,Buildings,C,active,https://www.devb.gov.hk/filemanager/externaldb/list_contractor_80.js,2026-08-20T01:23:05,2026-08-20T01:25:25,01720271,"BLOCK A & B 9/F, HONG KONG SPINNERS IND BLDG PHASE VI, 481-483 CASTLE PEAK ROAD CHEUNG SHA WAN KLN, HONG KONG",Private company limited by shares,28-01-1975,"CHINNEY CONSTRUCTION COMPANY, LIMITED",1.0
105,Chit Cheung Construction Company Limited,捷章建築有限公司,Roads & Drainage,C,active,https://www.devb.gov.hk/filemanager/externaldb/list_contractor_80.js,2026-08-20T01:23:05,2026-08-20T01:25:25,14177219,"7/F., HIGH FASHION CENTRE,, 1-11 KWAI HEI STREET, KWAI CHUNG, NT, HONG KONG",Private company limited by shares,07-12-1990,CHIT CHEUNG CONSTRUCTION COMPANY LIMITED,1.0
106,Chit Cheung Construction Company Limited,捷章建築有限公司,Site Formation,B,active,https://www.devb.gov.hk/filemanager/externaldb/list_contractor_80.js,2026-08-20T01:23:05,2026-08-20T01:25:25,14177219,"7/F., HIGH FASHION CENTRE,, 1-11 KWAI HEI STREET, KWAI CHUNG, NT, HONG KONG",Private company limited by shares,07-12-1990,CHIT CHEUNG CONSTRUCTION COMPANY LIMITED,1.0
107,Chit Cheung Construction Company Limited,捷章建築有限公司,Waterworks,A,active,https://www.devb.gov.hk/filemanager/externaldb/list_contractor_80.js,2026-08-20T01:23:05,2026-08-20T01:25:25,14177219,"7/F., HIGH FASHION CENTRE,, 1-11 KWAI HEI STREET, KWAI CHUNG, NT, HONG KONG",Private company limited by shares,07-12-1990,CHIT CHEUNG CONSTRUCTION COMPANY LIMITED,1.0
108,Chiu Hing Construction & Transportation Company Limited,昭興建築運輸有限公司,Roads & Drainage,C,active,https://www.devb.gov.hk/filemanager/externaldb/list_contractor_80.js,2026-08-20T01:23:05,2026-08-20T01:25:25,03361817,"RM 201, 2/F,, FUK SHING COMM. BLDG,, NO. 28 ON LOK MUN ST, ON LOK TSUEN, FANLING, NT, HONG KONG",Private company limited by shares,21-09-1971,CHIU HING CONSTRUCTION & TRANSPORTATION COMPANY LIMITED,1.0
109,CHK Construction (HK) Limited,向建建築(香港)有限公司,Roads & Drainage,A,active,https://www.devb.gov.hk/filemanager/externaldb/list_contractor_80.js,2026-08-20T01:23:05,2026-08-20T01:25:25,70689585,"UNIT G, 20/F,, MAXGRAND PLAZA,, 3 TAI YAU STREET,, SAN PO KONG, HONG KONG",Private company limited by shares,08-05-2019,CHK Construction (HK) Limited,1.0
110,Chong Kee Construction Company Limited,莊記建築有限公司,Roads & Drainage,A,active,https://www.devb.gov.hk/filemanager/externaldb/list_contractor_80.js,2026-08-20T01:23:05,2026-08-20T01:25:25,06719340,"FLAT D, 22ND FLOOR,, MAI ON INDUSTRIAL BUILDING,, 19-21 KUNG YIP STREET,, KWAI CHUNG, NEW TERRITORIES, HONG KONG",Private company limited by shares,15-07-1980,CHONG KEE CONSTRUCTION COMPANY LIMITED,1.0
111,Chuen Shing Construction Limited,浚成建築有限公司,Roads & Drainage,B,active,https://www.devb.gov.hk/filemanager/externaldb/list_contractor_80.js,2026-08-20T01:23:05,2026-08-20T01:25:25,15829457,"WORKSHOP B ON 9/F, VALIANT INDUSTRIAL CENTRE, NOS. 2-12 AU PUI WAN STREET, SHA TIN, HONG KONG",Private company limited by shares,26-05-1992,CHUEN SHING CONSTRUCTION LIMITED,1.0
112,Chuen Shing Construction Limited,浚成建築有限公司,Site Formation,B,active,https://www.devb.gov.hk/filemanager/externaldb/list_contractor_80.js,2026-08-20T01:23:05,2026-08-20T01:25:25,15829457,"WORKSHOP B ON 9/F, VALIANT INDUSTRIAL CENTRE, NOS. 2-12 AU PUI WAN STREET, SHA TIN, HONG KONG",Private company limited by shares,26-05-1992,CHUEN SHING CONSTRUCTION LIMITED,1.0
113,Chuen Shing Construction Limited,浚成建築有限公司,Waterworks,A,active,https://www.devb.gov.hk/filemanager/externaldb/list_contractor_80.js,2026-08-20T01:23:05,2026-08-20T01:25:25,15829457,"WORKSHOP B ON 9/F, VALIANT INDUSTRIAL CENTRE, NOS. 2-12 AU PUI WAN STREET, SHA TIN, HONG KONG",Private company limited by shares,26-05-1992,CHUEN SHING CONSTRUCTION LIMITED,1.0
114,Chun Wo Building Construction Limited,俊和建築有限公司,Buildings,C,active,https://www.devb.gov.hk/filemanager/externaldb/list_contractor_80.js,2026-08-20T01:23:05,2026-08-20T01:25:25,06900630,"27/F, TOWER A, 83 KING LAM STREET, CHEUNG SHA WAN, KOWLOON, HONG KONG",Private company limited by shares,19-09-1980,CHUN WO BUILDING CONSTRUCTION LIMITED,1.0
115,Chun Wo Construction and Engineering Company Limited,俊和建築工程有限公司,Buildings,C,suspended,https://www.devb.gov.hk/filemanager/externaldb/list_contractor_80.js,2026-08-20T01:23:05,2026-08-20T01:25:25,04362814,"27/F, TOWER A, 83 KING LAM STREET, CHEUNG SHA WAN, KLN, HONG KONG",Private company limited by shares,10-12-1974,CHUN WO CONSTRUCTION AND ENGINEERING COMPANY LIMITED,1.0
116,Chun Wo Construction and Engineering Company Limited,俊和建築工程有限公司,Port Works,C,active,https://www.devb.gov.hk/filemanager/externaldb/list_contractor_80.js,2026-08-20T01:23:05,2026-08-20T01:25:25,04362814,"27/F, TOWER A, 83 KING LAM STREET, CHEUNG SHA WAN, KLN, HONG KONG",Private company limited by shares,10-12-1974,CHUN WO CONSTRUCTION AND ENGINEERING COMPANY LIMITED,1.0
117,Chun Wo Construction and Engineering Company Limited,俊和建築工程有限公司,Roads & Drainage,C,active,https://www.devb.gov.hk/filemanager/externaldb/list_contractor_80.js,2026-08-20T01:23:05,2026-08-20T01:25:25,04362814,"27/F, TOWER A, 83 KING LAM STREET, CHEUNG SHA WAN, KLN, HONG KONG",Private company limited by shares,10-12-1974,CHUN WO CONSTRUCTION AND ENGINEERING COMPANY LIMITED,1.0
118,Chun Wo Construction and Engineering Company Limited,俊和建築工程有限公司,Site Formation,C,active,https://www.devb.gov.hk/filemanager/externaldb/list_contractor_80.js,2026-08-20T01:23:05,2026-08-20T01:25:25,04362814,"27/F, TOWER A, 83 KING LAM STREET, CHEUNG SHA WAN, KLN, HONG KONG",Private company limited by shares,10-12-1974,CHUN WO CONSTRUCTION AND ENGINEERING COMPANY LIMITED,1.0
119,Chun Wo Construction and Engineering Company Limited,俊和建築工程有限公司,Waterworks,C,active,https://www.devb.gov.hk/filemanager/externaldb/list_contractor_80.js,2026-08-20T01:23:05,2026-08-20T01:25:25,04362814,"27/F, TOWER A, 83 KING LAM STREET, CHEUNG SHA WAN, KLN, HONG KONG",Private company limited by shares,10-12-1974,CHUN WO CONSTRUCTION AND ENGINEERING COMPANY LIMITED,1.0
120,Chun Wo Elegant Decoration Engineering Company Limited,俊和高雅裝飾工程有限公司,Buildings,B,active,https://www.devb.gov.hk/filemanager/externaldb/list_contractor_80.js,2026-08-20T01:23:05,2026-08-20T01:25:25,19137979,"27/F, TOWER A, 83 KING LAM STREET, CHEUNG SHA WAN, KOWLOON, HONG KONG",Private company limited by shares,16-05-1995,CHUN WO ELEGANT DECORATION ENGINEERING COMPANY LIMITED,1.0
121,Chun Yip Construction Company Limited,晉業建築有限公司,Buildings,C,active,https://www.devb.gov.hk/filemanager/externaldb/list_contractor_80.js,2026-08-20T01:23:05,2026-08-20T01:25:25,04111348,"17TH FLOOR, AIRSIDE, 2 CONCORDE ROAD, KAI TAK, HONG KONG",Private company limited by shares,08-08-1973,CHUN YIP CONSTRUCTION COMPANY LIMITED,1.0
122,Chun Yip Waterworks Construction (HK) Limited,駿業水務建築(香港)有限公司,Waterworks,B,active,https://www.devb.gov.hk/filemanager/externaldb/list_contractor_80.js,2026-08-20T01:23:05,2026-08-20T01:25:25,58355122,"UNIT 16, 11/F, ONE VISTA SUMMIT, 3 SAN HOP LANE, TUEN MUN, NT, HONG KONG",Private company limited by shares,16-05-2011,CHUN YIP WATERWORKS CONSTRUCTION (HK) LIMITED,1.0
123,Chun Yip Waterworks Construction Company Limited,駿業水務建築有限公司,Waterworks,A,active,https://www.devb.gov.hk/filemanager/externaldb/list_contractor_80.js,2026-08-20T01:23:05,2026-08-20T01:25:25,39227665,"ROOM 607, YEN SHENG CENTRE,, 64 HOI YUEN ROAD, KWUN TONG, KLN, HONG KONG",Private company limited by shares,18-04-2008,CHUN YIP WATERWORKS CONSTRUCTION COMPANY LIMITED,1.0
124,Chung Chin Construction and Engineering Company Limited,鍾泉建築工程有限公司,Buildings,A,active,https://www.devb.gov.hk/filemanager/externaldb/list_contractor_80.js,2026-08-20T01:23:05,2026-08-20T01:25:25,07743394,"BLOCK A 5/F MAYLUN BLDG, 23 SHU KUK ST, HONG KONG",Private company limited by shares,23-03-1982,CHUNG CHIN CONSTRUCTION AND ENGINEERING COMPANY LIMITED,1.0
125,Chung Hing Waterworks Engineering Company Limited,中興水務工程有限公司,Waterworks,B,active,https://www.devb.gov.hk/filemanager/externaldb/list_contractor_80.js,2026-08-20T01:23:05,2026-08-20T01:25:25,63717741,"3RD FLOOR, FORTUNE INDUSTRIAL BUILDING, NO. 35 TAI YIP STREET, KOWLOON BAY, KLN, HONG KONG",Private company limited by shares,18-08-2014,Chung Hing Waterworks Engineering Company Limited,1.0
126,Chung Shing Construction Company Limited,忠誠建築有限公司,Buildings,B,active,https://www.devb.gov.hk/filemanager/externaldb/list_contractor_80.js,2026-08-20T01:23:05,2026-08-20T01:25:25,03782817,"1301 13/F EAST WING, PENINSULA SQUARE, 18 SUNG ON STREET HUNG HOM KOWLOON, HONG KONG",Private company limited by shares,18-10-1972,CHUNG SHING CONSTRUCTION COMPANY LIMITED,1.0
127,Chung Shing Construction Company Limited,忠誠建築有限公司,Roads & Drainage,A,active,https://www.devb.gov.hk/filemanager/externaldb/list_contractor_80.js,2026-08-20T01:23:05,2026-08-20T01:25:25,03782817,"1301 13/F EAST WING, PENINSULA SQUARE, 18 SUNG ON STREET HUNG HOM KOWLOON, HONG KONG",Private company limited by shares,18-10-1972,CHUNG SHING CONSTRUCTION COMPANY LIMITED,1.0
128,Classic Engineering Company Limited,英典工程有限公司,Roads & Drainage,A,active,https://www.devb.gov.hk/filemanager/externaldb/list_contractor_80.js,2026-08-20T01:23:05,2026-08-20T01:25:25,06924436,"ROOM 306C, 3/F, JOIN IN HANG SING CENTRE,, 71-75 CONTAINER PORT ROAD,, KWAI CHUNG, NT, HONG KONG",Private company limited by shares,07-11-1980,CLASSIC ENGINEERING COMPANY LIMITED,1.0
129,Click Engineering (H.K.) Limited,進基工程(香港)有限公司,Waterworks,A,active,https://www.devb.gov.hk/filemanager/externaldb/list_contractor_80.js,2026-08-20T01:23:05,2026-08-20T01:25:25,22089381,"FLAT 1519, 15/F,, TUEN MUN CENTRAL SQUARE,, NO. 22 HOI WING ROAD, TUEN MUN, NT, HONG KONG",Private company limited by shares,04-11-1998,CLICK ENGINEERING (H.K.) LIMITED,1.0
130,Concentric Construction Limited,協力建業有限公司,Port Works,C,active,https://www.devb.gov.hk/filemanager/externaldb/list_contractor_80.js,2026-08-20T01:23:05,2026-08-20T01:25:25,15876543,"23/F, SKYLINE TOWER,, 18 TONG MI ROAD, MONGKOK, KLN, HONG KONG",Private company limited by shares,22-08-1991,CONCENTRIC CONSTRUCTION LIMITED,1.0
131,Concentric Construction Limited,協力建業有限公司,Roads & Drainage,C,active,https://www.devb.gov.hk/filemanager/externaldb/list_contractor_80.js,2026-08-20T01:23:05,2026-08-20T01:25:25,15876543,"23/F, SKYLINE TOWER,, 18 TONG MI ROAD, MONGKOK, KLN, HONG KONG",Private company limited by shares,22-08-1991,CONCENTRIC CONSTRUCTION LIMITED,1.0
132,Concentric Construction Limited,協力建業有限公司,Site Formation,C,active,https://www.devb.gov.hk/filemanager/externaldb/list_contractor_80.js,2026-08-20T01:23:05,2026-08-20T01:25:25,15876543,"23/F, SKYLINE TOWER,, 18 TONG MI ROAD, MONGKOK, KLN, HONG KONG",Private company limited by shares,22-08-1991,CONCENTRIC CONSTRUCTION LIMITED,1.0
133,Concentric Construction Limited,協力建業有限公司,Waterworks,C,active,https://www.devb.gov.hk/filemanager/externaldb/list_contractor_80.js,2026-08-20T01:23:05,2026-08-20T01:25:25,15876543,"23/F, SKYLINE TOWER,, 18 TONG MI ROAD, MONGKOK, KLN, HONG KONG",Private company limited by shares,22-08-1991,CONCENTRIC CONSTRUCTION LIMITED,1.0
134,Concorde Construction Company Limited,三和建築有限公司,Buildings,B,active,https://www.devb.gov.hk/filemanager/externaldb/list_contractor_80.js,2026-08-20T01:23:05,2026-08-20T01:25:25,03865544,"UNIT 1 & 2, 16/F.,, TAI SHING COMMERCIAL (YAUMATI) BLDG.,, 498-500 NATHAN RD, YAUMATEI, KLN, HONG KONG",Private company limited by shares,22-05-1973,CONCORDE CONSTRUCTION COMPANY LIMITED,1.0
135,Concordia Engineering Limited,協同工程有限公司,Roads & Drainage,B,active,https://www.devb.gov.hk/filemanager/externaldb/list_contractor_80.js,2026-08-20T01:23:05,2026-08-20T01:25:25,34393669,"ROOM1701, 17/F,, TWO PORTSIDE, NO. 9 PAT TAT STREET, SAN PO KONG, KOWLOON, HONG KONG",Private company limited by shares,07-07-2003,CONCORDIA ENGINEERING LIMITED,1.0
136,CPC Construction Hong Kong Limited,其士基建香港有限公司,Port Works,B,active,https://www.devb.gov.hk/filemanager/externaldb/list_contractor_80.js,2026-08-20T01:23:05,2026-08-20T01:25:25,05014913,"22/F CHEVALIER COMMERCIAL CENTRE, 8 WANG HOI ROAD KOWLOON BAY, HONG KONG",Private company limited by shares,31-12-1976,CPC Construction Hong Kong Limited,1.0
137,CPC Construction Hong Kong Limited,其士基建香港有限公司,Roads & Drainage,C,active,https://www.devb.gov.hk/filemanager/externaldb/list_contractor_80.js,2026-08-20T01:23:05,2026-08-20T01:25:25,05014913,"22/F CHEVALIER COMMERCIAL CENTRE, 8 WANG HOI ROAD KOWLOON BAY, HONG KONG",Private company limited by shares,31-12-1976,CPC Construction Hong Kong Limited,1.0
138,CPC Construction Hong Kong Limited,其士基建香港有限公司,Waterworks,C,active,https://www.devb.gov.hk/filemanager/externaldb/list_contractor_80.js,2026-08-20T01:23:05,2026-08-20T01:25:25,05014913,"22/F CHEVALIER COMMERCIAL CENTRE, 8 WANG HOI ROAD KOWLOON BAY, HONG KONG",Private company limited by shares,31-12-1976,CPC Construction Hong Kong Limited,1.0
139,CR Construction Company Limited,華營建築有限公司,Buildings,C,active,https://www.devb.gov.hk/filemanager/externaldb/list_contractor_80.js,2026-08-20T01:23:05,2026-08-20T01:25:25,02304599,"UNIT 3-16 LEVEL 32, STANDARD CHARTERED TOWER OF MILLENNIUM CITY 1, NO.388 KWUN TONG ROAD KWUN TONG, HONG KONG",Private company limited by shares,13-06-1967,CR Construction Company Limited,1.0
140,CR Construction Company Limited,華營建築有限公司,Roads & Drainage,A,active,https://www.devb.gov.hk/filemanager/externaldb/list_contractor_80.js,2026-08-20T01:23:05,2026-08-20T01:25:25,02304599,"UNIT 3-16 LEVEL 32, STANDARD CHARTERED TOWER OF MILLENNIUM CITY 1, NO.388 KWUN TONG ROAD KWUN TONG, HONG KONG",Private company limited by shares,13-06-1967,CR Construction Company Limited,1.0
141,Creative Concept Construction Company Limited,思建建築有限公司,Buildings,A,active,https://www.devb.gov.hk/filemanager/externaldb/list_contractor_80.js,2026-08-20T01:23:05,2026-08-20T01:25:25,39911911,"UNIT 1001-1003, 10/F,, ONE NORTH TOWER 1,, 8 HONG YIP STREET,, YUEN LONG N.T., HONG KONG",Private company limited by shares,21-10-2008,CREATIVE CONCEPT CONSTRUCTION COMPANY LIMITED,1.0
142,Crown Asia Engineering Limited,冠亞工程有限公司,Port Works,B,active,https://www.devb.gov.hk/filemanager/externaldb/list_contractor_80.js,2026-08-20T01:23:05,2026-08-20T01:25:25,50839724,"ROOM 1802, 18/F.,, AITKEN VANSON CENTRE,, 61 HOI YUEN ROAD,, KWUN TONG, KOWLOON, HONG KONG",Private company limited by shares,25-09-2008,CROWN ASIA ENGINEERING LIMITED,1.0
143,CWF Piling & Civil Engineering Company Limited,聯邦打樁土木工程有限公司,Roads & Drainage,A,active,https://www.devb.gov.hk/filemanager/externaldb/list_contractor_80.js,2026-08-20T01:23:05,2026-08-20T01:25:25,03491397,"14/F YAU LEE CTR 45 HOI YUEN RD, KWUN TONG KLN, HONG KONG",Private company limited by shares,28-03-1972,CWF PILING & CIVIL ENGINEERING COMPANY LIMITED,1.0
144,CWF Piling & Civil Engineering Company Limited,聯邦打樁土木工程有限公司,Site Formation,C,active,https://www.devb.gov.hk/filemanager/externaldb/list_contractor_80.js,2026-08-20T01:23:05,2026-08-20T01:25:25,03491397,"14/F YAU LEE CTR 45 HOI YUEN RD, KWUN TONG KLN, HONG KONG",Private company limited by shares,28-03-1972,CWF PILING & CIVIL ENGINEERING COMPANY LIMITED,1.0
145,Cycle Links Construction Company Limited,圓渾建築有限公司,Buildings,B,active,https://www.devb.gov.hk/filemanager/externaldb/list_contractor_80.js,2026-08-20T01:23:05,2026-08-20T01:25:25,21803069,"UNIT E, 10/F., WORLDWIDE CENTRE,, 123 TUNG CHAU STREET,, TAI KOK TSUI, KLN, HONG KONG",Private company limited by shares,29-05-1998,CYCLE LINKS CONSTRUCTION COMPANY LIMITED,1.0
146,Dao Kee Construction Company Limited,陶記營造廠有限公司,Buildings,B,active,https://www.devb.gov.hk/filemanager/externaldb/list_contractor_80.js,2026-08-20T01:23:05,2026-08-20T01:25:25,03500485,"5/F, ROOM 504-6,, HUA QIN INTERNATIONAL BLDG,, 340 QUEEN'S RD, CENTRAL, HONG KONG",Private company limited by shares,18-02-1972,DAO KEE CONSTRUCTION COMPANY LIMITED,1.0
147,Dao Kee Construction Company Limited,陶記營造廠有限公司,Roads & Drainage,A,active,https://www.devb.gov.hk/filemanager/externaldb/list_contractor_80.js,2026-08-20T01:23:05,2026-08-20T01:25:25,03500485,"5/F, ROOM 504-6,, HUA QIN INTERNATIONAL BLDG,, 340 QUEEN'S RD, CENTRAL, HONG KONG",Private company limited by shares,18-02-1972,DAO KEE CONSTRUCTION COMPANY LIMITED,1.0
148,Darwin Engineering Limited,達賢工程有限公司,Roads & Drainage,B,active,https://www.devb.gov.hk/filemanager/externaldb/list_contractor_80.js,2026-08-20T01:23:05,2026-08-20T01:25:25,59443722,"UNIT A, 19/F., REASON GROUP TOWER,, NO. 403 CASTLE PEAK ROAD,, KWAI CHUNG, NT, HONG KONG",Private company limited by shares,23-02-2012,Darwin Engineering Limited,1.0
149,Deson Development Limited,迪臣發展有限公司,Buildings,C,active,https://www.devb.gov.hk/filemanager/externaldb/list_contractor_80.js,2026-08-20T01:23:05,2026-08-20T01:25:25,11559896,"11/F, NANYANG PLAZA,, 57 HUNG TO RD,, KWUN TONG, KLN, HONG KONG",Private company limited by shares,01-03-1988,DESON DEVELOPMENT LIMITED,1.0
150,Dix Construction & Transportation Limited,迪時建築運輸有限公司,Roads & Drainage,C,active,https://www.devb.gov.hk/filemanager/externaldb/list_contractor_80.js,2026-08-20T01:23:05,2026-08-20T01:25:25,06692332,"UNIT 4B, 4/F,, GOLDFIELD INDUSTRIAL CENTRE,, 1 SUI WO ROAD,, FO TAN, SHATIN, NT, HONG KONG",Private company limited by shares,27-06-1980,DIX CONSTRUCTION & TRANSPORTATION LIMITED,1.0
151,Dix Construction & Transportation Limited,迪時建築運輸有限公司,Site Formation,B,active,https://www.devb.gov.hk/filemanager/externaldb/list_contractor_80.js,2026-08-20T01:23:05,2026-08-20T01:25:25,06692332,"UNIT 4B, 4/F,, GOLDFIELD INDUSTRIAL CENTRE,, 1 SUI WO ROAD,, FO TAN, SHATIN, NT, HONG KONG",Private company limited by shares,27-06-1980,DIX CONSTRUCTION & TRANSPORTATION LIMITED,1.0
152,Dixie Engineering Company Limited,仁利工程有限公司,Roads & Drainage,C,active,https://www.devb.gov.hk/filemanager/externaldb/list_contractor_80.js,2026-08-20T01:23:05,2026-08-20T01:25:25,12798229,"UNIT 21, 20/F., BLOCK A,, WAH LOK INDUSTRIAL CENTRE,, 31-41 SHAN MEI STREET,, FO TAN, SHATIN, NEW TERRITORIES,, HONG KONG",Private company limited by shares,30-05-1989,DIXIE ENGINEERING COMPANY LIMITED,1.0
153,Dixie Engineering Company Limited,仁利工程有限公司,Site Formation,B,active,https://www.devb.gov.hk/filemanager/externaldb/list_contractor_80.js,2026-08-20T01:23:05,2026-08-20T01:25:25,12798229,"UNIT 21, 20/F., BLOCK A,, WAH LOK INDUSTRIAL CENTRE,, 31-41 SHAN MEI STREET,, FO TAN, SHATIN, NEW TERRITORIES,, HONG KONG",Private company limited by shares,30-05-1989,DIXIE ENGINEERING COMPANY LIMITED,1.0
154,Dixie Engineering Company Limited,仁利工程有限公司,Waterworks,A,active,https://www.devb.gov.hk/filemanager/externaldb/list_contractor_80.js,2026-08-20T01:23:05,2026-08-20T01:25:25,12798229,"UNIT 21, 20/F., BLOCK A,, WAH LOK INDUSTRIAL CENTRE,, 31-41 SHAN MEI STREET,, FO TAN, SHATIN, NEW TERRITORIES,, HONG KONG",Private company limited by shares,30-05-1989,DIXIE ENGINEERING COMPANY LIMITED,1.0
155,Dragages Hong Kong Limited,香港寶嘉建築有限公司,Buildings,C,active,https://www.devb.gov.hk/filemanager/externaldb/list_contractor_80.js,2026-08-20T01:23:05,2026-08-20T01:25:25,09787041,"26/F,, TWO HARBOUR SQUARE,, 180 WAI YIP STREET,, KWUN TONG, KOWLOON,, HONG KONG",Private company limited by shares,29-06-1984,DRAGAGES HONG KONG LIMITED,1.0
156,Dragages Hong Kong Limited,香港寶嘉建築有限公司,Port Works,C,active,https://www.devb.gov.hk/filemanager/externaldb/list_contractor_80.js,2026-08-20T01:23:05,2026-08-20T01:25:25,09787041,"26/F,, TWO HARBOUR SQUARE,, 180 WAI YIP STREET,, KWUN TONG, KOWLOON,, HONG KONG",Private company limited by shares,29-06-1984,DRAGAGES HONG KONG LIMITED,1.0
157,Dragages Hong Kong Limited,香港寶嘉建築有限公司,Roads & Drainage,C,active,https://www.devb.gov.hk/filemanager/externaldb/list_contractor_80.js,2026-08-20T01:23:05,2026-08-20T01:25:25,09787041,"26/F,, TWO HARBOUR SQUARE,, 180 WAI YIP STREET,, KWUN TONG, KOWLOON,, HONG KONG",Private company limited by shares,29-06-1984,DRAGAGES HONG KONG LIMITED,1.0
158,Dragages Hong Kong Limited,香港寶嘉建築有限公司,Site Formation,C,active,https://www.devb.gov.hk/filemanager/externaldb/list_contractor_80.js,2026-08-20T01:23:05,2026-08-20T01:25:25,09787041,"26/F,, TWO HARBOUR SQUARE,, 180 WAI YIP STREET,, KWUN TONG, KOWLOON,, HONG KONG",Private company limited by shares,29-06-1984,DRAGAGES HONG KONG LIMITED,1.0
159,Dragages Hong Kong Limited,香港寶嘉建築有限公司,Waterworks,C,active,https://www.devb.gov.hk/filemanager/externaldb/list_contractor_80.js,2026-08-20T01:23:05,2026-08-20T01:25:25,09787041,"26/F,, TWO HARBOUR SQUARE,, 180 WAI YIP STREET,, KWUN TONG, KOWLOON,, HONG KONG",Private company limited by shares,29-06-1984,DRAGAGES HONG KONG LIMITED,1.0
160,E Man Construction Company Limited,裕民建築有限公司,Buildings,C,active,https://www.devb.gov.hk/filemanager/externaldb/list_contractor_80.js,2026-08-20T01:23:05,2026-08-20T01:25:25,03916652,"72-76/F, TWO INTERNATIONAL FINANCE CTR, 8 FINANCE ST CENTRAL, HONG KONG",Private company limited by shares,15-12-1972,E MAN CONSTRUCTION COMPANY LIMITED,1.0
161,E Man Construction Company Limited,裕民建築有限公司,Site Formation,B,active,https://www.devb.gov.hk/filemanager/externaldb/list_contractor_80.js,2026-08-20T01:23:05,2026-08-20T01:25:25,03916652,"72-76/F, TWO INTERNATIONAL FINANCE CTR, 8 FINANCE ST CENTRAL, HONG KONG",Private company limited by shares,15-12-1972,E MAN CONSTRUCTION COMPANY LIMITED,1.0
162,Easy Way Engineering Limited,裕順工程有限公司,Roads & Drainage,B,active,https://www.devb.gov.hk/filemanager/externaldb/list_contractor_80.js,2026-08-20T01:23:05,2026-08-20T01:25:25,58024579,"WORKSHOP A57, 24/F., REGENT'S PARK,, PRINCE INDUSTRIAL BUILDING,, NO. 706 PRINCE EDWARD ROAD EAST,, SAN PO KONG, KOWLOON,, HONG KONG",Private company limited by shares,02-03-2011,EASY WAY ENGINEERING LIMITED,1.0
163,Excel Engineering Company Limited,怡益工程有限公司,Buildings,A,active,https://www.devb.gov.hk/filemanager/externaldb/list_contractor_80.js,2026-08-20T01:23:05,2026-08-20T01:25:25,04744834,"155 WATERLOO RD, KOWLOON TONG KLN, HONG KONG",Private company limited by shares,07-05-1976,EXCEL ENGINEERING COMPANY LIMITED,1.0
164,Excel Engineering Company Limited,怡益工程有限公司,Roads & Drainage,C,active,https://www.devb.gov.hk/filemanager/externaldb/list_contractor_80.js,2026-08-20T01:23:05,2026-08-20T01:25:25,04744834,"155 WATERLOO RD, KOWLOON TONG KLN, HONG KONG",Private company limited by shares,07-05-1976,EXCEL ENGINEERING COMPANY LIMITED,1.0
165,Excel Engineering Company Limited,怡益工程有限公司,Waterworks,C,active,https://www.devb.gov.hk/filemanager/externaldb/list_contractor_80.js,2026-08-20T01:23:05,2026-08-20T01:25:25,04744834,"155 WATERLOO RD, KOWLOON TONG KLN, HONG KONG",Private company limited by shares,07-05-1976,EXCEL ENGINEERING COMPANY LIMITED,1.0
166,Fine Power Construction Engineering Limited,威明建築工程有限公司,Roads & Drainage,A,active,https://www.devb.gov.hk/filemanager/externaldb/list_contractor_80.js,2026-08-20T01:23:05,2026-08-20T01:25:25,34706430,"WORKSHOP NO. 16, 10/F.,, SINO INDUSTRIAL PLAZA,, 9, KAI CHEUNG ROAD, KOWLOON BAY, KLN, HONG KONG",Private company limited by shares,30-04-2004,FINE POWER CONSTRUCTION ENGINEERING LIMITED,1.0
167,Fine Power Construction Engineering Limited,威明建築工程有限公司,Waterworks,A,active,https://www.devb.gov.hk/filemanager/externaldb/list_contractor_80.js,2026-08-20T01:23:05,2026-08-20T01:25:25,34706430,"WORKSHOP NO. 16, 10/F.,, SINO INDUSTRIAL PLAZA,, 9, KAI CHEUNG ROAD, KOWLOON BAY, KLN, HONG KONG",Private company limited by shares,30-04-2004,FINE POWER CONSTRUCTION ENGINEERING LIMITED,1.0
168,Fairmax Engineering Limited,世豪工程有限公司,Waterworks,A,active,https://www.devb.gov.hk/filemanager/externaldb/list_contractor_80.js,2026-08-20T01:23:05,2026-08-20T01:25:25,13096428,"FLAT 2309, NEW TECH PLAZA,, 34 TAI YAU STREET,, SAN PO KONG, KOWLOON, HONG KONG",Private company limited by shares,05-05-1989,FAIRMAX ENGINEERING LIMITED,1.0
169,Fong Wing Shing Construction Company Limited,方永勝建築有限公司,Buildings,C,active,https://www.devb.gov.hk/filemanager/externaldb/list_contractor_80.js,2026-08-20T01:23:05,2026-08-20T01:25:25,07833937,"UNITS 1214-1215, 12/F.,, CHEVALIER COMMERCIAL CENTRE,, NO. 8 WANG HOI ROAD, KOWLOON BAY, KLN, HONG KONG",Private company limited by shares,11-05-1982,FONG WING SHING CONSTRUCTION COMPANY LIMITED,1.0
170,Fook Lee Construction Company Limited,褔利建築有限公司,Buildings,C,active,https://www.devb.gov.hk/filemanager/externaldb/list_contractor_80.js,2026-08-20T01:23:05,2026-08-20T01:25:25,02514839,"10/F., GOLDEN STAR BUILDING, 20-24 LOCKHART ROAD, WANCHAI, HONG KONG",Private company limited by shares,04-10-1967,FOOK LEE CONSTRUCTION COMPANY LIMITED,1.0
171,Fook Lee Construction Company Limited,褔利建築有限公司,Roads & Drainage,C,active,https://www.devb.gov.hk/filemanager/externaldb/list_contractor_80.js,2026-08-20T01:23:05,2026-08-20T01:25:25,02514839,"10/F., GOLDEN STAR BUILDING, 20-24 LOCKHART ROAD, WANCHAI, HONG KONG",Private company limited by shares,04-10-1967,FOOK LEE CONSTRUCTION COMPANY LIMITED,1.0
172,Fook Lee Construction Company Limited,褔利建築有限公司,Site Formation,B,active,https://www.devb.gov.hk/filemanager/externaldb/list_contractor_80.js,2026-08-20T01:23:05,2026-08-20T01:25:25,02514839,"10/F., GOLDEN STAR BUILDING, 20-24 LOCKHART ROAD, WANCHAI, HONG KONG",Private company limited by shares,04-10-1967,FOOK LEE CONSTRUCTION COMPANY LIMITED,1.0
173,Fook Lee Construction Company Limited,褔利建築有限公司,Waterworks,B,active,https://www.devb.gov.hk/filemanager/externaldb/list_contractor_80.js,2026-08-20T01:23:05,2026-08-20T01:25:25,02514839,"10/F., GOLDEN STAR BUILDING, 20-24 LOCKHART ROAD, WANCHAI, HONG KONG",Private company limited by shares,04-10-1967,FOOK LEE CONSTRUCTION COMPANY LIMITED,1.0
174,Forward Construction Company Limited,富和建築有限公司,Buildings,A,active,https://www.devb.gov.hk/filemanager/externaldb/list_contractor_80.js,2026-08-20T01:23:05,2026-08-20T01:25:25,61697830,"UNIT A&B, 6/F, WORLDWIDE CENTRE,, 123 TUNG CHAU STREET,, TAI KOK TSUI, KOWLOON, HONG KONG",Private company limited by shares,08-07-2013,FORWARD CONSTRUCTION COMPANY LIMITED,1.0
175,Free Form Construction Company Limited,致豐建築有限公司,Buildings,A,active,https://www.devb.gov.hk/filemanager/externaldb/list_contractor_80.js,2026-08-20T01:23:05,2026-08-20T01:25:25,09854698,"UNIT 8 11/F WESTLANDS CENTRE, 20 WESTLANDS ROAD, QUARRY BAY, HONG KONG",Private company limited by shares,16-08-1985,FREE FORM CONSTRUCTION COMPANY LIMITED,1.0
176,Fujita Corporation,Fujita Corporation,Roads & Drainage,C,active,https://www.devb.gov.hk/filemanager/externaldb/list_contractor_80.js,2026-08-20T01:23:05,2026-08-20T01:25:25,79301510,香港 沙田 火炭坳背灣街2-12號 威力工業中心 8樓G09室,Private company limited by shares,02-12-2025,"FUJITA (XIANGGANG) CO., LIMITED",0.9
177,Fuk Shing Engineering Company Limited,褔成建造工程有限公司,Buildings,A,active,https://www.devb.gov.hk/filemanager/externaldb/list_contractor_80.js,2026-08-20T01:23:05,2026-08-20T01:25:25,06605511,"RM 202, 2/F, FUK SHING COMM. BLDG,, NO. 28 ON LOK MUN ST, ON LOK TSUEN,, FANLING, NT, HONG KONG",Private company limited by shares,09-05-1980,FUK SHING ENGINEERING COMPANY LIMITED,1.0
178,Fuk Shing Engineering Company Limited,褔成建造工程有限公司,Roads & Drainage,B,active,https://www.devb.gov.hk/filemanager/externaldb/list_contractor_80.js,2026-08-20T01:23:05,2026-08-20T01:25:25,06605511,"RM 202, 2/F, FUK SHING COMM. BLDG,, NO. 28 ON LOK MUN ST, ON LOK TSUEN,, FANLING, NT, HONG KONG",Private company limited by shares,09-05-1980,FUK SHING ENGINEERING COMPANY LIMITED,1.0
179,Fuk Shing Engineering Company Limited,褔成建造工程有限公司,Site Formation,B,active,https://www.devb.gov.hk/filemanager/externaldb/list_contractor_80.js,2026-08-20T01:23:05,2026-08-20T01:25:25,06605511,"RM 202, 2/F, FUK SHING COMM. BLDG,, NO. 28 ON LOK MUN ST, ON LOK TSUEN,, FANLING, NT, HONG KONG",Private company limited by shares,09-05-1980,FUK SHING ENGINEERING COMPANY LIMITED,1.0
180,Fuk Shing Engineering Company Limited,褔成建造工程有限公司,Waterworks,A,active,https://www.devb.gov.hk/filemanager/externaldb/list_contractor_80.js,2026-08-20T01:23:05,2026-08-20T01:25:25,06605511,"RM 202, 2/F, FUK SHING COMM. BLDG,, NO. 28 ON LOK MUN ST, ON LOK TSUEN,, FANLING, NT, HONG KONG",Private company limited by shares,09-05-1980,FUK SHING ENGINEERING COMPANY LIMITED,1.0
181,Full Dragon Construction Engineering Limited,盛龍建築工程有限公司,Roads & Drainage,B,active,https://www.devb.gov.hk/filemanager/externaldb/list_contractor_80.js,2026-08-20T01:23:05,2026-08-20T01:25:25,58830964,"WORKSHOP A58, 24/F., REGENT'S PARK,, PRINCE INDUSTRIAL BUILDING,, NO. 706 PRINCE EDWARD ROAD EAST,, SAN PO KONG, KOWLOON,, HONG KONG",Private company limited by shares,29-07-2011,FULL DRAGON CONSTRUCTION ENGINEERING LIMITED,1.0
182,Gadelly Construction Company Limited,加德利建築有限公司,Waterworks,B,active,https://www.devb.gov.hk/filemanager/externaldb/list_contractor_80.js,2026-08-20T01:23:05,2026-08-20T01:25:25,07210347,"CHEVALIER GARDEN COMMERCIAL COMPLEX,, 2 HANG SHUN STREET, G/F SHOP18B20,, MA ON SHAN, NT, HONG KONG",Private company limited by shares,08-05-1981,GADELLY CONSTRUCTION COMPANY LIMITED,1.0
183,Galaxy Construction Engineering Limited,銀河建築工程有限公司,Buildings,A,active,https://www.devb.gov.hk/filemanager/externaldb/list_contractor_80.js,2026-08-20T01:23:05,2026-08-20T01:25:25,39605720,"ROOM D, 19/F., WORLD TECH CENTRE, NO.95 HOW MING STREET,, KWUN TONG,, KLN, HONG KONG",Private company limited by shares,28-07-2008,GALAXY CONSTRUCTION ENGINEERING LIMITED,1.0
184,Gammon Construction Limited,金門建築有限公司,Buildings,C,active,https://www.devb.gov.hk/filemanager/externaldb/list_contractor_80.js,2026-08-20T01:23:05,2026-08-20T01:25:25,00806688,"22/F, TOWER 1 AND 2, THE QUAYSIDE,, 77 HOI BUN ROAD, KWUN TONG, KLN, HONG KONG",Private company limited by shares,20-05-1958,GAMMON CONSTRUCTION LIMITED,1.0
185,Gammon Construction Limited,金門建築有限公司,Port Works,C,active,https://www.devb.gov.hk/filemanager/externaldb/list_contractor_80.js,2026-08-20T01:23:05,2026-08-20T01:25:25,00806688,"22/F, TOWER 1 AND 2, THE QUAYSIDE,, 77 HOI BUN ROAD, KWUN TONG, KLN, HONG KONG",Private company limited by shares,20-05-1958,GAMMON CONSTRUCTION LIMITED,1.0
186,Gammon Construction Limited,金門建築有限公司,Roads & Drainage,C,active,https://www.devb.gov.hk/filemanager/externaldb/list_contractor_80.js,2026-08-20T01:23:05,2026-08-20T01:25:25,00806688,"22/F, TOWER 1 AND 2, THE QUAYSIDE,, 77 HOI BUN ROAD, KWUN TONG, KLN, HONG KONG",Private company limited by shares,20-05-1958,GAMMON CONSTRUCTION LIMITED,1.0
187,Gammon Construction Limited,金門建築有限公司,Site Formation,C,active,https://www.devb.gov.hk/filemanager/externaldb/list_contractor_80.js,2026-08-20T01:23:05,2026-08-20T01:25:25,00806688,"22/F, TOWER 1 AND 2, THE QUAYSIDE,, 77 HOI BUN ROAD, KWUN TONG, KLN, HONG KONG",Private company limited by shares,20-05-1958,GAMMON CONSTRUCTION LIMITED,1.0
188,Gammon Construction Limited,金門建築有限公司,Waterworks,C,active,https://www.devb.gov.hk/filemanager/externaldb/list_contractor_80.js,2026-08-20T01:23:05,2026-08-20T01:25:25,00806688,"22/F, TOWER 1 AND 2, THE QUAYSIDE,, 77 HOI BUN ROAD, KWUN TONG, KLN, HONG KONG",Private company limited by shares,20-05-1958,GAMMON CONSTRUCTION LIMITED,1.0
189,Gammon Engineering & Construction Company Limited,Gammon Engineering & Construction Company Limited,Buildings,C,active,https://www.devb.gov.hk/filemanager/externaldb/list_contractor_80.js,2026-08-20T01:23:05,2026-08-20T01:25:25,10523858,"22/F, TOWER 1AND 2, THE QUAYSIDE,, 77 HOI BUN ROAD KWUN TONG, KLN, HONG KONG",Private company limited by shares,12-09-1986,GAMMON ENGINEERING & CONSTRUCTION COMPANY LIMITED,1.0
190,Geotech Engineering Limited,土力資源有限公司,Site Formation,B,active,https://www.devb.gov.hk/filemanager/externaldb/list_contractor_80.js,2026-08-20T01:23:05,2026-08-20T01:25:25,18338724,"UNITS 706-708, 7TH FLOOR, TOWER II, METROPLAZA, 223 HING FONG ROAD, KWAI CHUNG, NT, HONG KONG",Private company limited by shares,19-07-1994,GEOTECH ENGINEERING LIMITED,1.0
191,Gitanes Engineering Company Limited,積達工程有限公司,Port Works,C,active,https://www.devb.gov.hk/filemanager/externaldb/list_contractor_80.js,2026-08-20T01:23:05,2026-08-20T01:25:25,06025793,"RM 703 7/F AITKEN VANSON CTR, 61 HOI YUEN RD KWUN TONG KLN, HONG KONG",Private company limited by shares,06-04-1979,GITANES ENGINEERING COMPANY LIMITED,1.0
192,Gitanes Engineering Company Limited,積達工程有限公司,Site Formation,C,active,https://www.devb.gov.hk/filemanager/externaldb/list_contractor_80.js,2026-08-20T01:23:05,2026-08-20T01:25:25,06025793,"RM 703 7/F AITKEN VANSON CTR, 61 HOI YUEN RD KWUN TONG KLN, HONG KONG",Private company limited by shares,06-04-1979,GITANES ENGINEERING COMPANY LIMITED,1.0
193,Gold Banner Construction and Development Limited,金葵建築發展有限公司,Buildings,B,active,https://www.devb.gov.hk/filemanager/externaldb/list_contractor_80.js,2026-08-20T01:23:05,2026-08-20T01:25:25,11994804,"UNIT NO. C2, 12/F, HANG FUNG INDUSTRIAL BUILDING PHASE 2, 2G HOK YUEN STREET, HUNG HOM, KOWLOON, HONG KONG",Private company limited by shares,31-05-1988,GOLD BANNER CONSTRUCTION AND DEVELOPMENT LIMITED,1.0
194,Gold Banner Construction and Development Limited,金葵建築發展有限公司,Roads & Drainage,A,active,https://www.devb.gov.hk/filemanager/externaldb/list_contractor_80.js,2026-08-20T01:23:05,2026-08-20T01:25:25,11994804,"UNIT NO. C2, 12/F, HANG FUNG INDUSTRIAL BUILDING PHASE 2, 2G HOK YUEN STREET, HUNG HOM, KOWLOON, HONG KONG",Private company limited by shares,31-05-1988,GOLD BANNER CONSTRUCTION AND DEVELOPMENT LIMITED,1.0
195,Gold Banner Construction and Development Limited,金葵建築發展有限公司,Waterworks,A,active,https://www.devb.gov.hk/filemanager/externaldb/list_contractor_80.js,2026-08-20T01:23:05,2026-08-20T01:25:25,11994804,"UNIT NO. C2, 12/F, HANG FUNG INDUSTRIAL BUILDING PHASE 2, 2G HOK YUEN STREET, HUNG HOM, KOWLOON, HONG KONG",Private company limited by shares,31-05-1988,GOLD BANNER CONSTRUCTION AND DEVELOPMENT LIMITED,1.0
196,Gold Wilson International Limited,金永順國際有限公司,Roads & Drainage,B,active,https://www.devb.gov.hk/filemanager/externaldb/list_contractor_80.js,2026-08-20T01:23:05,2026-08-20T01:25:25,17771496,"OFFICE 1, 10/F., ELITE CENTRE,, NO. 22 HUNG TO ROAD, KWUN TONG, KLN, HONG KONG",Private company limited by shares,12-08-1993,GOLD WILSON INTERNATIONAL LIMITED,1.0
197,Goldfield N & W Construction Company Limited,聯合金輝建築工程有限公司,Buildings,B,active,https://www.devb.gov.hk/filemanager/externaldb/list_contractor_80.js,2026-08-20T01:23:05,2026-08-20T01:25:25,12410954,"2/F & 3/F.,, AIR GOAL CARGO BUILDING, 330 KWUN TONG ROAD, KOWLOON, HONG KONG",Private company limited by shares,17-02-1989,GOLDFIELD N & W CONSTRUCTION COMPANY LIMITED,1.0
198,Goldfield N & W Construction Company Limited,聯合金輝建築工程有限公司,Roads & Drainage,B,active,https://www.devb.gov.hk/filemanager/externaldb/list_contractor_80.js,2026-08-20T01:23:05,2026-08-20T01:25:25,12410954,"2/F & 3/F.,, AIR GOAL CARGO BUILDING, 330 KWUN TONG ROAD, KOWLOON, HONG KONG",Private company limited by shares,17-02-1989,GOLDFIELD N & W CONSTRUCTION COMPANY LIMITED,1.0
199,Goldfield N & W Construction Company Limited,聯合金輝建築工程有限公司,Waterworks,A,active,https://www.devb.gov.hk/filemanager/externaldb/list_contractor_80.js,2026-08-20T01:23:05,2026-08-20T01:25:25,12410954,"2/F & 3/F.,, AIR GOAL CARGO BUILDING, 330 KWUN TONG ROAD, KOWLOON, HONG KONG",Private company limited by shares,17-02-1989,GOLDFIELD N & W CONSTRUCTION COMPANY LIMITED,1.0
200,Grand View (Civil) Limited,浩程（土木）有限公司,Roads & Drainage,B,active,https://www.devb.gov.hk/filemanager/externaldb/list_contractor_80.js,2026-08-20T01:23:05,2026-08-20T01:25:25,18930346,"ROOM A1, 11/F., BLOCK A, MERIT INDUSTRIAL CENTRE, 94 TO KWA WAN ROAD, TO KWA WAN KLN, HONG KONG",Private company limited by shares,30-03-1995,GRAND VIEW (CIVIL) LIMITED,1.0
201,Grandway Construction Engineering Limited,宏通建築工程有限公司,Roads & Drainage,A,active,https://www.devb.gov.hk/filemanager/externaldb/list_contractor_80.js,2026-08-20T01:23:05,2026-08-20T01:25:25,31136997,"58 NG KA TSUEN, KAM SHEUNG ROAD,, KAM TIN, YUEN LONG,, HONG KONG",Private company limited by shares,30-06-2000,GRANDWAY CONSTRUCTION ENGINEERING LIMITED,1.0
202,Granville Civil Limited,均輝土木有限公司,Roads & Drainage,B,active,https://www.devb.gov.hk/filemanager/externaldb/list_contractor_80.js,2026-08-20T01:23:05,2026-08-20T01:25:25,33907722,"UNIT 1502-1503, 15/F., KOWLOON PLAZA,, NO. 485 CASTLE PEAK ROAD, LAI CHI KOK,, KOWLOON, HONG KONG",Private company limited by shares,15-09-2003,GRANVILLE CIVIL LIMITED,1.0
203,Hang Kee Development Company Limited,恒記發展有限公司,Roads & Drainage,A,active,https://www.devb.gov.hk/filemanager/externaldb/list_contractor_80.js,2026-08-20T01:23:05,2026-08-20T01:25:25,59359266,"UNIT 1706, PORT 33,, 33 TSEUK LUK STREET,, SAN PO KONG, KLN, HONG KONG",Private company limited by shares,18-01-2012,HANG KEE DEVELOPMENT COMPANY LIMITED,1.0
204,Hang Kee Development Company Limited,恒記發展有限公司,Waterworks,A,active,https://www.devb.gov.hk/filemanager/externaldb/list_contractor_80.js,2026-08-20T01:23:05,2026-08-20T01:25:25,59359266,"UNIT 1706, PORT 33,, 33 TSEUK LUK STREET,, SAN PO KONG, KLN, HONG KONG",Private company limited by shares,18-01-2012,HANG KEE DEVELOPMENT COMPANY LIMITED,1.0
205,Hanison Construction Company Limited,興勝建築有限公司,Buildings,C,active,https://www.devb.gov.hk/filemanager/externaldb/list_contractor_80.js,2026-08-20T01:23:05,2026-08-20T01:25:25,13111612,"22/F, KINGS WING PLAZA 1, 3 ON KWAN STREET, SHUK MUN, SHATIN, NT, HONG KONG",Private company limited by shares,22-08-1989,HANISON CONSTRUCTION COMPANY LIMITED,1.0
206,Hanison Construction Company Limited,興勝建築有限公司,Roads & Drainage,B,active,https://www.devb.gov.hk/filemanager/externaldb/list_contractor_80.js,2026-08-20T01:23:05,2026-08-20T01:25:25,13111612,"22/F, KINGS WING PLAZA 1, 3 ON KWAN STREET, SHUK MUN, SHATIN, NT, HONG KONG",Private company limited by shares,22-08-1989,HANISON CONSTRUCTION COMPANY LIMITED,1.0
207,Hanison Construction Company Limited,興勝建築有限公司,Site Formation,B,active,https://www.devb.gov.hk/filemanager/externaldb/list_contractor_80.js,2026-08-20T01:23:05,2026-08-20T01:25:25,13111612,"22/F, KINGS WING PLAZA 1, 3 ON KWAN STREET, SHUK MUN, SHATIN, NT, HONG KONG",Private company limited by shares,22-08-1989,HANISON CONSTRUCTION COMPANY LIMITED,1.0
208,Harvest Civil Engineering Company Limited,軒誠建築工程有限公司,Roads & Drainage,B,active,https://www.devb.gov.hk/filemanager/externaldb/list_contractor_80.js,2026-08-20T01:23:05,2026-08-20T01:25:25,30391558,"ROOM 1005 10/F, SHING CHUEN INDUSTRIAL BUILDING, 25-27 SHING WAN ROAD TAI WAI SHATIN NT, HONG KONG",Private company limited by shares,22-09-1999,HARVEST CIVIL ENGINEERING COMPANY LIMITED,1.0
209,Harvest Civil Engineering Company Limited,軒誠建築工程有限公司,Waterworks,A,active,https://www.devb.gov.hk/filemanager/externaldb/list_contractor_80.js,2026-08-20T01:23:05,2026-08-20T01:25:25,30391558,"ROOM 1005 10/F, SHING CHUEN INDUSTRIAL BUILDING, 25-27 SHING WAN ROAD TAI WAI SHATIN NT, HONG KONG",Private company limited by shares,22-09-1999,HARVEST CIVIL ENGINEERING COMPANY LIMITED,1.0
210,Harvest Engineering Development Limited,軒誠工程發展有限公司,Roads & Drainage,B,suspended,https://www.devb.gov.hk/filemanager/externaldb/list_contractor_80.js,2026-08-20T01:23:05,2026-08-20T01:25:25,30407737,"20/F., ROOM 01, KING PALACE PLAZA,, 52A SHA TSUI ROAD, TSUEN WAN, NT, HONG KONG",Private company limited by shares,29-09-1999,HARVEST ENGINEERING DEVELOPMENT LIMITED,1.0
211,Henryvicy Construction Company Limited,恒利建築公司,Roads & Drainage,C,active,https://www.devb.gov.hk/filemanager/externaldb/list_contractor_80.js,2026-08-20T01:23:05,2026-08-20T01:25:25,06300866,"ROOM 1510 NAN FUNG CENTRE, 264-298 CASTLE PEAK ROAD, TSUEN WAN NT, HONG KONG",Private company limited by shares,19-10-1979,HENRYVICY CONSTRUCTION COMPANY LIMITED,1.0
212,Henryvicy Construction Company Limited,恒利建築公司,Site Formation,B,active,https://www.devb.gov.hk/filemanager/externaldb/list_contractor_80.js,2026-08-20T01:23:05,2026-08-20T01:25:25,06300866,"ROOM 1510 NAN FUNG CENTRE, 264-298 CASTLE PEAK ROAD, TSUEN WAN NT, HONG KONG",Private company limited by shares,19-10-1979,HENRYVICY CONSTRUCTION COMPANY LIMITED,1.0
213,Hing & Cheong Company Limited,興昌建築有限公司,Roads & Drainage,B,active,https://www.devb.gov.hk/filemanager/externaldb/list_contractor_80.js,2026-08-20T01:23:05,2026-08-20T01:25:25,34923107,"FLAT A 3/F BLK 4 DYNASTY COURT, 23 OLD PEAK RD, MID-LEVELS, HONG KONG",Private company limited by shares,12-05-2004,HING CHEONG LIMITED,1.0
214,Hing & Cheong Company Limited,興昌建築有限公司,Waterworks,B,active,https://www.devb.gov.hk/filemanager/externaldb/list_contractor_80.js,2026-08-20T01:23:05,2026-08-20T01:25:25,34923107,"FLAT A 3/F BLK 4 DYNASTY COURT, 23 OLD PEAK RD, MID-LEVELS, HONG KONG",Private company limited by shares,12-05-2004,HING CHEONG LIMITED,1.0
215,Hing Fu Engineering Company Limited,興富工程有限公司,Roads & Drainage,B,active,https://www.devb.gov.hk/filemanager/externaldb/list_contractor_80.js,2026-08-20T01:23:05,2026-08-20T01:25:25,20688589,"UNIT 1108 11/F LIPPO SUN PLAZA, 28 CANTON RD, TST KLN, HONG KONG",Private company limited by shares,29-08-1996,HING FU ENGINEERING COMPANY LIMITED,1.0
216,Hing Fu Engineering Company Limited,興富工程有限公司,Site Formation,B,active,https://www.devb.gov.hk/filemanager/externaldb/list_contractor_80.js,2026-08-20T01:23:05,2026-08-20T01:25:25,20688589,"UNIT 1108 11/F LIPPO SUN PLAZA, 28 CANTON RD, TST KLN, HONG KONG",Private company limited by shares,29-08-1996,HING FU ENGINEERING COMPANY LIMITED,1.0
217,Hing Kee Contracting Limited,興記承建有限公司,Buildings,A,active,https://www.devb.gov.hk/filemanager/externaldb/list_contractor_80.js,2026-08-20T01:23:05,2026-08-20T01:25:25,04427872,"UNIT C, 16/F.,, SILVERCORP INTERNATIONAL TOWER,, 707-713 NATHAN ROAD, KLN, HONG KONG",Private company limited by shares,29-04-1975,HING KEE CONTRACTING LIMITED,1.0
218,Hip Hing Engineering Company Limited,協興工程有限公司,Buildings,C,active,https://www.devb.gov.hk/filemanager/externaldb/list_contractor_80.js,2026-08-20T01:23:05,2026-08-20T01:25:25,01762801,"11/F CHEVALIER COMM CTR, NO. 8 WANG HOI RD KOWLOON BAY KLN, HONG KONG",Private company limited by shares,24-07-1964,Hip Hing Engineering Company Limited,1.0
219,Hip Hing Engineering Company Limited,協興工程有限公司,Roads & Drainage,C,active,https://www.devb.gov.hk/filemanager/externaldb/list_contractor_80.js,2026-08-20T01:23:05,2026-08-20T01:25:25,01762801,"11/F CHEVALIER COMM CTR, NO. 8 WANG HOI RD KOWLOON BAY KLN, HONG KONG",Private company limited by shares,24-07-1964,Hip Hing Engineering Company Limited,1.0
220,Hip Hing Engineering Company Limited,協興工程有限公司,Site Formation,B,active,https://www.devb.gov.hk/filemanager/externaldb/list_contractor_80.js,2026-08-20T01:23:05,2026-08-20T01:25:25,01762801,"11/F CHEVALIER COMM CTR, NO. 8 WANG HOI RD KOWLOON BAY KLN, HONG KONG",Private company limited by shares,24-07-1964,Hip Hing Engineering Company Limited,1.0
221,Ho Ming Construction Company Limited,浩明建築有限公司,Buildings,A,active,https://www.devb.gov.hk/filemanager/externaldb/list_contractor_80.js,2026-08-20T01:23:05,2026-08-20T01:25:25,36148727,"ROOM 603, 6/F.,, FORTUNE COMMERCIAL BUILDING,, 362 SHA TSUI ROAD, NT, HONG KONG",Private company limited by shares,28-10-2005,HO MING CONSTRUCTION COMPANY LIMITED,1.0
222,Hon Fung Engineering Limited,漢峯工程有限公司,Buildings,A,active,https://www.devb.gov.hk/filemanager/externaldb/list_contractor_80.js,2026-08-20T01:23:05,2026-08-20T01:25:25,21698101,"UNIT 305, 3/F,, INTERNATIONAL PLAZA,, 20 SHEUNG YUET ROAD, KOWLOON BAY, KLN, HONG KONG",Private company limited by shares,22-04-1998,HON FUNG ENGINEERING LIMITED,1.0
223,Hong Kong Construction (General Builders) Limited,香港建築(營造工程)有限公司,Buildings,B,active,https://www.devb.gov.hk/filemanager/externaldb/list_contractor_80.js,2026-08-20T01:23:05,2026-08-20T01:25:25,,,,,,
224,Hong Kong Kwong Tai Builders Limited,廣泰建築有限公司,Buildings,B,active,https://www.devb.gov.hk/filemanager/externaldb/list_contractor_80.js,2026-08-20T01:23:05,2026-08-20T01:25:25,,,,,,
225,"Hongkong Ocean Investment Development Co., Limited",香港海洋投資發展有限公司,Port Works,B,active,https://www.devb.gov.hk/filemanager/externaldb/list_contractor_80.js,2026-08-20T01:23:05,2026-08-20T01:25:25,38268028,香港 干諾道西188號香港商業中心36樓3613-14室,Private company limited by shares,09-08-2007,"HONGKONG OCEAN INVESTMENT DEVELOPMENT CO., LIMITED",1.0
226,Hong Kong River Engineering Company Limited,香港瑞沃工程有限公司,Port Works,B,active,https://www.devb.gov.hk/filemanager/externaldb/list_contractor_80.js,2026-08-20T01:23:05,2026-08-20T01:25:25,,,,,,
227,Hop Kwan Infrastructure Limited,合均基建有限公司,Roads & Drainage,A,active,https://www.devb.gov.hk/filemanager/externaldb/list_contractor_80.js,2026-08-20T01:23:05,2026-08-20T01:25:25,63048506,"ROOM 316, 3/F, BRILL PLAZA, 82-84 TO KWA WAN ROAD, TO KWA WAN, HONG KONG",Private company limited by shares,27-03-2014,Hop Kwan Infrastructure Limited,1.0
228,Hop Lee Builders Company Limited,合利營造有限公司,Buildings,B,active,https://www.devb.gov.hk/filemanager/externaldb/list_contractor_80.js,2026-08-20T01:23:05,2026-08-20T01:25:25,21724768,"12/F., COMWEB PLAZA,, NO.12 CHEUNG YUE STREET, CHEUNG SHA WAN,, KLN, HONG KONG",Private company limited by shares,09-04-1998,HOP LEE BUILDERS COMPANY LIMITED,1.0
229,Hop Shing Construction Company Limited,合成建築有限公司,Buildings,A,active,https://www.devb.gov.hk/filemanager/externaldb/list_contractor_80.js,2026-08-20T01:23:05,2026-08-20T01:25:25,05639204,"FLAT A 23RD FLOOR, LOYONG COURT COMMERCIAL BUILDING, 212-220 LOCKHART ROAD WANCHAI, HONG KONG",Private company limited by shares,05-05-1978,HOP SHING CONSTRUCTION COMPANY LIMITED,1.0
230,"Hop Tai Construction Company, Limited",合泰建築有限公司,Roads & Drainage,B,active,https://www.devb.gov.hk/filemanager/externaldb/list_contractor_80.js,2026-08-20T01:23:05,2026-08-20T01:25:25,04122339,"17 PLAYING FIELD ROAD, 2ND FLOOR, KOWLOON, HONG KONG",Private company limited by shares,07-09-1973,"HOP TAI CONSTRUCTION COMPANY, LIMITED",1.0
231,Huge Success Engineering Limited,大成工程有限公司,Waterworks,B,active,https://www.devb.gov.hk/filemanager/externaldb/list_contractor_80.js,2026-08-20T01:23:05,2026-08-20T01:25:25,32466121,"UNIT 1708 17/F SOUTH CHINA INDUSTRIAL BLDG, NO. 1 CHUN PIN ST, KWAI CHUNG NT, HONG KONG",Private company limited by shares,28-01-2002,HUGE SUCCESS ENGINEERING LIMITED,1.0
232,Hung Wan Construction Company Limited,鴻運建築有限公司,Buildings,C,active,https://www.devb.gov.hk/filemanager/externaldb/list_contractor_80.js,2026-08-20T01:23:05,2026-08-20T01:25:25,05268869,"ROOM 10 19/F, GOOD HOPE BUILDING, 612-618 NATHAN ROAD KOWLOON, HONG KONG",Private company limited by shares,31-08-1977,HUNG WAN CONSTRUCTION COMPANY LIMITED,1.0
233,Hung Wan Construction Company Limited,鴻運建築有限公司,Roads & Drainage,A,active,https://www.devb.gov.hk/filemanager/externaldb/list_contractor_80.js,2026-08-20T01:23:05,2026-08-20T01:25:25,05268869,"ROOM 10 19/F, GOOD HOPE BUILDING, 612-618 NATHAN ROAD KOWLOON, HONG KONG",Private company limited by shares,31-08-1977,HUNG WAN CONSTRUCTION COMPANY LIMITED,1.0
234,Hung Yip (HK) Engineering Company Limited,鴻業 (香港) 工程有限公司,Roads & Drainage,B,active,https://www.devb.gov.hk/filemanager/externaldb/list_contractor_80.js,2026-08-20T01:23:05,2026-08-20T01:25:25,22272495,"WORKSHOP L, 13/F., BLOCK II,, KIN HO INDUSTRIAL BUILDING,, NOS. 14-24 AU PUI WAN STREET, SHATIN, NT, HONG KONG",Private company limited by shares,10-02-1999,HUNG YIP (HK) ENGINEERING COMPANY LIMITED,1.0
235,In Construction Limited,現恆建築有限公司,Site Formation,B,active,https://www.devb.gov.hk/filemanager/externaldb/list_contractor_80.js,2026-08-20T01:23:05,2026-08-20T01:25:25,20490417,"26/F PARK AVENUE TOWER, 5 MORETON TERRACE, CAUSEWAY BAY, HONG KONG",Private company limited by shares,09-12-1996,IN CONSTRUCTION LIMITED,1.0
236,International Kum Fai Construction and Engineering Company Limited,國際金輝建築工程有限公司,Buildings,A,active,https://www.devb.gov.hk/filemanager/externaldb/list_contractor_80.js,2026-08-20T01:23:05,2026-08-20T01:25:25,10643157,"13/F, GOLDEN HILL COML BLDG, 209-211 HENNESSY RD, HONG KONG",Private company limited by shares,07-11-1986,INTERNATIONAL KUM FAI CONSTRUCTION AND ENGINEERING COMPANY LIMITED,1.0
237,Jan De Nul,Jan De Nul,Port Works,C,active,https://www.devb.gov.hk/filemanager/externaldb/list_contractor_80.js,2026-08-20T01:23:05,2026-08-20T01:25:25,,,,,,
238,John Lok & Partners Limited,公和建築有限公司,Buildings,C,active,https://www.devb.gov.hk/filemanager/externaldb/list_contractor_80.js,2026-08-20T01:23:05,2026-08-20T01:25:25,02234279,"19/F,, SUN HOUSE,, 90 CONNAUGHT ROAD CENTRAL, HONG KONG",Private company limited by shares,28-08-1964,JOHN LOK & PARTNERS LIMITED,1.0
239,John Lok & Partners Limited,公和建築有限公司,Roads & Drainage,C,active,https://www.devb.gov.hk/filemanager/externaldb/list_contractor_80.js,2026-08-20T01:23:05,2026-08-20T01:25:25,02234279,"19/F,, SUN HOUSE,, 90 CONNAUGHT ROAD CENTRAL, HONG KONG",Private company limited by shares,28-08-1964,JOHN LOK & PARTNERS LIMITED,1.0
240,Junic Construction Company Limited,創業建築有限公司,Buildings,B,active,https://www.devb.gov.hk/filemanager/externaldb/list_contractor_80.js,2026-08-20T01:23:05,2026-08-20T01:25:25,21791787,"OFFICE B, 2/F, PARKES BLDG,, 23 PARKES ST, YAUMATEI, KLN, HONG KONG",Private company limited by shares,18-02-1998,JUNIC CONSTRUCTION COMPANY LIMITED,1.0
241,Ka Shun Civil Engineering Company Limited,嘉順土木工程有限公司,Roads & Drainage,B,active,https://www.devb.gov.hk/filemanager/externaldb/list_contractor_80.js,2026-08-20T01:23:05,2026-08-20T01:25:25,19228746,"RM 2803-2803A ASIA TRADE CENTRE, 79 LEI MUK RD KWAI CHUNG NT, HONG KONG",Private company limited by shares,18-07-1995,KA SHUN CIVIL ENGINEERING COMPANY LIMITED,1.0
242,Ka Shun Civil Engineering Company Limited,嘉順土木工程有限公司,Site Formation,B,active,https://www.devb.gov.hk/filemanager/externaldb/list_contractor_80.js,2026-08-20T01:23:05,2026-08-20T01:25:25,19228746,"RM 2803-2803A ASIA TRADE CENTRE, 79 LEI MUK RD KWAI CHUNG NT, HONG KONG",Private company limited by shares,18-07-1995,KA SHUN CIVIL ENGINEERING COMPANY LIMITED,1.0
243,Kaiser Construction Engineering Company Limited,基碩建築工程有限公司,Roads & Drainage,A,active,https://www.devb.gov.hk/filemanager/externaldb/list_contractor_80.js,2026-08-20T01:23:05,2026-08-20T01:25:25,22273077,"WORKSHOP C, 30/F,, TML TOWER,, 3 HOI SHING ROAD,, TSUEN WAN, NT, HONG KONG",Private company limited by shares,10-02-1999,KAISER CONSTRUCTION ENGINEERING COMPANY LIMITED,1.0
244,Kan Construction (HK) Limited,Kan Construction (HK) Limited,Buildings,A,active,https://www.devb.gov.hk/filemanager/externaldb/list_contractor_80.js,2026-08-20T01:23:05,2026-08-20T01:25:25,73240542,"FLAT 2, 10/F, YU SUNG BOON BUILDING, 107-111 DES VOEUX ROAD CENTRAL, CENTRAL, HONG KONG",Private company limited by shares,04-08-2021,KAN CONSTRUCTION (HK) LIMITED,1.0
245,Kat Yue Construction Engineering Limited,吉裕建築工程有限公司,Port Works,B,active,https://www.devb.gov.hk/filemanager/externaldb/list_contractor_80.js,2026-08-20T01:23:05,2026-08-20T01:25:25,35352939,"FLAT 1005, 10/F,, HANFORD COMMERCIAL CENTRE,, 221B-E NATHAN ROAD,, KOWLOON, HONG KONG",Private company limited by shares,07-01-2005,KAT YUE CONSTRUCTION ENGINEERING LIMITED,1.0
246,Kim Hung Construction and Engineering Company Limited,健鴻建築工程有限公司,Buildings,C,active,https://www.devb.gov.hk/filemanager/externaldb/list_contractor_80.js,2026-08-20T01:23:05,2026-08-20T01:25:25,04849470,"26/F HENAN ELECTRIC DEVELOPMENT BLDG, 389 KING'S RD, HONG KONG",Private company limited by shares,24-08-1976,KIM HUNG CONSTRUCTION AND ENGINEERING COMPANY LIMITED,1.0
247,Kim Hung Construction and Engineering Company Limited,健鴻建築工程有限公司,Roads & Drainage,A,active,https://www.devb.gov.hk/filemanager/externaldb/list_contractor_80.js,2026-08-20T01:23:05,2026-08-20T01:25:25,04849470,"26/F HENAN ELECTRIC DEVELOPMENT BLDG, 389 KING'S RD, HONG KONG",Private company limited by shares,24-08-1976,KIM HUNG CONSTRUCTION AND ENGINEERING COMPANY LIMITED,1.0
248,Kin Chiu Engineering Limited,建朝工程有限公司,Roads & Drainage,B,active,https://www.devb.gov.hk/filemanager/externaldb/list_contractor_80.js,2026-08-20T01:23:05,2026-08-20T01:25:25,59703679,"OFFICE A, 15/F., TOWER A, CAPITAL TOWER,, NO.38 WAI YIP STREET,, KOWLOON BAY, KLN, HONG KONG",Private company limited by shares,24-04-2012,KIN CHIU ENGINEERING LIMITED,1.0
249,Kin Kay Machinery Rental & Engineering Co. Limited,建基機械租賃工程有限公司,Waterworks,A,active,https://www.devb.gov.hk/filemanager/externaldb/list_contractor_80.js,2026-08-20T01:23:05,2026-08-20T01:25:25,34547206,"UNIT 8, 28/F., METROPOLE SQUARE,, 2 ON YIU STREET,, SHA TIN, NT, HONG KONG",Private company limited by shares,01-04-2004,KIN KAY MACHINERY RENTAL & ENGINEERING CO. LIMITED,1.0
250,Kin Keung Construction & Engineering Company Limited,堅強建築有限公司,Buildings,A,active,https://www.devb.gov.hk/filemanager/externaldb/list_contractor_80.js,2026-08-20T01:23:05,2026-08-20T01:25:25,06451186,"FLAT A2, 3/F, SUMMIT BUILDING, 30 MAN YUE STREET, HUNG HOM, KLN, HONG KONG",Private company limited by shares,09-11-1979,KIN KEUNG CONSTRUCTION & ENGINEERING COMPANY LIMITED,1.0
251,Kin Ming Construction Company Limited,健明建築有限公司,Buildings,A,active,https://www.devb.gov.hk/filemanager/externaldb/list_contractor_80.js,2026-08-20T01:23:05,2026-08-20T01:25:25,19980538,"FLAT G 16/F YUE CHEUNG CENTRE, 1-3 WONG CHUK YEUNG STREET, FOTAN NT, HONG KONG",Private company limited by shares,28-05-1996,KIN MING CONSTRUCTION COMPANY LIMITED,1.0
252,Kin Shing (Leung's) General Contractors Limited,堅城（梁氏）建築有限公司,Buildings,C,active,https://www.devb.gov.hk/filemanager/externaldb/list_contractor_80.js,2026-08-20T01:23:05,2026-08-20T01:25:25,18406686,"UNIT 1703, 17/F., TOWER 2,, ENTERPRISE SQUARE,, 9 SHEUNG YUET ROAD,, KOWLOON BAY, KOWLOON, HONG KONG",Private company limited by shares,21-07-1994,KIN SHING (LEUNG'S) GENERAL CONTRACTORS LIMITED,1.0
253,Kin Win Engineering Limited,建榮水喉渠務工程有限公司,Waterworks,A,active,https://www.devb.gov.hk/filemanager/externaldb/list_contractor_80.js,2026-08-20T01:23:05,2026-08-20T01:25:25,38771045,"UNIT 2, 34/F., CABLE TV TOWER,, 9 HOI SHING ROAD, TSUEN WAN,, NT, HONG KONG",Private company limited by shares,17-12-2007,KIN WIN ENGINEERING LIMITED,1.0
254,Kin Wing Construction Company Limited,建榮建築有限公司,Roads & Drainage,A,active,https://www.devb.gov.hk/filemanager/externaldb/list_contractor_80.js,2026-08-20T01:23:05,2026-08-20T01:25:25,19451064,"FLAT A 6/F BLOCK 2, KIN HO INDUSTRIAL BLDG, 14-24 AU PUI WAN ST FO TAN NT, HONG KONG",Private company limited by shares,07-11-1995,KIN WING CONSTRUCTION COMPANY LIMITED,1.0
255,Kin Wing Construction Company Limited,建榮建築有限公司,Site Formation,B,active,https://www.devb.gov.hk/filemanager/externaldb/list_contractor_80.js,2026-08-20T01:23:05,2026-08-20T01:25:25,19451064,"FLAT A 6/F BLOCK 2, KIN HO INDUSTRIAL BLDG, 14-24 AU PUI WAN ST FO TAN NT, HONG KONG",Private company limited by shares,07-11-1995,KIN WING CONSTRUCTION COMPANY LIMITED,1.0
256,Kin Wing Foundations Limited,建榮地基有限公司,Site Formation,B,active,https://www.devb.gov.hk/filemanager/externaldb/list_contractor_80.js,2026-08-20T01:23:05,2026-08-20T01:25:25,19062900,"BLOCK A & B 9/F, HONG KONG SPINNERS IND BUILDING PHASE VI, 481-483 CASTLE PEAK ROAD CHEUNG SHA WAN KLN, HONG KONG",Private company limited by shares,02-05-1995,KIN WING FOUNDATIONS LIMITED,1.0
257,Kinsway Construction Company Limited,健煒建築有限公司,Buildings,A,active,https://www.devb.gov.hk/filemanager/externaldb/list_contractor_80.js,2026-08-20T01:23:05,2026-08-20T01:25:25,15853167,"FLAT 11 13/F, PROFIT INDUSTRIAL BUILDING, 1-15 KWAI FUNG CRESCENT KWAI CHUNG NT, HONG KONG",Private company limited by shares,02-06-1992,KINSWAY CONSTRUCTION COMPANY LIMITED,1.0
258,Kit Ho Engineering Limited,傑浩工程有限公司,Site Formation,B,active,https://www.devb.gov.hk/filemanager/externaldb/list_contractor_80.js,2026-08-20T01:23:05,2026-08-20T01:25:25,60302195,"ROOM 1901, 19/F.,, AITKEN VANSON CENTRE,, 61 HOI YUEN ROAD,, KWUN TONG, KOWLOON,, HONG KONG",Private company limited by shares,31-08-2012,Kit Ho Engineering Limited,1.0
259,Kong Hing Construction Company Limited,港興建築工程有限公司,Roads & Drainage,B,active,https://www.devb.gov.hk/filemanager/externaldb/list_contractor_80.js,2026-08-20T01:23:05,2026-08-20T01:25:25,58173017,"ROOM 6, 6/F,, WAH WAN INDUSTRIAL BUILDING,, 2 KIN FAT LANE, TUEN MUN, NT, HONG KONG",Private company limited by shares,01-04-2011,Kong Hing Construction Company Limited,1.0
260,Kong Power Engineering Limited,港隆工程有限公司,Roads & Drainage,B,active,https://www.devb.gov.hk/filemanager/externaldb/list_contractor_80.js,2026-08-20T01:23:05,2026-08-20T01:25:25,59235604,"UNIT B, 3/F,, ENTERPRISE BUILDING,, 228-238 QUEEN'S ROAD CENTRAL, HONG KONG",Private company limited by shares,07-12-2011,KONG POWER ENGINEERING LIMITED,1.0
261,"Konwall Construction & Engineering Company, Limited",康和建築工程有限公司,Site Formation,B,active,https://www.devb.gov.hk/filemanager/externaldb/list_contractor_80.js,2026-08-20T01:23:05,2026-08-20T01:25:25,07295595,"UNIT 1003-5 K WAH CENTRE, 191 JAVA ROAD, NORTH POINT, HONG KONG",Private company limited by shares,08-05-1981,"KONWALL CONSTRUCTION & ENGINEERING CO., LIMITED",1.0
262,K-Peak Company Limited,捷祺建築有限公司,Buildings,A,active,https://www.devb.gov.hk/filemanager/externaldb/list_contractor_80.js,2026-08-20T01:23:05,2026-08-20T01:25:25,,,,,,
263,Kudos Construction Limited,恒暉建築有限公司,Buildings,B,active,https://www.devb.gov.hk/filemanager/externaldb/list_contractor_80.js,2026-08-20T01:23:05,2026-08-20T01:25:25,70754847,"UNIT NO. 1906-7A, 19/F, EXCHANGE TOWER, 33 WANG CHIU ROAD, KOWLOON BAY, KOWLOON, HONG KONG",Private company limited by shares,24-05-2019,Kudos Construction Limited,1.0
264,Kuly Construction & Engineering Company Limited,豐利建築工程有限公司,Roads & Drainage,B,active,https://www.devb.gov.hk/filemanager/externaldb/list_contractor_80.js,2026-08-20T01:23:05,2026-08-20T01:25:25,06655037,"UNIT 6 16/F YUEN LONG TRADING CTR, 33 WANG YIP STREET WEST, YUEN LONG NT, HONG KONG",Private company limited by shares,10-06-1980,KULY CONSTRUCTION & ENGINEERING COMPANY LIMITED,1.0
265,Kum Shing (K.F.) Construction Company Limited,金城營造有限公司,Roads & Drainage,C,suspended,https://www.devb.gov.hk/filemanager/externaldb/list_contractor_80.js,2026-08-20T01:23:05,2026-08-20T01:25:25,08189341,"GROUND FLOOR,, 28 TSUN FAT STREET,, KAI TAK, HONG KONG",Private company limited by shares,17-12-1982,KUM SHING (K.F.) CONSTRUCTION COMPANY LIMITED,1.0
266,Kwan Cheong Construction Limited,坤昌建築有限公司,Roads & Drainage,A,active,https://www.devb.gov.hk/filemanager/externaldb/list_contractor_80.js,2026-08-20T01:23:05,2026-08-20T01:25:25,19227295,"UNIT 4 5/F, KWONG FAT COMMERCIAL BLDG, 582-588 CANTON ROAD KOWLOON, HONG KONG",Private company limited by shares,30-06-1994,KWAN CHEONG CONSTRUCTION LIMITED,1.0
267,Kwan Lee Holding Limited,群利集團有限公司,Roads & Drainage,C,active,https://www.devb.gov.hk/filemanager/externaldb/list_contractor_80.js,2026-08-20T01:23:05,2026-08-20T01:25:25,17379454,"27TH FLOOR, TOWER A, 83 KING LAM STREET, CHEUNG SHA WAN, KOWLOON, HONG KONG",Private company limited by shares,02-09-1993,KWAN LEE HOLDING LIMITED,1.0
268,Kwan Lee Holding Limited,群利集團有限公司,Site Formation,B,active,https://www.devb.gov.hk/filemanager/externaldb/list_contractor_80.js,2026-08-20T01:23:05,2026-08-20T01:25:25,17379454,"27TH FLOOR, TOWER A, 83 KING LAM STREET, CHEUNG SHA WAN, KOWLOON, HONG KONG",Private company limited by shares,02-09-1993,KWAN LEE HOLDING LIMITED,1.0
269,Kwan On Construction Company Limited,均安建築有限公司,Roads & Drainage,C,active,https://www.devb.gov.hk/filemanager/externaldb/list_contractor_80.js,2026-08-20T01:23:05,2026-08-20T01:25:25,14796091,"2/F,, SHUM TOWER,, 268 DES VOEUX ROAD CENTRAL,, SHEUNG WAN,, HONG KONG",Private company limited by shares,28-05-1991,KWAN ON CONSTRUCTION COMPANY LIMITED,1.0
270,Kwan On Construction Company Limited,均安建築有限公司,Site Formation,B,active,https://www.devb.gov.hk/filemanager/externaldb/list_contractor_80.js,2026-08-20T01:23:05,2026-08-20T01:25:25,14796091,"2/F,, SHUM TOWER,, 268 DES VOEUX ROAD CENTRAL,, SHEUNG WAN,, HONG KONG",Private company limited by shares,28-05-1991,KWAN ON CONSTRUCTION COMPANY LIMITED,1.0
271,Kwan On Construction Company Limited,均安建築有限公司,Waterworks,C,active,https://www.devb.gov.hk/filemanager/externaldb/list_contractor_80.js,2026-08-20T01:23:05,2026-08-20T01:25:25,14796091,"2/F,, SHUM TOWER,, 268 DES VOEUX ROAD CENTRAL,, SHEUNG WAN,, HONG KONG",Private company limited by shares,28-05-1991,KWAN ON CONSTRUCTION COMPANY LIMITED,1.0
272,Kwan Shing Construction Limited,坤成建築有限公司,Buildings,B,active,https://www.devb.gov.hk/filemanager/externaldb/list_contractor_80.js,2026-08-20T01:23:05,2026-08-20T01:25:25,19940227,"23/F., 9 WING HONG STREET,, CHEUNG SHA WAN, KLN, HONG KONG",Private company limited by shares,28-05-1996,KWAN SHING CONSTRUCTION LIMITED,1.0
273,Kwei Kee Construction Limited,桂記建築有限公司,Roads & Drainage,A,active,https://www.devb.gov.hk/filemanager/externaldb/list_contractor_80.js,2026-08-20T01:23:05,2026-08-20T01:25:25,31434080,"UNIT 1502-1503, 15/F., KOWLOON PLAZA, NO.485 CASTLE PEAK ROAD, LAI CHI KOK,, KLN, HONG KONG",Private company limited by shares,01-12-2000,KWEI KEE CONSTRUCTION LIMITED,1.0
274,Kwong On Engineering Company Limited,廣安工程有限公司,Waterworks,A,active,https://www.devb.gov.hk/filemanager/externaldb/list_contractor_80.js,2026-08-20T01:23:05,2026-08-20T01:25:25,09797117,"11/F JUSTEN CTR, 46-52 WAI CHING ST KLN, HONG KONG",Private company limited by shares,07-06-1985,KWONG ON ENGINEERING COMPANY LIMITED,1.0
275,Lam Woo & Company Limited,聯益建造有限公司,Buildings,C,active,https://www.devb.gov.hk/filemanager/externaldb/list_contractor_80.js,2026-08-20T01:23:05,2026-08-20T01:25:25,05333595,"22/F CHEVALIER COMMERCIAL CENTRE, 8 WANG HOI ROAD KOWLOON BAY, HONG KONG",Private company limited by shares,24-05-1977,LAM WOO & COMPANY LIMITED,1.0
276,Lam Woo & Company Limited,聯益建造有限公司,Roads & Drainage,A,active,https://www.devb.gov.hk/filemanager/externaldb/list_contractor_80.js,2026-08-20T01:23:05,2026-08-20T01:25:25,05333595,"22/F CHEVALIER COMMERCIAL CENTRE, 8 WANG HOI ROAD KOWLOON BAY, HONG KONG",Private company limited by shares,24-05-1977,LAM WOO & COMPANY LIMITED,1.0
277,Lam Woo & Company Limited,聯益建造有限公司,Waterworks,C,active,https://www.devb.gov.hk/filemanager/externaldb/list_contractor_80.js,2026-08-20T01:23:05,2026-08-20T01:25:25,05333595,"22/F CHEVALIER COMMERCIAL CENTRE, 8 WANG HOI ROAD KOWLOON BAY, HONG KONG",Private company limited by shares,24-05-1977,LAM WOO & COMPANY LIMITED,1.0
278,Lanon Development Limited,亮雅發展有限公司,Buildings,C,active,https://www.devb.gov.hk/filemanager/externaldb/list_contractor_80.js,2026-08-20T01:23:05,2026-08-20T01:25:25,10714708,"157 WATERLOO RD, KOWLOON TONG KLN, HONG KONG",Private company limited by shares,07-11-1986,LANON DEVELOPMENT LIMITED,1.0
279,Lanon Development Limited,亮雅發展有限公司,Port Works,C,active,https://www.devb.gov.hk/filemanager/externaldb/list_contractor_80.js,2026-08-20T01:23:05,2026-08-20T01:25:25,10714708,"157 WATERLOO RD, KOWLOON TONG KLN, HONG KONG",Private company limited by shares,07-11-1986,LANON DEVELOPMENT LIMITED,1.0
280,Lanon Development Limited,亮雅發展有限公司,Roads & Drainage,C,active,https://www.devb.gov.hk/filemanager/externaldb/list_contractor_80.js,2026-08-20T01:23:05,2026-08-20T01:25:25,10714708,"157 WATERLOO RD, KOWLOON TONG KLN, HONG KONG",Private company limited by shares,07-11-1986,LANON DEVELOPMENT LIMITED,1.0
281,Lanon Development Limited,亮雅發展有限公司,Site Formation,C,active,https://www.devb.gov.hk/filemanager/externaldb/list_contractor_80.js,2026-08-20T01:23:05,2026-08-20T01:25:25,10714708,"157 WATERLOO RD, KOWLOON TONG KLN, HONG KONG",Private company limited by shares,07-11-1986,LANON DEVELOPMENT LIMITED,1.0
282,Lanon Development Limited,亮雅發展有限公司,Waterworks,C,active,https://www.devb.gov.hk/filemanager/externaldb/list_contractor_80.js,2026-08-20T01:23:05,2026-08-20T01:25:25,10714708,"157 WATERLOO RD, KOWLOON TONG KLN, HONG KONG",Private company limited by shares,07-11-1986,LANON DEVELOPMENT LIMITED,1.0
283,Lap Kai Engineering Company Limited,立基工程有限公司,Port Works,B,active,https://www.devb.gov.hk/filemanager/externaldb/list_contractor_80.js,2026-08-20T01:23:05,2026-08-20T01:25:25,04292489,"UNIT B, 5/F, MACKENNY CENTRE,, 660 CASTLE PEAK ROAD, KLN, HONG KONG",Private company limited by shares,19-10-1973,LAP KAI ENGINEERING COMPANY LIMITED,1.0
284,Lap Kai Engineering Company Limited,立基工程有限公司,Roads & Drainage,C,active,https://www.devb.gov.hk/filemanager/externaldb/list_contractor_80.js,2026-08-20T01:23:05,2026-08-20T01:25:25,04292489,"UNIT B, 5/F, MACKENNY CENTRE,, 660 CASTLE PEAK ROAD, KLN, HONG KONG",Private company limited by shares,19-10-1973,LAP KAI ENGINEERING COMPANY LIMITED,1.0
285,Lap Kai Engineering Company Limited,立基工程有限公司,Site Formation,C,active,https://www.devb.gov.hk/filemanager/externaldb/list_contractor_80.js,2026-08-20T01:23:05,2026-08-20T01:25:25,04292489,"UNIT B, 5/F, MACKENNY CENTRE,, 660 CASTLE PEAK ROAD, KLN, HONG KONG",Private company limited by shares,19-10-1973,LAP KAI ENGINEERING COMPANY LIMITED,1.0
286,Law Chi Yip Construction Company Limited,羅志業建築有限公司,Buildings,B,active,https://www.devb.gov.hk/filemanager/externaldb/list_contractor_80.js,2026-08-20T01:23:05,2026-08-20T01:25:25,05405867,"WORKSHOP C, 30/F, TML TOWER, 3 HOI SHING ROAD, TSUEN WAN, HONG KONG",Private company limited by shares,23-12-1977,LAW CHI YIP CONSTRUCTION COMPANY LIMITED,1.0
287,Law Chi Yip Construction Company Limited,羅志業建築有限公司,Port Works,B,active,https://www.devb.gov.hk/filemanager/externaldb/list_contractor_80.js,2026-08-20T01:23:05,2026-08-20T01:25:25,05405867,"WORKSHOP C, 30/F, TML TOWER, 3 HOI SHING ROAD, TSUEN WAN, HONG KONG",Private company limited by shares,23-12-1977,LAW CHI YIP CONSTRUCTION COMPANY LIMITED,1.0
288,Law Chi Yip Construction Company Limited,羅志業建築有限公司,Roads & Drainage,B,active,https://www.devb.gov.hk/filemanager/externaldb/list_contractor_80.js,2026-08-20T01:23:05,2026-08-20T01:25:25,05405867,"WORKSHOP C, 30/F, TML TOWER, 3 HOI SHING ROAD, TSUEN WAN, HONG KONG",Private company limited by shares,23-12-1977,LAW CHI YIP CONSTRUCTION COMPANY LIMITED,1.0
289,Law Chi Yip Construction Company Limited,羅志業建築有限公司,Site Formation,B,active,https://www.devb.gov.hk/filemanager/externaldb/list_contractor_80.js,2026-08-20T01:23:05,2026-08-20T01:25:25,05405867,"WORKSHOP C, 30/F, TML TOWER, 3 HOI SHING ROAD, TSUEN WAN, HONG KONG",Private company limited by shares,23-12-1977,LAW CHI YIP CONSTRUCTION COMPANY LIMITED,1.0
290,Law Chi Yip Construction Company Limited,羅志業建築有限公司,Waterworks,C,active,https://www.devb.gov.hk/filemanager/externaldb/list_contractor_80.js,2026-08-20T01:23:05,2026-08-20T01:25:25,05405867,"WORKSHOP C, 30/F, TML TOWER, 3 HOI SHING ROAD, TSUEN WAN, HONG KONG",Private company limited by shares,23-12-1977,LAW CHI YIP CONSTRUCTION COMPANY LIMITED,1.0
291,"Lee & Co., Engineering Limited",李氏工程有限公司,Roads & Drainage,B,active,https://www.devb.gov.hk/filemanager/externaldb/list_contractor_80.js,2026-08-20T01:23:05,2026-08-20T01:25:25,80913794,"NO 35-A, SHA PO VILLAGE KAM TIN, YUEN LONG, HONG KONG",Private company limited by shares,27-07-2026,Lee Chun Engineering Limited,0.882
292,Leighton Contractors (Asia) Limited,禮頓建築 (亞洲) 有限公司,Buildings,C,active,https://www.devb.gov.hk/filemanager/externaldb/list_contractor_80.js,2026-08-20T01:23:05,2026-08-20T01:25:25,04539382,"39/F SUN HUNG KAI CENTRE, 30 HARBOUR ROAD, HONG KONG",Private company limited by shares,28-07-1972,LEIGHTON CONTRACTORS (ASIA) LIMITED,1.0
293,Leighton Contractors (Asia) Limited,禮頓建築 (亞洲) 有限公司,Port Works,C,active,https://www.devb.gov.hk/filemanager/externaldb/list_contractor_80.js,2026-08-20T01:23:05,2026-08-20T01:25:25,04539382,"39/F SUN HUNG KAI CENTRE, 30 HARBOUR ROAD, HONG KONG",Private company limited by shares,28-07-1972,LEIGHTON CONTRACTORS (ASIA) LIMITED,1.0
294,Leighton Contractors (Asia) Limited,禮頓建築 (亞洲) 有限公司,Roads & Drainage,C,active,https://www.devb.gov.hk/filemanager/externaldb/list_contractor_80.js,2026-08-20T01:23:05,2026-08-20T01:25:25,04539382,"39/F SUN HUNG KAI CENTRE, 30 HARBOUR ROAD, HONG KONG",Private company limited by shares,28-07-1972,LEIGHTON CONTRACTORS (ASIA) LIMITED,1.0
295,Leighton Contractors (Asia) Limited,禮頓建築 (亞洲) 有限公司,Site Formation,C,active,https://www.devb.gov.hk/filemanager/externaldb/list_contractor_80.js,2026-08-20T01:23:05,2026-08-20T01:25:25,04539382,"39/F SUN HUNG KAI CENTRE, 30 HARBOUR ROAD, HONG KONG",Private company limited by shares,28-07-1972,LEIGHTON CONTRACTORS (ASIA) LIMITED,1.0
296,Leighton Contractors (Asia) Limited,禮頓建築 (亞洲) 有限公司,Waterworks,C,active,https://www.devb.gov.hk/filemanager/externaldb/list_contractor_80.js,2026-08-20T01:23:05,2026-08-20T01:25:25,04539382,"39/F SUN HUNG KAI CENTRE, 30 HARBOUR ROAD, HONG KONG",Private company limited by shares,28-07-1972,LEIGHTON CONTRACTORS (ASIA) LIMITED,1.0
297,"Lidell Construction Company, Limited",立德建築有限公司,Buildings,B,active,https://www.devb.gov.hk/filemanager/externaldb/list_contractor_80.js,2026-08-20T01:23:05,2026-08-20T01:25:25,01309174,"UNIT A1, 8/F.,, YIN DA COMMERCIAL BUILDING,, 181 WAI YIP STREET,, KWUN TONG, KOWLOON, HONG KONG",Private company limited by shares,18-04-1962,"LIDELL CONSTRUCTION COMPANY, LIMITED",1.0
298,Lik Shing Engineering Company Limited,力盛工程有限公司,Roads & Drainage,B,suspended,https://www.devb.gov.hk/filemanager/externaldb/list_contractor_80.js,2026-08-20T01:23:05,2026-08-20T01:25:25,38497724,"ROOM 3010, 30/F., CABLE TV TOWER,, 9 HOI SHING ROAD,, TSUEN WAN, NT, HONG KONG",Private company limited by shares,11-10-2007,LIK SHING ENGINEERING COMPANY LIMITED,1.0
299,Luen Fat Engineering and Construction Company,聯發工程公司,Roads & Drainage,A,active,https://www.devb.gov.hk/filemanager/externaldb/list_contractor_80.js,2026-08-20T01:23:05,2026-08-20T01:25:25,12502117,"1/F, 64 SAN HONG STREET,, SHEUNG SHUI, NT, HONG KONG",Private company limited by shares,09-09-1988,LUEN FAT ENGINEERING & CONSTRUCTION COMPANY LIMITED,0.952
300,Luen Fat Engineering and Construction Company Limited,聯發建築工程有限公司,Roads & Drainage,A,active,https://www.devb.gov.hk/filemanager/externaldb/list_contractor_80.js,2026-08-20T01:23:05,2026-08-20T01:25:25,12502117,"1/F, 64 SAN HONG STREET,, SHEUNG SHUI, NT, HONG KONG",Private company limited by shares,09-09-1988,LUEN FAT ENGINEERING & CONSTRUCTION COMPANY LIMITED,0.952
301,Luen Hing Engineering (Asia) Limited,聯興工程(亞洲)有限公司,Waterworks,A,active,https://www.devb.gov.hk/filemanager/externaldb/list_contractor_80.js,2026-08-20T01:23:05,2026-08-20T01:25:25,33757587,"UNIT 11 7/F BLK A NEW TRADE PLAZA, 6 ON PING ST, SHEK MUN SHATIN NT, HONG KONG",Private company limited by shares,11-07-2003,LUEN HING ENGINEERING (ASIA) LIMITED,1.0
302,Lung Hing Engineering Limited,龍興工程有限公司,Roads & Drainage,A,active,https://www.devb.gov.hk/filemanager/externaldb/list_contractor_80.js,2026-08-20T01:23:05,2026-08-20T01:25:25,19331236,"FLAT H, 12/F, WINNER BUILDING, 36 MAN YUE STREET, HUNG HOM, KLN, HONG KONG",Private company limited by shares,31-08-1995,LUNG HING ENGINEERING LIMITED,1.0
303,Lung Hing Engineering Limited,龍興工程有限公司,Site Formation,B,active,https://www.devb.gov.hk/filemanager/externaldb/list_contractor_80.js,2026-08-20T01:23:05,2026-08-20T01:25:25,19331236,"FLAT H, 12/F, WINNER BUILDING, 36 MAN YUE STREET, HUNG HOM, KLN, HONG KONG",Private company limited by shares,31-08-1995,LUNG HING ENGINEERING LIMITED,1.0
304,Mak Hang Kei (Hong Kong) Construction Limited,麥行記 (香港) 建築有限公司,Roads & Drainage,B,active,https://www.devb.gov.hk/filemanager/externaldb/list_contractor_80.js,2026-08-20T01:23:05,2026-08-20T01:25:25,14482048,"ROOM 3909-3913, ONE MIDTOWN,, 11 HOI SHING ROAD,, TSUEN WAN, NT, HONG KONG",Private company limited by shares,29-01-1991,MAK HANG KEI (HONG KONG) CONSTRUCTION LIMITED,1.0
305,Man Kit Construction Company Limited,文傑建築有限公司,Buildings,B,active,https://www.devb.gov.hk/filemanager/externaldb/list_contractor_80.js,2026-08-20T01:23:05,2026-08-20T01:25:25,17495393,"OFFICE A & B, 10/F, CNT TOWER,, NO. 338 HENNESSY ROAD WANCHAI, HONG KONG",Private company limited by shares,11-11-1993,MAN KIT CONSTRUCTION COMPANY LIMITED,1.0
306,Manhing Engineering Co.,文興工程公司,Buildings,A,active,https://www.devb.gov.hk/filemanager/externaldb/list_contractor_80.js,2026-08-20T01:23:05,2026-08-20T01:25:25,21178341,"FLAT 7 7/F BLK A PO YIP BLDG, 62-70 TEXACO RD TSUEN WAN NT, HONG KONG",Private company limited by shares,05-11-1997,MANHING ENGINEERING COMPANY LIMITED,1.0
307,Martin Construction Company Limited,鴻業建築有限公司,Buildings,B,active,https://www.devb.gov.hk/filemanager/externaldb/list_contractor_80.js,2026-08-20T01:23:05,2026-08-20T01:25:25,06853738,"UNIT A-D, 17/F, CENTRE 600, 82 KING LAM STREET, LAI CHI KOK, KLN, HONG KONG",Private company limited by shares,22-08-1980,MARTIN CONSTRUCTION COMPANY LIMITED,1.0
308,Max China Engineering Limited,豐華工程有限公司,Roads & Drainage,B,active,https://www.devb.gov.hk/filemanager/externaldb/list_contractor_80.js,2026-08-20T01:23:05,2026-08-20T01:25:25,34918544,"UNIT 1803, CAMERON COMMERCIAL CENTRE,, 458-468 HENNESSY ROAD,, CAUSEWAY BAY, HONG KONG",Private company limited by shares,23-07-2004,MAX CHINA ENGINEERING LIMITED,1.0
309,Max China Engineering Limited,豐華工程有限公司,Site Formation,B,active,https://www.devb.gov.hk/filemanager/externaldb/list_contractor_80.js,2026-08-20T01:23:05,2026-08-20T01:25:25,34918544,"UNIT 1803, CAMERON COMMERCIAL CENTRE,, 458-468 HENNESSY ROAD,, CAUSEWAY BAY, HONG KONG",Private company limited by shares,23-07-2004,MAX CHINA ENGINEERING LIMITED,1.0
310,Maxful Engineering Limited,萬利寶工程有限公司,Waterworks,B,active,https://www.devb.gov.hk/filemanager/externaldb/list_contractor_80.js,2026-08-20T01:23:05,2026-08-20T01:25:25,33111341,"UNIT 501, 5/F., BLOCK A,, GOLDFIELD INDUSTRIAL CENTRE,, NO. 1 SUI WO ROAD, FOTAN, SHATIN, NT, HONG KONG",Private company limited by shares,11-10-2002,MAXFUL ENGINEERING LIMITED,1.0
311,Maylon Construction Company Limited,美聯建築有限公司,Buildings,B,suspended,https://www.devb.gov.hk/filemanager/externaldb/list_contractor_80.js,2026-08-20T01:23:05,2026-08-20T01:25:25,03304396,"ROOM 413, 4/F.,, SHING YIP INDUSTRIAL BUILDING,, 19-21 SHING YIP STREET,, KWUN TONG, KOWLOON,, HONG KONG",Private company limited by shares,11-02-1969,MAYLON CONSTRUCTION COMPANY LIMITED,1.0
312,Maylon Construction Company Limited,美聯建築有限公司,Roads & Drainage,B,active,https://www.devb.gov.hk/filemanager/externaldb/list_contractor_80.js,2026-08-20T01:23:05,2026-08-20T01:25:25,03304396,"ROOM 413, 4/F.,, SHING YIP INDUSTRIAL BUILDING,, 19-21 SHING YIP STREET,, KWUN TONG, KOWLOON,, HONG KONG",Private company limited by shares,11-02-1969,MAYLON CONSTRUCTION COMPANY LIMITED,1.0
313,"Mei Shing Engineering Co., Limited",美成工程有限公司,Roads & Drainage,A,active,https://www.devb.gov.hk/filemanager/externaldb/list_contractor_80.js,2026-08-20T01:23:05,2026-08-20T01:25:25,35045700,"78C, 1/F, PO SAM PAI VILLAGE, TAI PO, NT, HONG KONG",Private company limited by shares,01-11-2004,"MEI SHING ENGINEERING CO., LIMITED",1.0
314,Milestone Builder Engineering Limited,進階建築工程有限公司,Buildings,A,active,https://www.devb.gov.hk/filemanager/externaldb/list_contractor_80.js,2026-08-20T01:23:05,2026-08-20T01:25:25,32303393,"UNIT B, 15/F, 9 PO LUN STREET, LAI CHI KOK, KOWLOON, HONG KONG",Private company limited by shares,05-11-2001,MILESTONE BUILDER ENGINEERING LIMITED,1.0
315,Milton Construction Engineering Limited,萬昇建築工程有限公司,Buildings,A,active,https://www.devb.gov.hk/filemanager/externaldb/list_contractor_80.js,2026-08-20T01:23:05,2026-08-20T01:25:25,36473942,"WORKSHOP 1, 2ND FLOOR,, CAMERON SINO TECHNOLOGY CENTRE, 73, CHAI WAN KOK STREET,, TSUEN WAN, HONG KONG",Private company limited by shares,21-07-2005,MILTON CONSTRUCTION ENGINEERING LIMITED,1.0
316,Ming Hing Civil Contractors Limited,明興土木工程有限公司,Waterworks,C,active,https://www.devb.gov.hk/filemanager/externaldb/list_contractor_80.js,2026-08-20T01:23:05,2026-08-20T01:25:25,31118799,"3RD FLOOR, FORTUNE INDUSTRIAL BUILDING, NO. 35 TAI YIP STREET, KOWLOON BAY, KLN, HONG KONG",Private company limited by shares,16-06-2000,MING HING CIVIL CONTRACTORS LIMITED,1.0
317,Ming Hing Waterworks Engineering Company Limited,明興水務渠務工程有限公司,Roads & Drainage,B,active,https://www.devb.gov.hk/filemanager/externaldb/list_contractor_80.js,2026-08-20T01:23:05,2026-08-20T01:25:25,10761802,"3RD FLOOR, FORTUNE INDUSTRIAL BUILDING, NO. 35 TAI YIP STREET, KOWLOON BAY, KLN, HONG KONG",Private company limited by shares,13-01-1987,MING HING WATERWORKS ENGINEERING COMPANY LIMITED,1.0
318,Ming Hing Waterworks Engineering Company Limited,明興水務渠務工程有限公司,Site Formation,B,active,https://www.devb.gov.hk/filemanager/externaldb/list_contractor_80.js,2026-08-20T01:23:05,2026-08-20T01:25:25,10761802,"3RD FLOOR, FORTUNE INDUSTRIAL BUILDING, NO. 35 TAI YIP STREET, KOWLOON BAY, KLN, HONG KONG",Private company limited by shares,13-01-1987,MING HING WATERWORKS ENGINEERING COMPANY LIMITED,1.0
319,Ming Hing Waterworks Engineering Company Limited,明興水務渠務工程有限公司,Waterworks,C,active,https://www.devb.gov.hk/filemanager/externaldb/list_contractor_80.js,2026-08-20T01:23:05,2026-08-20T01:25:25,10761802,"3RD FLOOR, FORTUNE INDUSTRIAL BUILDING, NO. 35 TAI YIP STREET, KOWLOON BAY, KLN, HONG KONG",Private company limited by shares,13-01-1987,MING HING WATERWORKS ENGINEERING COMPANY LIMITED,1.0
320,Ming Lee Foundation Company Limited,明利基礎工程有限公司,Site Formation,B,active,https://www.devb.gov.hk/filemanager/externaldb/list_contractor_80.js,2026-08-20T01:23:05,2026-08-20T01:25:25,38275104,"UNIT 1702-03, 17/F., STELUX HOUSE, 698 PRINCE EDWARD ROAD EAST, SAN PO KONG, KLN, HONG KONG",Private company limited by shares,10-08-2007,MING LEE FOUNDATION COMPANY LIMITED,1.0
321,New City Construction Company Limited,新城市建築有限公司,Buildings,B,active,https://www.devb.gov.hk/filemanager/externaldb/list_contractor_80.js,2026-08-20T01:23:05,2026-08-20T01:25:25,14353182,"ROOM 10, 10/F.,, ELITE INDUSTRIAL CENTRE,, 883 CHEUNG SHA WAN ROAD,, KLN, HONG KONG",Private company limited by shares,16-04-1991,NEW CITY CONSTRUCTION COMPANY LIMITED,1.0
322,New Hopes Construction Company Limited,新合成建築工程有限公司,Buildings,A,active,https://www.devb.gov.hk/filemanager/externaldb/list_contractor_80.js,2026-08-20T01:23:05,2026-08-20T01:25:25,17865229,"FLAT 01, 8/F., WANG LUNG INDUSTRIAL BUILDING,, 11 LUNG TAK STREET,, TSUEN WAN, NEW TERRITORIES, HONG KONG",Private company limited by shares,25-01-1994,NEW HOPES CONSTRUCTION COMPANY LIMITED,1.0
323,New House Construction Company Limited,新豪建築有限公司,Buildings,C,active,https://www.devb.gov.hk/filemanager/externaldb/list_contractor_80.js,2026-08-20T01:23:05,2026-08-20T01:25:25,19333173,"FLAT C&D 7/F SO TAO CENTRE, 11-15 KWAI SAU RD, KWAI CHUNG NT, HONG KONG",Private company limited by shares,14-09-1995,NEW HOUSE CONSTRUCTION COMPANY LIMITED,1.0
324,New Progress Construction Company Limited,新進建築有限公司,Buildings,B,active,https://www.devb.gov.hk/filemanager/externaldb/list_contractor_80.js,2026-08-20T01:23:05,2026-08-20T01:25:25,15617759,"UNIT B, 21/F., PRINCE INDUSTRIAL BUILDING, 706 PRINCE EDWARD ROAD EEAST, SAN PO KONG, KLN, HONG KONG",Private company limited by shares,01-10-1991,NEW PROGRESS CONSTRUCTION COMPANY LIMITED,1.0
325,Pacific Construction Limited,太平洋建築有限公司,Buildings,B,active,https://www.devb.gov.hk/filemanager/externaldb/list_contractor_80.js,2026-08-20T01:23:05,2026-08-20T01:25:25,12951766,"A3 12/F BLK A, HONG KONG INDUSTRIAL CTR, NOS. 489-491 CASTLE PEAK RD KLN, HONG KONG",Private company limited by shares,28-04-1989,PACIFIC CONSTRUCTION LIMITED,1.0
326,Pacific Construction Limited,太平洋建築有限公司,Site Formation,B,active,https://www.devb.gov.hk/filemanager/externaldb/list_contractor_80.js,2026-08-20T01:23:05,2026-08-20T01:25:25,12951766,"A3 12/F BLK A, HONG KONG INDUSTRIAL CTR, NOS. 489-491 CASTLE PEAK RD KLN, HONG KONG",Private company limited by shares,28-04-1989,PACIFIC CONSTRUCTION LIMITED,1.0
327,Pacific Extend Limited,盛貿有限公司,Buildings,B,active,https://www.devb.gov.hk/filemanager/externaldb/list_contractor_80.js,2026-08-20T01:23:05,2026-08-20T01:25:25,31422239,"ROOM 1001-02 10TH FLOOR, NEW KOWLOON PLAZA, 38 TAI KOK TSUI ROAD KLN, HONG KONG",Private company limited by shares,04-10-2000,PACIFIC EXTEND LIMITED,1.0
328,"Paul Y. Construction Company, Limited",保華建築有限公司,Buildings,C,active,https://www.devb.gov.hk/filemanager/externaldb/list_contractor_80.js,2026-08-20T01:23:05,2026-08-20T01:25:25,01011131,"22/F, PRINCE'S BUILDING, 10 CHATER ROAD, CENTRAL, HONG KONG",Private company limited by shares,27-05-1960,"PAUL Y. CONSTRUCTION COMPANY, LIMITED",1.0
329,"Paul Y. Construction Company, Limited",保華建築有限公司,Port Works,C,active,https://www.devb.gov.hk/filemanager/externaldb/list_contractor_80.js,2026-08-20T01:23:05,2026-08-20T01:25:25,01011131,"22/F, PRINCE'S BUILDING, 10 CHATER ROAD, CENTRAL, HONG KONG",Private company limited by shares,27-05-1960,"PAUL Y. CONSTRUCTION COMPANY, LIMITED",1.0
330,"Paul Y. Construction Company, Limited",保華建築有限公司,Roads & Drainage,C,active,https://www.devb.gov.hk/filemanager/externaldb/list_contractor_80.js,2026-08-20T01:23:05,2026-08-20T01:25:25,01011131,"22/F, PRINCE'S BUILDING, 10 CHATER ROAD, CENTRAL, HONG KONG",Private company limited by shares,27-05-1960,"PAUL Y. CONSTRUCTION COMPANY, LIMITED",1.0
331,"Paul Y. Construction Company, Limited",保華建築有限公司,Site Formation,C,active,https://www.devb.gov.hk/filemanager/externaldb/list_contractor_80.js,2026-08-20T01:23:05,2026-08-20T01:25:25,01011131,"22/F, PRINCE'S BUILDING, 10 CHATER ROAD, CENTRAL, HONG KONG",Private company limited by shares,27-05-1960,"PAUL Y. CONSTRUCTION COMPANY, LIMITED",1.0
332,"Paul Y. Construction Company, Limited",保華建築有限公司,Waterworks,C,active,https://www.devb.gov.hk/filemanager/externaldb/list_contractor_80.js,2026-08-20T01:23:05,2026-08-20T01:25:25,01011131,"22/F, PRINCE'S BUILDING, 10 CHATER ROAD, CENTRAL, HONG KONG",Private company limited by shares,27-05-1960,"PAUL Y. CONSTRUCTION COMPANY, LIMITED",1.0
333,Paul Y. Construction & Engineering Co. Limited,保華建築工程有限公司,Buildings,C,active,https://www.devb.gov.hk/filemanager/externaldb/list_contractor_80.js,2026-08-20T01:23:05,2026-08-20T01:25:25,09345879,"22/F, PRINCE'S BUILDING, 10 CHATER ROAD, CENTRAL, HONG KONG",Private company limited by shares,20-11-1984,Paul Y. Construction & Engineering Co. Limited,1.0
334,Paul Y. Construction & Engineering Co. Limited,保華建築工程有限公司,Roads & Drainage,B,active,https://www.devb.gov.hk/filemanager/externaldb/list_contractor_80.js,2026-08-20T01:23:05,2026-08-20T01:25:25,09345879,"22/F, PRINCE'S BUILDING, 10 CHATER ROAD, CENTRAL, HONG KONG",Private company limited by shares,20-11-1984,Paul Y. Construction & Engineering Co. Limited,1.0
335,Paul Y. Construction & Engineering Co. Limited,保華建築工程有限公司,Site Formation,B,active,https://www.devb.gov.hk/filemanager/externaldb/list_contractor_80.js,2026-08-20T01:23:05,2026-08-20T01:25:25,09345879,"22/F, PRINCE'S BUILDING, 10 CHATER ROAD, CENTRAL, HONG KONG",Private company limited by shares,20-11-1984,Paul Y. Construction & Engineering Co. Limited,1.0
336,Paul Y. General Contractors Limited,保華建築營造有限公司,Buildings,C,active,https://www.devb.gov.hk/filemanager/externaldb/list_contractor_80.js,2026-08-20T01:23:05,2026-08-20T01:25:25,00621410,"22/F, PRINCE'S BUILDING, 10 CHATER ROAD, CENTRAL, HONG KONG",Private company limited by shares,01-04-1955,Paul Y. General Contractors Limited,1.0
337,Paul Y. General Contractors Limited,保華建築營造有限公司,Roads & Drainage,C,active,https://www.devb.gov.hk/filemanager/externaldb/list_contractor_80.js,2026-08-20T01:23:05,2026-08-20T01:25:25,00621410,"22/F, PRINCE'S BUILDING, 10 CHATER ROAD, CENTRAL, HONG KONG",Private company limited by shares,01-04-1955,Paul Y. General Contractors Limited,1.0
338,Peako Engineering Co. Limited,必高工程有限公司,Roads & Drainage,C,active,https://www.devb.gov.hk/filemanager/externaldb/list_contractor_80.js,2026-08-20T01:23:05,2026-08-20T01:25:25,19291509,"23/F, SKYLINE TOWER,, 18 TONG MI ROAD, MONGKOK, KLN, HONG KONG",Private company limited by shares,17-08-1995,PEAKO ENGINEERING CO. LIMITED,1.0
339,Peako Engineering Co. Limited,必高工程有限公司,Site Formation,B,active,https://www.devb.gov.hk/filemanager/externaldb/list_contractor_80.js,2026-08-20T01:23:05,2026-08-20T01:25:25,19291509,"23/F, SKYLINE TOWER,, 18 TONG MI ROAD, MONGKOK, KLN, HONG KONG",Private company limited by shares,17-08-1995,PEAKO ENGINEERING CO. LIMITED,1.0
340,"Penta-Ocean Construction Co., Ltd.",五洋建設株式會社,Buildings,C,active,https://www.devb.gov.hk/filemanager/externaldb/list_contractor_80.js,2026-08-20T01:23:05,2026-08-20T01:25:25,,,,,,
341,"Penta-Ocean Construction Co., Ltd.",五洋建設株式會社,Port Works,C,active,https://www.devb.gov.hk/filemanager/externaldb/list_contractor_80.js,2026-08-20T01:23:05,2026-08-20T01:25:25,,,,,,
342,"Penta-Ocean Construction Co., Ltd.",五洋建設株式會社,Roads & Drainage,C,active,https://www.devb.gov.hk/filemanager/externaldb/list_contractor_80.js,2026-08-20T01:23:05,2026-08-20T01:25:25,,,,,,
343,"Penta-Ocean Construction Co., Ltd.",五洋建設株式會社,Site Formation,C,active,https://www.devb.gov.hk/filemanager/externaldb/list_contractor_80.js,2026-08-20T01:23:05,2026-08-20T01:25:25,,,,,,
344,"Penta-Ocean Construction Co., Ltd.",五洋建設株式會社,Waterworks,C,active,https://www.devb.gov.hk/filemanager/externaldb/list_contractor_80.js,2026-08-20T01:23:05,2026-08-20T01:25:25,,,,,,
345,Po Hsing Construction Company Limited,寶星建築有限公司,Buildings,A,active,https://www.devb.gov.hk/filemanager/externaldb/list_contractor_80.js,2026-08-20T01:23:05,2026-08-20T01:25:25,07327360,"UNIT 1912, GRANDTECH CENTRE,, 8 ON PING STREET, SHATIN, NT, HONG KONG",Private company limited by shares,26-05-1981,PO HSING CONSTRUCTION COMPANY LIMITED,1.0
346,Po Shing Construction Limited,保成建設有限公司,Buildings,B,active,https://www.devb.gov.hk/filemanager/externaldb/list_contractor_80.js,2026-08-20T01:23:05,2026-08-20T01:25:25,34236162,"6/F., KAI TAK COMMERCIAL BUILDING,, NOS. 317-319 DES VOEUX ROAD CENTRAL, SHEUNG WAN, HONG KONG",Private company limited by shares,27-01-2004,PO SHING CONSTRUCTION LIMITED,1.0
347,Po Tak Construction Co. Limited,保德建築有限公司,Buildings,B,active,https://www.devb.gov.hk/filemanager/externaldb/list_contractor_80.js,2026-08-20T01:23:05,2026-08-20T01:25:25,14417932,"ROOM 1, 13/F., GOOD HOPE BUILDING,, 5 SAI YEUNG CHOI STREET SOUTH, KLN, HONG KONG",Private company limited by shares,02-01-1991,PO TAK CONSTRUCTION CO. LIMITED,1.0
348,Po Wing H.P. Drainpipe & Construction Company Limited,寶榮建造工程有限公司,Roads & Drainage,B,active,https://www.devb.gov.hk/filemanager/externaldb/list_contractor_80.js,2026-08-20T01:23:05,2026-08-20T01:25:25,10633984,"RM 508 FOOK HONG IND BLDG, 19 SHEUNG YUET ST KOWLOON BAY, HONG KONG",Private company limited by shares,15-10-1986,PO WING H.P. DRAINPIPE & CONSTRUCTION COMPANY LIMITED,1.0
349,Pollard Construction Company Limited,普立建築有限公司,Buildings,B,active,https://www.devb.gov.hk/filemanager/externaldb/list_contractor_80.js,2026-08-20T01:23:05,2026-08-20T01:25:25,05922166,"FLAT 13, 5/F., BLOCK A, HI -TECH INDUSTRIAL CENTRE, 5-21 PAK TIN PAR STREET TSUEN WAN, NT, HONG KONG",Private company limited by shares,12-01-1979,POLLARD CONSTRUCTION COMPANY LIMITED,1.0
350,Pollard Construction Company Limited,普立建築有限公司,Roads & Drainage,A,active,https://www.devb.gov.hk/filemanager/externaldb/list_contractor_80.js,2026-08-20T01:23:05,2026-08-20T01:25:25,05922166,"FLAT 13, 5/F., BLOCK A, HI -TECH INDUSTRIAL CENTRE, 5-21 PAK TIN PAR STREET TSUEN WAN, NT, HONG KONG",Private company limited by shares,12-01-1979,POLLARD CONSTRUCTION COMPANY LIMITED,1.0
351,Pollard Construction Company Limited,普立建築有限公司,Site Formation,B,active,https://www.devb.gov.hk/filemanager/externaldb/list_contractor_80.js,2026-08-20T01:23:05,2026-08-20T01:25:25,05922166,"FLAT 13, 5/F., BLOCK A, HI -TECH INDUSTRIAL CENTRE, 5-21 PAK TIN PAR STREET TSUEN WAN, NT, HONG KONG",Private company limited by shares,12-01-1979,POLLARD CONSTRUCTION COMPANY LIMITED,1.0
352,Pollard Construction Company Limited,普立建築有限公司,Waterworks,C,active,https://www.devb.gov.hk/filemanager/externaldb/list_contractor_80.js,2026-08-20T01:23:05,2026-08-20T01:25:25,05922166,"FLAT 13, 5/F., BLOCK A, HI -TECH INDUSTRIAL CENTRE, 5-21 PAK TIN PAR STREET TSUEN WAN, NT, HONG KONG",Private company limited by shares,12-01-1979,POLLARD CONSTRUCTION COMPANY LIMITED,1.0
353,Program Contractors Limited,葆岡工程有限公司,Buildings,A,active,https://www.devb.gov.hk/filemanager/externaldb/list_contractor_80.js,2026-08-20T01:23:05,2026-08-20T01:25:25,11164299,"19/F WING SHING INDUSTRIAL BLDG, 26 NG FONG ST SAN PO KONG KLN, HONG KONG",Private company limited by shares,03-04-1987,PROGRAM CONTRACTORS LIMITED,1.0
354,Prosper Contractor Limited,昌盛建設有限公司,Buildings,B,active,https://www.devb.gov.hk/filemanager/externaldb/list_contractor_80.js,2026-08-20T01:23:05,2026-08-20T01:25:25,20001507,"OFFICES 801-806, 8TH FLOOR, TOWER A,, NEW MANDARIN PLAZA, 14 SCIENCE MUSEUM ROAD,, TSIM SHA TSUI EAST, KLN, HONG KONG",Private company limited by shares,30-07-1996,PROSPER CONTRACTOR LIMITED,1.0
355,Prosper Contractor Limited,昌盛建設有限公司,Roads & Drainage,B,active,https://www.devb.gov.hk/filemanager/externaldb/list_contractor_80.js,2026-08-20T01:23:05,2026-08-20T01:25:25,20001507,"OFFICES 801-806, 8TH FLOOR, TOWER A,, NEW MANDARIN PLAZA, 14 SCIENCE MUSEUM ROAD,, TSIM SHA TSUI EAST, KLN, HONG KONG",Private company limited by shares,30-07-1996,PROSPER CONTRACTOR LIMITED,1.0
356,Prosper Contractor Limited,昌盛建設有限公司,Site Formation,B,active,https://www.devb.gov.hk/filemanager/externaldb/list_contractor_80.js,2026-08-20T01:23:05,2026-08-20T01:25:25,20001507,"OFFICES 801-806, 8TH FLOOR, TOWER A,, NEW MANDARIN PLAZA, 14 SCIENCE MUSEUM ROAD,, TSIM SHA TSUI EAST, KLN, HONG KONG",Private company limited by shares,30-07-1996,PROSPER CONTRACTOR LIMITED,1.0
357,PYE General Construction International Limited,保華營造國際有限公司,Buildings,C,active,https://www.devb.gov.hk/filemanager/externaldb/list_contractor_80.js,2026-08-20T01:23:05,2026-08-20T01:25:25,,,,,,
358,Ray On Construction Company Limited,威安建築有限公司,Buildings,B,active,https://www.devb.gov.hk/filemanager/externaldb/list_contractor_80.js,2026-08-20T01:23:05,2026-08-20T01:25:25,05220974,"RM 2009 20/F FORTRESS TOWER, 250 KING'S ROAD, NORTH POINT, HONG KONG",Private company limited by shares,19-04-1977,RAY ON CONSTRUCTION COMPANY LIMITED,1.0
359,Ray On Construction Company Limited,威安建築有限公司,Roads & Drainage,A,active,https://www.devb.gov.hk/filemanager/externaldb/list_contractor_80.js,2026-08-20T01:23:05,2026-08-20T01:25:25,05220974,"RM 2009 20/F FORTRESS TOWER, 250 KING'S ROAD, NORTH POINT, HONG KONG",Private company limited by shares,19-04-1977,RAY ON CONSTRUCTION COMPANY LIMITED,1.0
360,Realty Cheng & Partners Construction Limited,偉業聯和建築有限公司,Buildings,C,active,https://www.devb.gov.hk/filemanager/externaldb/list_contractor_80.js,2026-08-20T01:23:05,2026-08-20T01:25:25,07030797,"UNIT D, 10/F, FORD GORY PLAZA,, 37-39 WING HONG ST.,, CHEUNG SHA WAN, KLN, HONG KONG",Private company limited by shares,14-11-1980,REALTY CHENG & PARTNERS CONSTRUCTION LIMITED,1.0
361,RenoPipe Construction Company Limited,瑞昇管道建設有限公司,Roads & Drainage,B,active,https://www.devb.gov.hk/filemanager/externaldb/list_contractor_80.js,2026-08-20T01:23:05,2026-08-20T01:25:25,66971596,"OFFICE B, 6/F, MG TOWER, 133 HOI BUN ROAD, KWUN TONG, HONG KONG",Private company limited by shares,29-11-2016,RenoPipe Construction Company Limited,1.0
362,RenoPipe Construction Company Limited,瑞昇管道建設有限公司,Waterworks,B,active,https://www.devb.gov.hk/filemanager/externaldb/list_contractor_80.js,2026-08-20T01:23:05,2026-08-20T01:25:25,66971596,"OFFICE B, 6/F, MG TOWER, 133 HOI BUN ROAD, KWUN TONG, HONG KONG",Private company limited by shares,29-11-2016,RenoPipe Construction Company Limited,1.0
363,Richwell Civil Engineering Limited,顯豐土木工程有限公司,Roads & Drainage,C,active,https://www.devb.gov.hk/filemanager/externaldb/list_contractor_80.js,2026-08-20T01:23:05,2026-08-20T01:25:25,50912980,"ROOM 1903-1905 19/F ONE MIDTOWN, 11 HOI SHING ROAD TSUEN WAN, NT, HONG KONG",Private company limited by shares,14-07-2009,RICHWELL CIVIL ENGINEERING LIMITED,1.0
364,Richwell Engineering Limited,顯豐工程有限公司,Roads & Drainage,C,active,https://www.devb.gov.hk/filemanager/externaldb/list_contractor_80.js,2026-08-20T01:23:05,2026-08-20T01:25:25,17150989,"ROOM 1903-1905 19/F ONE MIDTOWN, 11 HOI SHING ROAD TSUEN WAN, NT, HONG KONG",Private company limited by shares,20-05-1993,RICHWELL ENGINEERING LIMITED,1.0
365,Richwell Engineering Limited,顯豐工程有限公司,Site Formation,B,active,https://www.devb.gov.hk/filemanager/externaldb/list_contractor_80.js,2026-08-20T01:23:05,2026-08-20T01:25:25,17150989,"ROOM 1903-1905 19/F ONE MIDTOWN, 11 HOI SHING ROAD TSUEN WAN, NT, HONG KONG",Private company limited by shares,20-05-1993,RICHWELL ENGINEERING LIMITED,1.0
366,Riseway Construction Engineering Limited,昇偉建築工程有限公司,Roads & Drainage,B,active,https://www.devb.gov.hk/filemanager/externaldb/list_contractor_80.js,2026-08-20T01:23:05,2026-08-20T01:25:25,35413163,"UNITS NOS. 1-4, 10/F.,, TWO PORTSIDE,, NO. 9 PAT TAT STREET,, SAN PO KONG, KOWLOON,, HONG KONG",Private company limited by shares,18-08-2004,RISEWAY CONSTRUCTION ENGINEERING LIMITED,1.0
367,Sam Cheong Construction Company Limited,三昌建築有限公司,Buildings,A,active,https://www.devb.gov.hk/filemanager/externaldb/list_contractor_80.js,2026-08-20T01:23:05,2026-08-20T01:25:25,07869429,"UNIT 21, G/F WING FUNG INDUSTRIAL BUILDING,, 40-50 SHA TSUI ROAD, TSUEN WAN, N.T, HONG KONG",Private company limited by shares,04-06-1982,SAM CHEONG CONSTRUCTION COMPANY LIMITED,1.0
368,Samsung C&T Corporation,Samsung C&T Corporation,Port Works,C,active,https://www.devb.gov.hk/filemanager/externaldb/list_contractor_80.js,2026-08-20T01:23:05,2026-08-20T01:25:25,70615378,"NO. 502 ROOM LINCOLN CTR, 20 YIP FUNG ST. FANLING, N.T., HONG KONG",Private company limited by shares,23-04-2019,"SAMSUNG CO., LIMITED",0.9
369,Samsung C&T Corporation,Samsung C&T Corporation,Roads & Drainage,C,active,https://www.devb.gov.hk/filemanager/externaldb/list_contractor_80.js,2026-08-20T01:23:05,2026-08-20T01:25:25,70615378,"NO. 502 ROOM LINCOLN CTR, 20 YIP FUNG ST. FANLING, N.T., HONG KONG",Private company limited by shares,23-04-2019,"SAMSUNG CO., LIMITED",0.9
370,Sanfield Building Contractors Limited,新輝建築有限公司,Buildings,C,active,https://www.devb.gov.hk/filemanager/externaldb/list_contractor_80.js,2026-08-20T01:23:05,2026-08-20T01:25:25,04159063,"45/F, SUN HUNG KAI CENTRE, 30 HARBOUR ROAD, HONG KONG",Private company limited by shares,07-05-1974,SANFIELD BUILDING CONTRACTORS LIMITED,1.0
371,Sang Hing Civil Contractors Company Limited,生興土木有限公司,Roads & Drainage,C,active,https://www.devb.gov.hk/filemanager/externaldb/list_contractor_80.js,2026-08-20T01:23:05,2026-08-20T01:25:25,13844370,"ROOM 215A-B, 2/F., CENTRAL SERVICES BLDG, NAN FUNG INDUSTRIAL CITY, NO. 18 TIN HAU ROAD, TUEN MUN NT, HONG KONG",Private company limited by shares,01-06-1990,SANG HING CIVIL CONTRACTORS COMPANY LIMITED,1.0
372,Sang Hing Civil Contractors Company Limited,生興土木有限公司,Site Formation,C,active,https://www.devb.gov.hk/filemanager/externaldb/list_contractor_80.js,2026-08-20T01:23:05,2026-08-20T01:25:25,13844370,"ROOM 215A-B, 2/F., CENTRAL SERVICES BLDG, NAN FUNG INDUSTRIAL CITY, NO. 18 TIN HAU ROAD, TUEN MUN NT, HONG KONG",Private company limited by shares,01-06-1990,SANG HING CIVIL CONTRACTORS COMPANY LIMITED,1.0
373,Shanghai Construction Overseas Engineering Limited,上海建工海外工程有限公司,Roads & Drainage,C,active,https://www.devb.gov.hk/filemanager/externaldb/list_contractor_80.js,2026-08-20T01:23:05,2026-08-20T01:25:25,33521075,"ROOM 603, ELITE INDUSTRIAL CENTRE,, 883 CHEUNG SHA WAN ROAD,, LAI CHI KOK, KLN, HONG KONG",Private company limited by shares,25-03-2003,Shanghai Construction Overseas Engineering Limited,1.0
374,Shanghai Construction Overseas Engineering Limited,上海建工海外工程有限公司,Site Formation,B,active,https://www.devb.gov.hk/filemanager/externaldb/list_contractor_80.js,2026-08-20T01:23:05,2026-08-20T01:25:25,33521075,"ROOM 603, ELITE INDUSTRIAL CENTRE,, 883 CHEUNG SHA WAN ROAD,, LAI CHI KOK, KLN, HONG KONG",Private company limited by shares,25-03-2003,Shanghai Construction Overseas Engineering Limited,1.0
375,Shanghai Tunnel Engineering Co. Ltd.,上海隧道工程股份有限公司,Roads & Drainage,C,active,https://www.devb.gov.hk/filemanager/externaldb/list_contractor_80.js,2026-08-20T01:23:05,2026-08-20T01:25:25,,,,,,
376,Shanghai Tunnel Engineering Co. Ltd.,上海隧道工程股份有限公司,Site Formation,C,active,https://www.devb.gov.hk/filemanager/externaldb/list_contractor_80.js,2026-08-20T01:23:05,2026-08-20T01:25:25,,,,,,
377,Sheen Billion Development Limited,億順發展有限公司,Roads & Drainage,B,active,https://www.devb.gov.hk/filemanager/externaldb/list_contractor_80.js,2026-08-20T01:23:05,2026-08-20T01:25:25,12214352,"RM 902 MARINA HSE, 68 HING MAN ST SHAUKIWAN, HONG KONG",Private company limited by shares,20-09-1988,SHEEN BILLION DEVELOPMENT LIMITED,1.0
378,Shing Hing Civil Engineering Limited,誠興土木工程有限公司,Site Formation,B,active,https://www.devb.gov.hk/filemanager/externaldb/list_contractor_80.js,2026-08-20T01:23:05,2026-08-20T01:25:25,36170605,"ROOM 1207-10, 12/F.,, KINGS COMMERCIAL BUILDING,, 2-4 CHATHAM COURT, TSIMSHATSUI, KLN, HONG KONG",Private company limited by shares,03-11-2005,SHING HING CIVIL ENGINEERING LIMITED,1.0
379,Shing Hing Construction Company Limited,成興建築有限公司,Buildings,B,active,https://www.devb.gov.hk/filemanager/externaldb/list_contractor_80.js,2026-08-20T01:23:05,2026-08-20T01:25:25,31497361,"UNIT 2, 28/F., CEO TOWER, 77 WING HONG STREET, CHEUNG SHA WAN, KOWLOON, HONG KONG",Private company limited by shares,09-10-2000,SHING HING CONSTRUCTION COMPANY LIMITED,1.0
380,Shui On Building Contractors Limited,瑞安承建有限公司,Buildings,C,active,https://www.devb.gov.hk/filemanager/externaldb/list_contractor_80.js,2026-08-20T01:23:05,2026-08-20T01:25:25,01637012,"34/F, SHUI ON CENTRE, 6-8 HARBOUR ROAD, HONG KONG",Private company limited by shares,11-10-1963,SHUI ON BUILDING CONTRACTORS LIMITED,1.0
381,Shui On Building Contractors Limited,瑞安承建有限公司,Roads & Drainage,B,active,https://www.devb.gov.hk/filemanager/externaldb/list_contractor_80.js,2026-08-20T01:23:05,2026-08-20T01:25:25,01637012,"34/F, SHUI ON CENTRE, 6-8 HARBOUR ROAD, HONG KONG",Private company limited by shares,11-10-1963,SHUI ON BUILDING CONTRACTORS LIMITED,1.0
382,Shui On Construction Company Limited,瑞安建築有限公司,Buildings,C,active,https://www.devb.gov.hk/filemanager/externaldb/list_contractor_80.js,2026-08-20T01:23:05,2026-08-20T01:25:25,03601467,"34/F, SHUI ON CENTRE, 6-8 HARBOUR ROAD, HONG KONG",Private company limited by shares,21-07-1972,SHUI ON CONSTRUCTION COMPANY LIMITED,1.0
383,Shui Wing Engineering Company Limited,瑞榮工程有限公司,Roads & Drainage,B,active,https://www.devb.gov.hk/filemanager/externaldb/list_contractor_80.js,2026-08-20T01:23:05,2026-08-20T01:25:25,13023021,"12/F, WOFOO COMMERCIAL BLDG,, 576 NATHAN RD, MONGKOK., HONG KONG",Private company limited by shares,28-07-1989,SHUI WING ENGINEERING COMPANY LIMITED,1.0
384,Shui Wing Engineering Company Limited,瑞榮工程有限公司,Site Formation,B,active,https://www.devb.gov.hk/filemanager/externaldb/list_contractor_80.js,2026-08-20T01:23:05,2026-08-20T01:25:25,13023021,"12/F, WOFOO COMMERCIAL BLDG,, 576 NATHAN RD, MONGKOK., HONG KONG",Private company limited by shares,28-07-1989,SHUI WING ENGINEERING COMPANY LIMITED,1.0
385,Shui Wing Engineering Company Limited,瑞榮工程有限公司,Waterworks,A,active,https://www.devb.gov.hk/filemanager/externaldb/list_contractor_80.js,2026-08-20T01:23:05,2026-08-20T01:25:25,13023021,"12/F, WOFOO COMMERCIAL BLDG,, 576 NATHAN RD, MONGKOK., HONG KONG",Private company limited by shares,28-07-1989,SHUI WING ENGINEERING COMPANY LIMITED,1.0
386,Shun Shing Contractors Limited,信誠營造工程有限公司,Buildings,B,active,https://www.devb.gov.hk/filemanager/externaldb/list_contractor_80.js,2026-08-20T01:23:05,2026-08-20T01:25:25,30146892,"WORKSHOP 1, 2 & 3, 5TH FLOOR,, ORIENT INTERNATIONAL TOWER,, NO.1018 TAI NAN WEST STREET, CHEUNG SHA WAN, KLN, HONG KONG",Private company limited by shares,29-03-1999,SHUN SHING CONTRACTORS LIMITED,1.0
387,Shun Yip Construction Company Limited,順業建築有限公司,Buildings,B,active,https://www.devb.gov.hk/filemanager/externaldb/list_contractor_80.js,2026-08-20T01:23:05,2026-08-20T01:25:25,05348001,"FLAT A 3/F, SINGWA COMMERCIAL BUILDING, 26-32 PARKES STREET KOWLOON, HONG KONG",Private company limited by shares,04-11-1977,SHUN YIP CONSTRUCTION COMPANY LIMITED,1.0
388,Shun Yip Construction Company Limited,順業建築有限公司,Roads & Drainage,A,active,https://www.devb.gov.hk/filemanager/externaldb/list_contractor_80.js,2026-08-20T01:23:05,2026-08-20T01:25:25,05348001,"FLAT A 3/F, SINGWA COMMERCIAL BUILDING, 26-32 PARKES STREET KOWLOON, HONG KONG",Private company limited by shares,04-11-1977,SHUN YIP CONSTRUCTION COMPANY LIMITED,1.0
389,Shun Yuen Construction Company Limited,順源建築有限公司,Roads & Drainage,C,active,https://www.devb.gov.hk/filemanager/externaldb/list_contractor_80.js,2026-08-20T01:23:05,2026-08-20T01:25:25,05649760,"OFFICE 1, 6/F, RYKADAN CAPITAL TOWER,, 135 HOI BUN ROAD, KWUN TONG, KLN, HONG KONG",Private company limited by shares,20-06-1978,SHUN YUEN CONSTRUCTION COMPANY LIMITED,1.0
390,Shun Yuen Construction Company Limited,順源建築有限公司,Site Formation,C,active,https://www.devb.gov.hk/filemanager/externaldb/list_contractor_80.js,2026-08-20T01:23:05,2026-08-20T01:25:25,05649760,"OFFICE 1, 6/F, RYKADAN CAPITAL TOWER,, 135 HOI BUN ROAD, KWUN TONG, KLN, HONG KONG",Private company limited by shares,20-06-1978,SHUN YUEN CONSTRUCTION COMPANY LIMITED,1.0
391,Shun Yuen Construction Company Limited,順源建築有限公司,Waterworks,A,active,https://www.devb.gov.hk/filemanager/externaldb/list_contractor_80.js,2026-08-20T01:23:05,2026-08-20T01:25:25,05649760,"OFFICE 1, 6/F, RYKADAN CAPITAL TOWER,, 135 HOI BUN ROAD, KWUN TONG, KLN, HONG KONG",Private company limited by shares,20-06-1978,SHUN YUEN CONSTRUCTION COMPANY LIMITED,1.0
392,"Sing Fat Construction Company, Limited",成發建築有限公司,Buildings,B,active,https://www.devb.gov.hk/filemanager/externaldb/list_contractor_80.js,2026-08-20T01:23:05,2026-08-20T01:25:25,00977328,"23/F CHINA UNITED PLAZA, NO 1008 TAI NAN WEST ST KLN, HONG KONG",Private company limited by shares,08-02-1960,"SING FAT CONSTRUCTION COMPANY, LIMITED",1.0
393,Siu Fai Engineering Limited,少輝工程有限公司,Roads & Drainage,A,active,https://www.devb.gov.hk/filemanager/externaldb/list_contractor_80.js,2026-08-20T01:23:05,2026-08-20T01:25:25,36404549,"UNIT 06, 39/F, CABLE TV TOWER,, 9 HOI SHING ROAD, TSUEN WAN,, NT, HONG KONG",Private company limited by shares,24-01-2006,SIU FAI ENGINEERING LIMITED,1.0
394,Siu Fai Engineering Limited,少輝工程有限公司,Site Formation,B,active,https://www.devb.gov.hk/filemanager/externaldb/list_contractor_80.js,2026-08-20T01:23:05,2026-08-20T01:25:25,36404549,"UNIT 06, 39/F, CABLE TV TOWER,, 9 HOI SHING ROAD, TSUEN WAN,, NT, HONG KONG",Private company limited by shares,24-01-2006,SIU FAI ENGINEERING LIMITED,1.0
395,Smooth Gain Engineering Limited,富威土木工程有限公司,Roads & Drainage,A,active,https://www.devb.gov.hk/filemanager/externaldb/list_contractor_80.js,2026-08-20T01:23:05,2026-08-20T01:25:25,60532538,"FLAT/RM 5A21, FLOOR 5,, PAK FOOK INDUSTRIAL BUILDING,, 615-617 TAI NAN WEST STREET, LAI CHI KOK, KLN, HONG KONG",Private company limited by shares,29-10-2012,SMOOTH GAIN ENGINEERING LIMITED,1.0
396,South Star Construction Company Limited,南星營造有限公司,Buildings,A,active,https://www.devb.gov.hk/filemanager/externaldb/list_contractor_80.js,2026-08-20T01:23:05,2026-08-20T01:25:25,06121262,"UNIT 1309 13/F SUNBEAM CENTRE, 27 SHING YIP STREET KWUN TONG KLN, HONG KONG",Private company limited by shares,15-05-1979,SOUTH STAR CONSTRUCTION COMPANY LIMITED,1.0
397,Square Construction Company Limited,新生建築有限公司,Buildings,C,active,https://www.devb.gov.hk/filemanager/externaldb/list_contractor_80.js,2026-08-20T01:23:05,2026-08-20T01:25:25,03257834,"UNIT 12, 15/F, LAURELS INDUSTRIAL CENTRE,, 32 TAI YAU STREET,, SAN PO KONG, KLN, HONG KONG",Private company limited by shares,27-04-1971,SQUARE CONSTRUCTION COMPANY LIMITED,1.0
398,Sui Chong Construction and Engineering Company Limited,瑞昌建築工程有限公司,Buildings,C,active,https://www.devb.gov.hk/filemanager/externaldb/list_contractor_80.js,2026-08-20T01:23:05,2026-08-20T01:25:25,04245848,"FACTORY C4A, 13/F, WING HING INDUSTRIAL BUILDING, 14 HING YIP STREET, KWUN TONG, KOWLOON, HONG KONG",Private company limited by shares,09-03-1973,SUI CHONG CONSTRUCTION AND ENGINEERING COMPANY LIMITED,1.0
399,Sum Kee Construction Limited,森記建築有限公司,Roads & Drainage,C,active,https://www.devb.gov.hk/filemanager/externaldb/list_contractor_80.js,2026-08-20T01:23:05,2026-08-20T01:25:25,18787991,"39/F., SUN HUNG KAI CENTRE,, 30 HARBOUR ROAD, HONG KONG",Private company limited by shares,17-01-1995,SUM KEE CONSTRUCTION LIMITED,1.0
400,Sun Fook Kong (Civil) Limited,新褔港 (土木) 有限公司,Buildings,B,active,https://www.devb.gov.hk/filemanager/externaldb/list_contractor_80.js,2026-08-20T01:23:05,2026-08-20T01:25:25,05609776,"7/F., HIGH FASHION CENTRE,, 1-11 KWAI HEI STREET, KWAI CHUNG, NT, HONG KONG",Private company limited by shares,05-05-1978,SUN FOOK KONG (CIVIL) LIMITED,1.0
401,Sun Fook Kong (Civil) Limited,新褔港 (土木) 有限公司,Port Works,C,active,https://www.devb.gov.hk/filemanager/externaldb/list_contractor_80.js,2026-08-20T01:23:05,2026-08-20T01:25:25,05609776,"7/F., HIGH FASHION CENTRE,, 1-11 KWAI HEI STREET, KWAI CHUNG, NT, HONG KONG",Private company limited by shares,05-05-1978,SUN FOOK KONG (CIVIL) LIMITED,1.0
402,Sun Fook Kong (Civil) Limited,新褔港 (土木) 有限公司,Roads & Drainage,C,active,https://www.devb.gov.hk/filemanager/externaldb/list_contractor_80.js,2026-08-20T01:23:05,2026-08-20T01:25:25,05609776,"7/F., HIGH FASHION CENTRE,, 1-11 KWAI HEI STREET, KWAI CHUNG, NT, HONG KONG",Private company limited by shares,05-05-1978,SUN FOOK KONG (CIVIL) LIMITED,1.0
403,Sun Fook Kong (Civil) Limited,新褔港 (土木) 有限公司,Site Formation,C,active,https://www.devb.gov.hk/filemanager/externaldb/list_contractor_80.js,2026-08-20T01:23:05,2026-08-20T01:25:25,05609776,"7/F., HIGH FASHION CENTRE,, 1-11 KWAI HEI STREET, KWAI CHUNG, NT, HONG KONG",Private company limited by shares,05-05-1978,SUN FOOK KONG (CIVIL) LIMITED,1.0
404,Sun Fook Kong (Civil) Limited,新褔港 (土木) 有限公司,Waterworks,C,active,https://www.devb.gov.hk/filemanager/externaldb/list_contractor_80.js,2026-08-20T01:23:05,2026-08-20T01:25:25,05609776,"7/F., HIGH FASHION CENTRE,, 1-11 KWAI HEI STREET, KWAI CHUNG, NT, HONG KONG",Private company limited by shares,05-05-1978,SUN FOOK KONG (CIVIL) LIMITED,1.0
405,Sun Fook Kong Construction Limited,新福港營造有限公司,Buildings,C,active,https://www.devb.gov.hk/filemanager/externaldb/list_contractor_80.js,2026-08-20T01:23:05,2026-08-20T01:25:25,01142984,"7/F., HIGH FASHION CENTRE,, 1-11 KWAI HEI STREET, KWAI CHUNG, NT, HONG KONG",Private company limited by shares,07-04-1961,SUN FOOK KONG CONSTRUCTION LIMITED,1.0
406,Sun Fook Kong Construction Limited,新福港營造有限公司,Roads & Drainage,B,active,https://www.devb.gov.hk/filemanager/externaldb/list_contractor_80.js,2026-08-20T01:23:05,2026-08-20T01:25:25,01142984,"7/F., HIGH FASHION CENTRE,, 1-11 KWAI HEI STREET, KWAI CHUNG, NT, HONG KONG",Private company limited by shares,07-04-1961,SUN FOOK KONG CONSTRUCTION LIMITED,1.0
407,Sun Fook Kong Construction Limited,新福港營造有限公司,Site Formation,B,active,https://www.devb.gov.hk/filemanager/externaldb/list_contractor_80.js,2026-08-20T01:23:05,2026-08-20T01:25:25,01142984,"7/F., HIGH FASHION CENTRE,, 1-11 KWAI HEI STREET, KWAI CHUNG, NT, HONG KONG",Private company limited by shares,07-04-1961,SUN FOOK KONG CONSTRUCTION LIMITED,1.0
408,Sun Hang Shing Construction & Decoration Company Limited,新恒盛建築裝飾有限公司,Buildings,A,active,https://www.devb.gov.hk/filemanager/externaldb/list_contractor_80.js,2026-08-20T01:23:05,2026-08-20T01:25:25,05563182,"ROOM H, 10/F., WORLD TECH CENTRE,, 95 HOW MING STREET, KWUN TONG,, KOWLOON, HONG KONG",Private company limited by shares,02-05-1978,SUN HANG SHING CONSTRUCTION & DECORATION COMPANY LIMITED,1.0
409,Sun On Engineering Company Limited,新安承建有限公司,Buildings,A,active,https://www.devb.gov.hk/filemanager/externaldb/list_contractor_80.js,2026-08-20T01:23:05,2026-08-20T01:25:25,12624125,"13/F WOON LEE COMMERICAL BLDG, 7-9 AUSTIN AVENUE TST, KLN, HONG KONG",Private company limited by shares,03-03-1989,SUN ON ENGINEERING COMPANY LIMITED,1.0
410,Sun Wing Lee Engineering Company Limited,新榮利建造工程有限公司,Roads & Drainage,A,active,https://www.devb.gov.hk/filemanager/externaldb/list_contractor_80.js,2026-08-20T01:23:05,2026-08-20T01:25:25,58242789,"ROOM 710, 7/F, FUK SHING COMMERCIAL BUILDING, 28, ON LOK MUN STREET, FANLING, HONG KONG",Private company limited by shares,18-04-2011,SUN WING LEE ENGINEERING COMPANY LIMITED,1.0
411,Sunley Engineering & Construction Company Limited,新利地基工程有限公司,Site Formation,B,active,https://www.devb.gov.hk/filemanager/externaldb/list_contractor_80.js,2026-08-20T01:23:05,2026-08-20T01:25:25,07961546,"8/F, ENTERPRISE SQUARE THREE, 39 WANG CHIU ROAD KOWLOON BAY, HONG KONG",Private company limited by shares,27-07-1982,SUNLEY ENGINEERING & CONSTRUCTION COMPANY LIMITED,1.0
412,Sunnic Engineering Limited,實力工程有限公司,Buildings,B,active,https://www.devb.gov.hk/filemanager/externaldb/list_contractor_80.js,2026-08-20T01:23:05,2026-08-20T01:25:25,17177050,"8/F., ENTERPRISE SQUARE THREE,, 39 WANG CHIU ROAD,, KOWLOON BAY, HONG KONG",Private company limited by shares,27-05-1993,SUNNIC ENGINEERING LIMITED,1.0
413,Sunny Smart Engineering Limited,駿朗工程有限公司,Roads & Drainage,B,active,https://www.devb.gov.hk/filemanager/externaldb/list_contractor_80.js,2026-08-20T01:23:05,2026-08-20T01:25:25,59187829,"UNIT G1, 35/F., LEGEND TOWER,, 7 SHING YIP STREET,, KWUN TONG, KLN, HONG KONG",Private company limited by shares,23-11-2011,SUNNY SMART ENGINEERING LIMITED,1.0
414,Sze Fung Engineering Limited,仕豐工程有限公司,Port Works,B,active,https://www.devb.gov.hk/filemanager/externaldb/list_contractor_80.js,2026-08-20T01:23:05,2026-08-20T01:25:25,34386672,"FLAT 703, 7/F, PARKES COMM CTR, 2-8 PARKES ST, JORDAN, KLN, HONG KONG",Private company limited by shares,08-03-2004,SZE FUNG ENGINEERING LIMITED,1.0
415,Tactful Construction & Engineering (HK) Limited,德豐建築工程有限公司,Waterworks,B,active,https://www.devb.gov.hk/filemanager/externaldb/list_contractor_80.js,2026-08-20T01:23:05,2026-08-20T01:25:25,22151263,"RM 32 1/F, KOWLOON BAY INDUSTRIAL CENTRE, 15 WANG HOI RD KOWLOON BAY KLN, HONG KONG",Private company limited by shares,14-10-1998,TACTFUL CONSTRUCTION & ENGINEERING (HK) LIMITED,1.0
416,Tai Kam Construction Engineering Company Limited,泰錦建築工程有限公司,Roads & Drainage,A,active,https://www.devb.gov.hk/filemanager/externaldb/list_contractor_80.js,2026-08-20T01:23:05,2026-08-20T01:25:25,19787633,"FLAT/RM 306, 3/F, FONDA INDUSTRIAL BUILDING, 37-39 AU PUI WAN STREET, FO TAN SHATIN, NT, HONG KONG",Private company limited by shares,19-03-1996,TAI KAM CONSTRUCTION ENGINEERING COMPANY LIMITED,1.0
417,Tai Lee Engineering Company Limited,太利工程有限公司,Roads & Drainage,B,active,https://www.devb.gov.hk/filemanager/externaldb/list_contractor_80.js,2026-08-20T01:23:05,2026-08-20T01:25:25,35196533,"UNIT 1606, 16/F, SHATIN GALLERIA,, 18-24 SHAN MEI STREET, FOTAN, NT, HONG KONG",Private company limited by shares,13-12-2004,TAI LEE ENGINEERING COMPANY LIMITED,1.0
418,Tak Cheong Construction Company Limited,德昌建築有限公司,Buildings,A,active,https://www.devb.gov.hk/filemanager/externaldb/list_contractor_80.js,2026-08-20T01:23:05,2026-08-20T01:25:25,18771455,"RM 1388, 13/F,, FUK KEUNG INDUSTRIAL BUILDING,, 66-68 TONG MI ROAD, MONGKOK, HONG KONG",Private company limited by shares,05-01-1995,TAK CHEONG CONSTRUCTION COMPANY LIMITED,1.0
419,Tak Cheong Construction Company Limited,德昌建築有限公司,Port Works,B,active,https://www.devb.gov.hk/filemanager/externaldb/list_contractor_80.js,2026-08-20T01:23:05,2026-08-20T01:25:25,18771455,"RM 1388, 13/F,, FUK KEUNG INDUSTRIAL BUILDING,, 66-68 TONG MI ROAD, MONGKOK, HONG KONG",Private company limited by shares,05-01-1995,TAK CHEONG CONSTRUCTION COMPANY LIMITED,1.0
420,Tapbo Civil Engineering Company Limited,德寶土木工程有限公司,Port Works,B,active,https://www.devb.gov.hk/filemanager/externaldb/list_contractor_80.js,2026-08-20T01:23:05,2026-08-20T01:25:25,16678893,"UNIT 2 12/F YEE KUK IND CENTRE, 555 YEE KUK ST, CHEUNG SHA WAN KLN, HONG KONG",Private company limited by shares,18-08-1992,TAPBO CIVIL ENGINEERING COMPANY LIMITED,1.0
421,Tapbo Civil Engineering Company Limited,德寶土木工程有限公司,Roads & Drainage,B,active,https://www.devb.gov.hk/filemanager/externaldb/list_contractor_80.js,2026-08-20T01:23:05,2026-08-20T01:25:25,16678893,"UNIT 2 12/F YEE KUK IND CENTRE, 555 YEE KUK ST, CHEUNG SHA WAN KLN, HONG KONG",Private company limited by shares,18-08-1992,TAPBO CIVIL ENGINEERING COMPANY LIMITED,1.0
422,Tapbo Civil Engineering Company Limited,德寶土木工程有限公司,Site Formation,B,active,https://www.devb.gov.hk/filemanager/externaldb/list_contractor_80.js,2026-08-20T01:23:05,2026-08-20T01:25:25,16678893,"UNIT 2 12/F YEE KUK IND CENTRE, 555 YEE KUK ST, CHEUNG SHA WAN KLN, HONG KONG",Private company limited by shares,18-08-1992,TAPBO CIVIL ENGINEERING COMPANY LIMITED,1.0
423,Tapbo Construction Company Limited,德寶建築工程有限公司,Buildings,A,active,https://www.devb.gov.hk/filemanager/externaldb/list_contractor_80.js,2026-08-20T01:23:05,2026-08-20T01:25:25,31480926,"UNIT 2, 12/F,, YEE KUK INDUSTRIAL CENTRE,, 555 YEE KUK ST, CHEUNG SHA WAN, KLN, HONG KONG",Private company limited by shares,20-12-2000,TAPBO CONSTRUCTION COMPANY LIMITED,1.0
424,Techoy Construction Company Limited,德材建築工程有限公司,Buildings,C,active,https://www.devb.gov.hk/filemanager/externaldb/list_contractor_80.js,2026-08-20T01:23:05,2026-08-20T01:25:25,07976646,"11/F.,, SUI YING INDUSTRIAL BUILDING, NO.1 YUK YAT STREET, TO KWA WAN, HONG KONG",Private company limited by shares,02-07-1982,TECHOY CONSTRUCTION COMPANY LIMITED,1.0
425,Toko Construction & Machinery Limited,道顧建築機械有限公司,Roads & Drainage,B,active,https://www.devb.gov.hk/filemanager/externaldb/list_contractor_80.js,2026-08-20T01:23:05,2026-08-20T01:25:25,38302547,"OFFICE G, 8/F, KINGS WING PLAZA 2, NO. 1 ON KWAN STREET, SHA TIN, HONG KONG",Private company limited by shares,17-08-2007,TOKO CONSTRUCTION & MACHINERY LIMITED,1.0
426,Tonic Engineering & Construction Company Limited,通力建築工程有限公司,Port Works,B,active,https://www.devb.gov.hk/filemanager/externaldb/list_contractor_80.js,2026-08-20T01:23:05,2026-08-20T01:25:25,06283379,"RM 701 7/F AITKEN VANSON CENTRE, 61 HOI YUEN RD KWUN TONG KLN, HONG KONG",Private company limited by shares,28-09-1979,TONIC ENGINEERING & CONSTRUCTION COMPANY LIMITED,1.0
427,Tonic Engineering & Construction Company Limited,通力建築工程有限公司,Waterworks,B,active,https://www.devb.gov.hk/filemanager/externaldb/list_contractor_80.js,2026-08-20T01:23:05,2026-08-20T01:25:25,06283379,"RM 701 7/F AITKEN VANSON CENTRE, 61 HOI YUEN RD KWUN TONG KLN, HONG KONG",Private company limited by shares,28-09-1979,TONIC ENGINEERING & CONSTRUCTION COMPANY LIMITED,1.0
428,"To's Universe Construction Company, Limited",國宇建築有限公司,Buildings,B,active,https://www.devb.gov.hk/filemanager/externaldb/list_contractor_80.js,2026-08-20T01:23:05,2026-08-20T01:25:25,,,,,,
429,Treasure Construction Engineering Limited,海悅建築工程有限公司,Buildings,C,active,https://www.devb.gov.hk/filemanager/externaldb/list_contractor_80.js,2026-08-20T01:23:05,2026-08-20T01:25:25,05718050,"16/F, EIGHT COMMERCIAL TOWER, NO. 8 SUN YIP STREET, CHAI WAN, HONG KONG",Private company limited by shares,22-08-1978,TREASURE CONSTRUCTION ENGINEERING LIMITED,1.0
430,Tristyle Company Limited,日式有限公司,Buildings,A,active,https://www.devb.gov.hk/filemanager/externaldb/list_contractor_80.js,2026-08-20T01:23:05,2026-08-20T01:25:25,09454763,"16/F WOON LEE COMMERCIAL BUILDING,, 7-9 AUSTIN AVENUE,, TSIM SHA TSUI, KLN, HONG KONG",Private company limited by shares,04-12-1984,TRISTYLE COMPANY LIMITED,1.0
431,Trustful Construction Company Limited,允信建築有限公司,Buildings,C,active,https://www.devb.gov.hk/filemanager/externaldb/list_contractor_80.js,2026-08-20T01:23:05,2026-08-20T01:25:25,72420028,"ROOM 605, 6/F.,, THE CENDAS,, 15 SHEUNG YUET ROAD,, KOWLOON BAY,, HONG KONG",Private company limited by shares,24-11-2020,Trustful Construction Company Limited,1.0
432,Trustful Engineering & Construction Company Limited,卓譽建築工程有限公司,Buildings,A,active,https://www.devb.gov.hk/filemanager/externaldb/list_contractor_80.js,2026-08-20T01:23:05,2026-08-20T01:25:25,37875197,"45/F SUN HUNG KAI CENTRE, 30 HARBOUR RD, HONG KONG",Private company limited by shares,11-04-2007,Trustful Engineering & Construction Company Limited,1.0
433,Trustful Engineering & Design Limited,允信工程及設計有限公司,Buildings,B,active,https://www.devb.gov.hk/filemanager/externaldb/list_contractor_80.js,2026-08-20T01:23:05,2026-08-20T01:25:25,64229098,"ROOM 605, 6/F.,, THE CENDAS,, 15 SHEUNG YUET ROAD,, KOWLOON BAY, HONG KONG",Private company limited by shares,24-12-2014,Trustful Engineering & Design Limited,1.0
434,Tsun Yip Civil Construction Company Limited,進業土木工程有限公司,Roads & Drainage,B,active,https://www.devb.gov.hk/filemanager/externaldb/list_contractor_80.js,2026-08-20T01:23:05,2026-08-20T01:25:25,31025815,"UNIT M & N, 8/F, HI-SPEED CENTRE 1, 18 ON CHUEN STREET, FANLING, NT, HONG KONG",Private company limited by shares,16-06-2000,TSUN YIP CIVIL CONSTRUCTION COMPANY LIMITED,1.0
435,Tsun Yip Civil Construction Company Limited,進業土木工程有限公司,Site Formation,B,active,https://www.devb.gov.hk/filemanager/externaldb/list_contractor_80.js,2026-08-20T01:23:05,2026-08-20T01:25:25,31025815,"UNIT M & N, 8/F, HI-SPEED CENTRE 1, 18 ON CHUEN STREET, FANLING, NT, HONG KONG",Private company limited by shares,16-06-2000,TSUN YIP CIVIL CONSTRUCTION COMPANY LIMITED,1.0
436,Tsun Yip Civil Construction Company Limited,進業土木工程有限公司,Waterworks,C,active,https://www.devb.gov.hk/filemanager/externaldb/list_contractor_80.js,2026-08-20T01:23:05,2026-08-20T01:25:25,31025815,"UNIT M & N, 8/F, HI-SPEED CENTRE 1, 18 ON CHUEN STREET, FANLING, NT, HONG KONG",Private company limited by shares,16-06-2000,TSUN YIP CIVIL CONSTRUCTION COMPANY LIMITED,1.0
437,Tsun Yip Waterworks Construction Company Limited,進業水務建築有限公司,Roads & Drainage,C,active,https://www.devb.gov.hk/filemanager/externaldb/list_contractor_80.js,2026-08-20T01:23:05,2026-08-20T01:25:25,19634701,"UNIT M & N, 8/F, HI-SPEED CENTRE 1, 18 ON CHUEN STREET, FANLING, NT, HONG KONG",Private company limited by shares,06-02-1996,TSUN YIP WATERWORKS CONSTRUCTION COMPANY LIMITED,1.0
438,Tsun Yip Waterworks Construction Company Limited,進業水務建築有限公司,Site Formation,C,active,https://www.devb.gov.hk/filemanager/externaldb/list_contractor_80.js,2026-08-20T01:23:05,2026-08-20T01:25:25,19634701,"UNIT M & N, 8/F, HI-SPEED CENTRE 1, 18 ON CHUEN STREET, FANLING, NT, HONG KONG",Private company limited by shares,06-02-1996,TSUN YIP WATERWORKS CONSTRUCTION COMPANY LIMITED,1.0
439,Tsun Yip Waterworks Construction Company Limited,進業水務建築有限公司,Waterworks,C,active,https://www.devb.gov.hk/filemanager/externaldb/list_contractor_80.js,2026-08-20T01:23:05,2026-08-20T01:25:25,19634701,"UNIT M & N, 8/F, HI-SPEED CENTRE 1, 18 ON CHUEN STREET, FANLING, NT, HONG KONG",Private company limited by shares,06-02-1996,TSUN YIP WATERWORKS CONSTRUCTION COMPANY LIMITED,1.0
440,Tung Lee Civil Engineering Limited,同利土木工程有限公司,Roads & Drainage,B,active,https://www.devb.gov.hk/filemanager/externaldb/list_contractor_80.js,2026-08-20T01:23:05,2026-08-20T01:25:25,74130912,"FLAT/RM 23, 23/F.,, TUEN MUN CENTRAL SQUARE,, 22 HOI WING ROAD,, TUEN MUN, N.T., HONG KONG",Private company limited by shares,10-06-2022,TUNG LEE CIVIL ENGINEERING LIMITED,1.0
441,Tung Lee Civil Engineering Limited,同利土木工程有限公司,Site Formation,B,active,https://www.devb.gov.hk/filemanager/externaldb/list_contractor_80.js,2026-08-20T01:23:05,2026-08-20T01:25:25,74130912,"FLAT/RM 23, 23/F.,, TUEN MUN CENTRAL SQUARE,, 22 HOI WING ROAD,, TUEN MUN, N.T., HONG KONG",Private company limited by shares,10-06-2022,TUNG LEE CIVIL ENGINEERING LIMITED,1.0
442,Tysan Building Construction Company Limited,泰昇建築工程有限公司,Buildings,C,active,https://www.devb.gov.hk/filemanager/externaldb/list_contractor_80.js,2026-08-20T01:23:05,2026-08-20T01:25:25,20768250,"13/F SHUI ON CENTRE,, 6-8 HARBOUR ROAD, WAN CHAI, HONG KONG",Private company limited by shares,14-02-1997,TYSAN BUILDING CONSTRUCTION COMPANY LIMITED,1.0
443,Tysan Foundation Limited,泰昇地基工程有限公司,Roads & Drainage,A,active,https://www.devb.gov.hk/filemanager/externaldb/list_contractor_80.js,2026-08-20T01:23:05,2026-08-20T01:25:25,12298635,"20/F ONE ISLAND SOUTH, 2 HEUNG YIP RD, WONG CHUK HANG, HONG KONG",Private company limited by shares,18-10-1988,TYSAN FOUNDATION LIMITED,1.0
444,Tysan Foundation Limited,泰昇地基工程有限公司,Site Formation,B,active,https://www.devb.gov.hk/filemanager/externaldb/list_contractor_80.js,2026-08-20T01:23:05,2026-08-20T01:25:25,12298635,"20/F ONE ISLAND SOUTH, 2 HEUNG YIP RD, WONG CHUK HANG, HONG KONG",Private company limited by shares,18-10-1988,TYSAN FOUNDATION LIMITED,1.0
445,UDL Dredging Limited,太元濬海有限公司,Port Works,B,active,https://www.devb.gov.hk/filemanager/externaldb/list_contractor_80.js,2026-08-20T01:23:05,2026-08-20T01:25:25,07438109,"7/F., AITKEN VANSON CENTRE,, 61 HOI YUEN ROAD, KWUN TONG,, KLN, HONG KONG",Private company limited by shares,16-09-1981,UDL DREDGING LIMITED,1.0
446,Union Construction (Group) Limited,聯合建築(集團)有限公司,Buildings,A,suspended,https://www.devb.gov.hk/filemanager/externaldb/list_contractor_80.js,2026-08-20T01:23:05,2026-08-20T01:25:25,19789431,"UNIT 4, 4/F., KINGLET INDUSTRIAL BLDG.,, NO.21-23 WING WAN RD, TAI WAI, SHATIN NT, HONG KONG",Private company limited by shares,16-04-1996,UNION CONSTRUCTION (GROUP) LIMITED,1.0
447,Union Contractors Limited,華聯建築有限公司,Buildings,B,active,https://www.devb.gov.hk/filemanager/externaldb/list_contractor_80.js,2026-08-20T01:23:05,2026-08-20T01:25:25,01730779,"UNITS 109 & 110, 1/F, LIVEN HOUSE,, 61-63 KING YIP STREET, KWUN TONG, KLN, HONG KONG",Private company limited by shares,27-05-1964,UNION CONTRACTORS LIMITED,1.0
448,Union Contractors Limited,華聯建築有限公司,Roads & Drainage,C,active,https://www.devb.gov.hk/filemanager/externaldb/list_contractor_80.js,2026-08-20T01:23:05,2026-08-20T01:25:25,01730779,"UNITS 109 & 110, 1/F, LIVEN HOUSE,, 61-63 KING YIP STREET, KWUN TONG, KLN, HONG KONG",Private company limited by shares,27-05-1964,UNION CONTRACTORS LIMITED,1.0
449,Union Contractors Limited,華聯建築有限公司,Waterworks,A,active,https://www.devb.gov.hk/filemanager/externaldb/list_contractor_80.js,2026-08-20T01:23:05,2026-08-20T01:25:25,01730779,"UNITS 109 & 110, 1/F, LIVEN HOUSE,, 61-63 KING YIP STREET, KWUN TONG, KLN, HONG KONG",Private company limited by shares,27-05-1964,UNION CONTRACTORS LIMITED,1.0
450,Unison Construction Engineering Limited,滙信建築工程有限公司,Roads & Drainage,B,active,https://www.devb.gov.hk/filemanager/externaldb/list_contractor_80.js,2026-08-20T01:23:05,2026-08-20T01:25:25,32479952,"UNIT 20-21 20/F BLK A WAH LOK IND CTR, NO 31-41 SHAN MEI ST FOTAN STATIN NT, HONG KONG",Private company limited by shares,04-02-2002,UNISON CONSTRUCTION ENGINEERING LIMITED,1.0
451,Unistress Building Construction Limited,聯力建築有限公司,Buildings,C,active,https://www.devb.gov.hk/filemanager/externaldb/list_contractor_80.js,2026-08-20T01:23:05,2026-08-20T01:25:25,02701604,"10 FLOOR, SUI YING INDUSTRIAL BUILDING, NO. 1 YUK YAT STREET, TO KWA WAN, KLN, HONG KONG",Private company limited by shares,14-03-1969,UNISTRESS BUILDING CONSTRUCTION LIMITED,1.0
452,Unistress Building Construction Limited,聯力建築有限公司,Roads & Drainage,A,active,https://www.devb.gov.hk/filemanager/externaldb/list_contractor_80.js,2026-08-20T01:23:05,2026-08-20T01:25:25,02701604,"10 FLOOR, SUI YING INDUSTRIAL BUILDING, NO. 1 YUK YAT STREET, TO KWA WAN, KLN, HONG KONG",Private company limited by shares,14-03-1969,UNISTRESS BUILDING CONSTRUCTION LIMITED,1.0
453,United Construction Company Limited,合興建築有限公司,Buildings,B,active,https://www.devb.gov.hk/filemanager/externaldb/list_contractor_80.js,2026-08-20T01:23:05,2026-08-20T01:25:25,14382177,"12/F FUK WO INDUSTRIAL BUILDING, 5 SHEUNG HEI STREET, SAN PO KONG, KOWLOON, HONG KONG",Private company limited by shares,28-03-1991,UNITED CONSTRUCTION COMPANY LIMITED,1.0
454,United Soundfair Engineering Company Limited,聯合昇輝工程有限公司,Roads & Drainage,A,active,https://www.devb.gov.hk/filemanager/externaldb/list_contractor_80.js,2026-08-20T01:23:05,2026-08-20T01:25:25,11979353,"UNIT B 13TH FLOOR, KINGPOWER COMMERCIAL BUILDING, 409-413 JAFFE ROAD WANCHAI, HONG KONG",Private company limited by shares,01-07-1988,UNITED SOUNDFAIR ENGINEERING COMPANY LIMITED,1.0
455,United Soundfair Engineering Company Limited,聯合昇輝工程有限公司,Waterworks,A,active,https://www.devb.gov.hk/filemanager/externaldb/list_contractor_80.js,2026-08-20T01:23:05,2026-08-20T01:25:25,11979353,"UNIT B 13TH FLOOR, KINGPOWER COMMERCIAL BUILDING, 409-413 JAFFE ROAD WANCHAI, HONG KONG",Private company limited by shares,01-07-1988,UNITED SOUNDFAIR ENGINEERING COMPANY LIMITED,1.0
456,U-Tech Engineering Company Limited,卓裕工程有限公司,Roads & Drainage,B,active,https://www.devb.gov.hk/filemanager/externaldb/list_contractor_80.js,2026-08-20T01:23:05,2026-08-20T01:25:25,,,,,,
457,U-Tech Engineering Company Limited,卓裕工程有限公司,Waterworks,C,active,https://www.devb.gov.hk/filemanager/externaldb/list_contractor_80.js,2026-08-20T01:23:05,2026-08-20T01:25:25,,,,,,
458,Utilities Construction Limited,公建工程有限公司,Waterworks,B,active,https://www.devb.gov.hk/filemanager/externaldb/list_contractor_80.js,2026-08-20T01:23:05,2026-08-20T01:25:25,15094795,"14/F, SILVER COMMERCIAL BUILDING, 719 NATHAN ROAD, MONGKOK, KLN, HONG KONG",Private company limited by shares,01-10-1991,UTILITIES CONSTRUCTION LIMITED,1.0
459,Van Oord Dredging and Marine Contractors B.V.,Van Oord Dredging and Marine Contractors B.V.,Port Works,C,active,https://www.devb.gov.hk/filemanager/externaldb/list_contractor_80.js,2026-08-20T01:23:05,2026-08-20T01:25:25,,,,,,
460,Van Oord Dredging and Marine Contractors B.V.,Van Oord Dredging and Marine Contractors B.V.,Site Formation,C,active,https://www.devb.gov.hk/filemanager/externaldb/list_contractor_80.js,2026-08-20T01:23:05,2026-08-20T01:25:25,,,,,,
461,Vasteam Construction Limited,浩隆建築有限公司,Roads & Drainage,B,active,https://www.devb.gov.hk/filemanager/externaldb/list_contractor_80.js,2026-08-20T01:23:05,2026-08-20T01:25:25,20903777,"27/F, TOWER A, 83 KING LAM STREET, CHEUNG SHA WAN, KLN, HONG KONG",Private company limited by shares,26-11-1996,VASTEAM CONSTRUCTION LIMITED,1.0
462,Vasteam Construction Limited,浩隆建築有限公司,Site Formation,B,active,https://www.devb.gov.hk/filemanager/externaldb/list_contractor_80.js,2026-08-20T01:23:05,2026-08-20T01:25:25,20903777,"27/F, TOWER A, 83 KING LAM STREET, CHEUNG SHA WAN, KLN, HONG KONG",Private company limited by shares,26-11-1996,VASTEAM CONSTRUCTION LIMITED,1.0
463,Vasteam Construction Limited,浩隆建築有限公司,Waterworks,C,active,https://www.devb.gov.hk/filemanager/externaldb/list_contractor_80.js,2026-08-20T01:23:05,2026-08-20T01:25:25,20903777,"27/F, TOWER A, 83 KING LAM STREET, CHEUNG SHA WAN, KLN, HONG KONG",Private company limited by shares,26-11-1996,VASTEAM CONSTRUCTION LIMITED,1.0
464,Vernaltex Company Limited,赤道綫有限公司,Roads & Drainage,C,active,https://www.devb.gov.hk/filemanager/externaldb/list_contractor_80.js,2026-08-20T01:23:05,2026-08-20T01:25:25,11919517,"ROOM 1606, 16/F., CHINA INSURANCE GROUP BUILDING, NO.139-141 DES VOEUX ROAD CENTRAL, HONG KONG",Private company limited by shares,10-06-1988,VERNALTEX COMPANY LIMITED,1.0
465,Vibro (H.K.) Limited,惠保 (香港) 有限公司,Roads & Drainage,B,active,https://www.devb.gov.hk/filemanager/externaldb/list_contractor_80.js,2026-08-20T01:23:05,2026-08-20T01:25:25,00008260,"11/F CHEVALIER COMM CTR, NO 8 WANG HOI RD, KOWLOON BAY KLN, HONG KONG",Public company limited by shares,23-11-1929,VIBRO (H.K.) LIMITED,1.0
466,Vibro (H.K.) Limited,惠保 (香港) 有限公司,Site Formation,C,active,https://www.devb.gov.hk/filemanager/externaldb/list_contractor_80.js,2026-08-20T01:23:05,2026-08-20T01:25:25,00008260,"11/F CHEVALIER COMM CTR, NO 8 WANG HOI RD, KOWLOON BAY KLN, HONG KONG",Public company limited by shares,23-11-1929,VIBRO (H.K.) LIMITED,1.0
467,Vibro (H.K.) Limited,惠保 (香港) 有限公司,Waterworks,B,active,https://www.devb.gov.hk/filemanager/externaldb/list_contractor_80.js,2026-08-20T01:23:05,2026-08-20T01:25:25,00008260,"11/F CHEVALIER COMM CTR, NO 8 WANG HOI RD, KOWLOON BAY KLN, HONG KONG",Public company limited by shares,23-11-1929,VIBRO (H.K.) LIMITED,1.0
468,Vibro Construction Company Limited,惠保建築有限公司,Roads & Drainage,C,active,https://www.devb.gov.hk/filemanager/externaldb/list_contractor_80.js,2026-08-20T01:23:05,2026-08-20T01:25:25,06853665,"11/F., CHEVALIER COMMERCIAL CENTRE, NO 8 WANG HOI ROAD, KOWLOON BAY, KLN, HONG KONG",Private company limited by shares,26-09-1980,Vibro Construction Company Limited,1.0
469,Vibro Construction Company Limited,惠保建築有限公司,Site Formation,C,active,https://www.devb.gov.hk/filemanager/externaldb/list_contractor_80.js,2026-08-20T01:23:05,2026-08-20T01:25:25,06853665,"11/F., CHEVALIER COMMERCIAL CENTRE, NO 8 WANG HOI ROAD, KOWLOON BAY, KLN, HONG KONG",Private company limited by shares,26-09-1980,Vibro Construction Company Limited,1.0
470,Victory Trenchless Engineering Co. Limited,偉達利工程有限公司,Roads & Drainage,B,suspended,https://www.devb.gov.hk/filemanager/externaldb/list_contractor_80.js,2026-08-20T01:23:05,2026-08-20T01:25:25,31634254,"LOT 1477B 77 PING CHE FANLING NT, HONG KONG",Private company limited by shares,07-03-2001,VICTORY TRENCHLESS ENGINEERING CO. LIMITED,1.0
471,VSL Hong Kong Limited,威勝利香港有限公司,Roads & Drainage,C,active,https://www.devb.gov.hk/filemanager/externaldb/list_contractor_80.js,2026-08-20T01:23:05,2026-08-20T01:25:25,04244096,"15/F, SOUTH ISLAND PLACE, 8 WONG CHUK HANG ROAD, HONG KONG",Private company limited by shares,13-04-1973,VSL HONG KONG LIMITED,1.0
472,W & Y Construction and Engineering Company Limited,華堯建築工程有限公司,Buildings,B,active,https://www.devb.gov.hk/filemanager/externaldb/list_contractor_80.js,2026-08-20T01:23:05,2026-08-20T01:25:25,,,,,,
473,W. Hing Construction Company Limited,永興聯合建築有限公司,Buildings,C,active,https://www.devb.gov.hk/filemanager/externaldb/list_contractor_80.js,2026-08-20T01:23:05,2026-08-20T01:25:25,,,,,,
474,W. Hing Construction Company Limited,永興聯合建築有限公司,Roads & Drainage,A,active,https://www.devb.gov.hk/filemanager/externaldb/list_contractor_80.js,2026-08-20T01:23:05,2026-08-20T01:25:25,,,,,,
475,W. Hing Construction Company Limited,永興聯合建築有限公司,Site Formation,B,active,https://www.devb.gov.hk/filemanager/externaldb/list_contractor_80.js,2026-08-20T01:23:05,2026-08-20T01:25:25,,,,,,
476,W. M. Construction Limited,永明建築有限公司,Buildings,B,active,https://www.devb.gov.hk/filemanager/externaldb/list_contractor_80.js,2026-08-20T01:23:05,2026-08-20T01:25:25,,,,,,
477,Wah Cheong Construction Company Limited,華昌建築有限公司,Buildings,A,active,https://www.devb.gov.hk/filemanager/externaldb/list_contractor_80.js,2026-08-20T01:23:05,2026-08-20T01:25:25,08209983,"UNIT 17, 19/F EASTERN CENTRAL PLAZA, 3 YIU HNG ROAD, SHAUKEIWAN, HONG KONG",Private company limited by shares,11-01-1983,WAH CHEONG CONSTRUCTION COMPANY LIMITED,1.0
478,Wah Seng General Contractors Limited,華生建築有限公司,Buildings,B,active,https://www.devb.gov.hk/filemanager/externaldb/list_contractor_80.js,2026-08-20T01:23:05,2026-08-20T01:25:25,04370417,"UNIT 1003, 10/F., TOWER III, ENTERPRISE SQUARE,, NO. 9 SHEUNG YUET ROAD,, KOWLOON BAY, KLN, HONG KONG",Private company limited by shares,11-03-1975,WAH SENG GENERAL CONTRACTORS LIMITED,1.0
479,Wah Seng General Contractors Limited,華生建築有限公司,Roads & Drainage,B,active,https://www.devb.gov.hk/filemanager/externaldb/list_contractor_80.js,2026-08-20T01:23:05,2026-08-20T01:25:25,04370417,"UNIT 1003, 10/F., TOWER III, ENTERPRISE SQUARE,, NO. 9 SHEUNG YUET ROAD,, KOWLOON BAY, KLN, HONG KONG",Private company limited by shares,11-03-1975,WAH SENG GENERAL CONTRACTORS LIMITED,1.0
480,Wah Tat Construction Company,華達建築公司,Buildings,B,active,https://www.devb.gov.hk/filemanager/externaldb/list_contractor_80.js,2026-08-20T01:23:05,2026-08-20T01:25:25,65978458,"RM 10, 1/F PHASE II NEWPORT CTR, 116 MA TAU KOK RD TOKWAWAN KLN, HONG KONG",Private company limited by shares,11-04-2016,WAH TAT CONSTRUCTION COMPANY LIMITED,1.0
481,Wai Cheong Construction Engineering Limited,槐昌建築工程有限公司,Roads & Drainage,A,active,https://www.devb.gov.hk/filemanager/externaldb/list_contractor_80.js,2026-08-20T01:23:05,2026-08-20T01:25:25,33893553,"WOKSHOP 802, 8/F., BLOCK A, WING KUT INDUSTRIAL BLDG, 608 CASTLE PEAK ROAD, CHEUNG SHA WAN, KLN, HONG KONG",Private company limited by shares,08-09-2003,WAI CHEONG CONSTRUCTION ENGINEERING LIMITED,1.0
482,Wan Chung Construction Company Limited,宏宗建築有限公司,Buildings,C,active,https://www.devb.gov.hk/filemanager/externaldb/list_contractor_80.js,2026-08-20T01:23:05,2026-08-20T01:25:25,07878523,"UNIT G2,12/F.,, KAISER ESTATE PHASE 2,, NO.47-53 MAN YUE STREET,, HUNG HOM, KLN, HONG KONG",Private company limited by shares,14-05-1982,WAN CHUNG CONSTRUCTION COMPANY LIMITED,1.0
483,Wan Chung Construction Company Limited,宏宗建築有限公司,Site Formation,B,active,https://www.devb.gov.hk/filemanager/externaldb/list_contractor_80.js,2026-08-20T01:23:05,2026-08-20T01:25:25,07878523,"UNIT G2,12/F.,, KAISER ESTATE PHASE 2,, NO.47-53 MAN YUE STREET,, HUNG HOM, KLN, HONG KONG",Private company limited by shares,14-05-1982,WAN CHUNG CONSTRUCTION COMPANY LIMITED,1.0
484,"Wan Chung Engineering Co., Limited",宏宗工程有限公司,Buildings,B,active,https://www.devb.gov.hk/filemanager/externaldb/list_contractor_80.js,2026-08-20T01:23:05,2026-08-20T01:25:25,21492151,"UNIT G2, 12/F.,, KAISER ESTATE PHASE 2,, NO.47-53 MAN YUE STREET,, HUNG HOM, KLN., HONG KONG",Private company limited by shares,02-01-1998,"Wan Chung Engineering Co., Limited",1.0
485,Wang Kee Civil Limited,宏記土木有限公司,Roads & Drainage,B,active,https://www.devb.gov.hk/filemanager/externaldb/list_contractor_80.js,2026-08-20T01:23:05,2026-08-20T01:25:25,35402350,"UNIT 1502-1503, 15/F., KOWLOON PLAZA, NO.485 CASTLE PEAK ROAD, LAI CHI KOK,, KLN, HONG KONG",Private company limited by shares,09-03-2005,Wang Kee Civil Limited,1.0
486,Wang Kee Construction Company Limited,宏記建築有限公司,Roads & Drainage,C,active,https://www.devb.gov.hk/filemanager/externaldb/list_contractor_80.js,2026-08-20T01:23:05,2026-08-20T01:25:25,19437438,"UNIT 1502-1503, 15/F., KOWLOON PLAZA, NO.485 CASTLE PEAK ROAD, LAI CHI KOK,, KLN, HONG KONG",Private company limited by shares,12-10-1995,WANG KEE CONSTRUCTION COMPANY LIMITED,1.0
487,Wanson Construction Company Limited,宏勝建築有限公司,Buildings,B,active,https://www.devb.gov.hk/filemanager/externaldb/list_contractor_80.js,2026-08-20T01:23:05,2026-08-20T01:25:25,16642660,"OFFICE 1, 6/F., RYKADAN CAPITAL TOWER,, 135 HOI BUN ROAD,, KWUN TONG, KLN, HONG KONG",Private company limited by shares,23-02-1993,WANSON CONSTRUCTION COMPANY LIMITED,1.0
488,Waterland Detection Engineering Limited,益捷探測工程有限公司,Roads & Drainage,A,active,https://www.devb.gov.hk/filemanager/externaldb/list_contractor_80.js,2026-08-20T01:23:05,2026-08-20T01:25:25,32854205,"UNIT 902 9/F BLK A SUN FUNG CTR, 88 KWOK SHUI RD KWAI CHUNG NT, HONG KONG",Private company limited by shares,31-07-2002,WATERLAND DETECTION ENGINEERING LIMITED,1.0
489,Waterland Detection Engineering Limited,益捷探測工程有限公司,Waterworks,A,active,https://www.devb.gov.hk/filemanager/externaldb/list_contractor_80.js,2026-08-20T01:23:05,2026-08-20T01:25:25,32854205,"UNIT 902 9/F BLK A SUN FUNG CTR, 88 KWOK SHUI RD KWAI CHUNG NT, HONG KONG",Private company limited by shares,31-07-2002,WATERLAND DETECTION ENGINEERING LIMITED,1.0
490,Wecon Limited,偉工有限公司,Buildings,C,active,https://www.devb.gov.hk/filemanager/externaldb/list_contractor_80.js,2026-08-20T01:23:05,2026-08-20T01:25:25,04368828,"ROOMS 1801-1802, 18/F, TUNG HIP COMMERCIAL BUILDING,, 244-252 DES VOEUX ROAD CENTRAL,, SHEUNG WAN, HONG KONG",Private company limited by shares,30-04-1974,WECON LIMITED,1.0
491,Wecon Construction & Engineering Limited,偉工建築有限公司,Buildings,C,active,https://www.devb.gov.hk/filemanager/externaldb/list_contractor_80.js,2026-08-20T01:23:05,2026-08-20T01:25:25,13550470,"ROOMS 1801-1802, 18/F, TUNG HIP COMMERCIAL BUILDING,, 244-252 DES VOEUX ROAD CENTRAL,, SHEUNG WAN, HONG KONG",Private company limited by shares,20-04-1990,WECON CONSTRUCTION & ENGINEERING LIMITED,1.0
492,Welcome Construction Company Limited,偉金建築有限公司,Port Works,B,active,https://www.devb.gov.hk/filemanager/externaldb/list_contractor_80.js,2026-08-20T01:23:05,2026-08-20T01:25:25,07442805,"UNIT 1 19/F WESTLEY SQUARE, NO. 48 HOI YUEN RD KLN, HONG KONG",Private company limited by shares,11-08-1981,WELCOME CONSTRUCTION COMPANY LIMITED,1.0
493,Welcome Construction Company Limited,偉金建築有限公司,Roads & Drainage,C,active,https://www.devb.gov.hk/filemanager/externaldb/list_contractor_80.js,2026-08-20T01:23:05,2026-08-20T01:25:25,07442805,"UNIT 1 19/F WESTLEY SQUARE, NO. 48 HOI YUEN RD KLN, HONG KONG",Private company limited by shares,11-08-1981,WELCOME CONSTRUCTION COMPANY LIMITED,1.0
494,Welcome Construction Company Limited,偉金建築有限公司,Site Formation,B,active,https://www.devb.gov.hk/filemanager/externaldb/list_contractor_80.js,2026-08-20T01:23:05,2026-08-20T01:25:25,07442805,"UNIT 1 19/F WESTLEY SQUARE, NO. 48 HOI YUEN RD KLN, HONG KONG",Private company limited by shares,11-08-1981,WELCOME CONSTRUCTION COMPANY LIMITED,1.0
495,Welcome Construction Company Limited,偉金建築有限公司,Waterworks,B,active,https://www.devb.gov.hk/filemanager/externaldb/list_contractor_80.js,2026-08-20T01:23:05,2026-08-20T01:25:25,07442805,"UNIT 1 19/F WESTLEY SQUARE, NO. 48 HOI YUEN RD KLN, HONG KONG",Private company limited by shares,11-08-1981,WELCOME CONSTRUCTION COMPANY LIMITED,1.0
496,Wing Hing Construction Company Limited,榮興建築有限公司,Roads & Drainage,B,active,https://www.devb.gov.hk/filemanager/externaldb/list_contractor_80.js,2026-08-20T01:23:05,2026-08-20T01:25:25,22300622,"UNIT 2202A, 22ND FLOOR, GINZA SQUARE,, 565-567 NATHAN ROAD, KLN, HONG KONG",Private company limited by shares,24-02-1999,WING HING CONSTRUCTION COMPANY LIMITED,1.0
497,Wing Hing Construction Company Limited,榮興建築有限公司,Waterworks,A,active,https://www.devb.gov.hk/filemanager/externaldb/list_contractor_80.js,2026-08-20T01:23:05,2026-08-20T01:25:25,22300622,"UNIT 2202A, 22ND FLOOR, GINZA SQUARE,, 565-567 NATHAN ROAD, KLN, HONG KONG",Private company limited by shares,24-02-1999,WING HING CONSTRUCTION COMPANY LIMITED,1.0
498,Wing Keung Engineering Company,永強工程公司,Buildings,A,active,https://www.devb.gov.hk/filemanager/externaldb/list_contractor_80.js,2026-08-20T01:23:05,2026-08-20T01:25:25,37935040,"FLAT 1 14/F WAH SHING CTR, 11-13 SHING YIP ST, KWUN TONG KLN, HONG KONG",Private company limited by shares,04-05-2007,"WING KEUNG ENGINEERING CO., LIMITED",1.0
499,Wing Lee (SK) Construction Company Limited,永利(聲記)建築有限公司,Roads & Drainage,B,active,https://www.devb.gov.hk/filemanager/externaldb/list_contractor_80.js,2026-08-20T01:23:05,2026-08-20T01:25:25,35320637,"UNIT 3, 15/F., BLOCK 2, TAK FUNG INDUSTRIAL CENTRE,, 168 TEXACO ROAD,, TSUEN WAN, NT, HONG KONG",Private company limited by shares,28-01-2005,WING LEE (SK) CONSTRUCTION COMPANY LIMITED,1.0
500,"Wing Sum Construction & Engineering Co., Limited",永森建築工程有限公司,Buildings,B,active,https://www.devb.gov.hk/filemanager/externaldb/list_contractor_80.js,2026-08-20T01:23:05,2026-08-20T01:25:25,18695746,"UNIT C & D, 10/F., GRANDION PLAZA,, 932 CHEUNG SHA WAN ROAD,, CHEUNG SHA WAN, KLN, HONG KONG",Private company limited by shares,01-12-1994,"WING SUM CONSTRUCTION & ENGINEERING CO., LIMITED",1.0
501,Wing Tat Civil Engineering Co. Limited,永達土木工程有限公司,Roads & Drainage,B,active,https://www.devb.gov.hk/filemanager/externaldb/list_contractor_80.js,2026-08-20T01:23:05,2026-08-20T01:25:25,19946354,"UNIT 12-15, 17/F., METROPOLE SQUARE,, 2 ON YIU STREET, SHATIN, NT, HONG KONG",Private company limited by shares,11-06-1996,WING TAT CIVIL ENGINEERING CO. LIMITED,1.0
502,Wing's Construction Company Limited,榮泰建築有限公司,Roads & Drainage,A,active,https://www.devb.gov.hk/filemanager/externaldb/list_contractor_80.js,2026-08-20T01:23:05,2026-08-20T01:25:25,79396606,"ROOM 1802, 18/F, TIMES TOWER, NO 928-930 CHEUNG SHA WAN ROAD, CHEUNG SHA WAN, HONG KONG",Private company limited by shares,15-12-2025,WING SING CONSTRUCTION LIMITED,0.919
503,Wing's Construction Company Limited,榮泰建築有限公司,Waterworks,A,active,https://www.devb.gov.hk/filemanager/externaldb/list_contractor_80.js,2026-08-20T01:23:05,2026-08-20T01:25:25,79396606,"ROOM 1802, 18/F, TIMES TOWER, NO 928-930 CHEUNG SHA WAN ROAD, CHEUNG SHA WAN, HONG KONG",Private company limited by shares,15-12-2025,WING SING CONSTRUCTION LIMITED,0.919
504,Wise Trend Engineering Limited,駿慧工程有限公司,Buildings,A,active,https://www.devb.gov.hk/filemanager/externaldb/list_contractor_80.js,2026-08-20T01:23:05,2026-08-20T01:25:25,20233390,"UNIT E, 7/F, KING PALACE PLAZA,, NO. 55 KING YIP STREET,, KWUN TONG, KLN, HONG KONG",Private company limited by shares,11-07-1996,WISE TREND ENGINEERING LIMITED,1.0
505,Wo Hing Construction Company Limited,和興建築有限公司,Buildings,B,active,https://www.devb.gov.hk/filemanager/externaldb/list_contractor_80.js,2026-08-20T01:23:05,2026-08-20T01:25:25,01834911,"1/F, 190 TONG MI ROAD, KOWLOON, HONG KONG",Private company limited by shares,03-11-1964,WO HING CONSTRUCTION COMPANY LIMITED,1.0
506,Wo Hing Construction Company Limited,和興建築有限公司,Roads & Drainage,C,active,https://www.devb.gov.hk/filemanager/externaldb/list_contractor_80.js,2026-08-20T01:23:05,2026-08-20T01:25:25,01834911,"1/F, 190 TONG MI ROAD, KOWLOON, HONG KONG",Private company limited by shares,03-11-1964,WO HING CONSTRUCTION COMPANY LIMITED,1.0
507,Wo Hing Construction Company Limited,和興建築有限公司,Site Formation,B,active,https://www.devb.gov.hk/filemanager/externaldb/list_contractor_80.js,2026-08-20T01:23:05,2026-08-20T01:25:25,01834911,"1/F, 190 TONG MI ROAD, KOWLOON, HONG KONG",Private company limited by shares,03-11-1964,WO HING CONSTRUCTION COMPANY LIMITED,1.0
508,Wo Hing Construction Company Limited,和興建築有限公司,Waterworks,C,active,https://www.devb.gov.hk/filemanager/externaldb/list_contractor_80.js,2026-08-20T01:23:05,2026-08-20T01:25:25,01834911,"1/F, 190 TONG MI ROAD, KOWLOON, HONG KONG",Private company limited by shares,03-11-1964,WO HING CONSTRUCTION COMPANY LIMITED,1.0
509,Wo Ming Engineering Limited,和明土木工程有限公司,Roads & Drainage,A,active,https://www.devb.gov.hk/filemanager/externaldb/list_contractor_80.js,2026-08-20T01:23:05,2026-08-20T01:25:25,30298778,"RM 1707-1708, 17/F, BLOCK B, NEW TRADE PLAZA, 6 ON PING STREET, SHA TIN, HONG KONG",Private company limited by shares,06-08-1999,WO MING ENGINEERING LIMITED,1.0
510,Woon Lee Construction Company Limited,煥利建築有限公司,Buildings,C,active,https://www.devb.gov.hk/filemanager/externaldb/list_contractor_80.js,2026-08-20T01:23:05,2026-08-20T01:25:25,05311610,"8TH FLOOR, ENTERPRISE SQUARE THREE,, 39 WANG CHIU ROAD, KOWLOON BAY,KLN, HONG KONG",Private company limited by shares,02-09-1977,WOON LEE CONSTRUCTION COMPANY LIMITED,1.0
511,World Diamond Engineering Limited,華鑽工程有限公司,Roads & Drainage,B,active,https://www.devb.gov.hk/filemanager/externaldb/list_contractor_80.js,2026-08-20T01:23:05,2026-08-20T01:25:25,14398281,"UNIT A 8F.,, NATHAN COMMERCIAL BUILDING,, NO 430-436 NATHAN ROAD,, YAU MA TEI, HONG KONG",Private company limited by shares,12-02-1991,WORLD DIAMOND ENGINEERING LIMITED,1.0
512,World Genius Corporation Limited,華材有限公司,Roads & Drainage,B,active,https://www.devb.gov.hk/filemanager/externaldb/list_contractor_80.js,2026-08-20T01:23:05,2026-08-20T01:25:25,77673410,"SUITE A, 21ST FLOOR,, ETON BUILDING,, 288 DES VOEUX ROAD CENTRAL,, SHEUNG WAN, HONG KONG",Private company limited by shares,07-02-2025,WORLD GENIUS LIMITED,1.0
513,World Profit Engineering Limited,世盈工程有限公司,Waterworks,B,active,https://www.devb.gov.hk/filemanager/externaldb/list_contractor_80.js,2026-08-20T01:23:05,2026-08-20T01:25:25,50262711,"ROOM A1, 21/F., GALAXY FACTORY BUILDING,, 25-27 LUK HOP STREET,, SAN PO KONG, KLN, HONG KONG",Private company limited by shares,03-12-2008,WORLD PROFIT ENGINEERING LIMITED,1.0
514,WT Construction Engineering Company Limited,華泰營造工程有限公司,Buildings,A,active,https://www.devb.gov.hk/filemanager/externaldb/list_contractor_80.js,2026-08-20T01:23:05,2026-08-20T01:25:25,10474815,"G/F.,, 271D CHATHAM ROAD NORTH, HUNG HOM, KOWLOON, HONG KONG",Private company limited by shares,08-07-1986,WT CONSTRUCTION ENGINEERING COMPANY LIMITED,1.0
515,WY Construction Limited,華逸建築有限公司,Buildings,A,active,https://www.devb.gov.hk/filemanager/externaldb/list_contractor_80.js,2026-08-20T01:23:05,2026-08-20T01:25:25,52907002,"UNIT 603, BLOCK A, PO LUNG CENTRE,, 11 WANG CHIU ROAD, KOWLOON BAY, KLN, HONG KONG",Private company limited by shares,25-08-2010,WY CONSTRUCTION LIMITED,1.0
516,Wyatt Construction Company Limited,華益建築有限公司,Port Works,C,active,https://www.devb.gov.hk/filemanager/externaldb/list_contractor_80.js,2026-08-20T01:23:05,2026-08-20T01:25:25,04695752,"ROOM 509, FOOK HONG INDUSTRIAL BUILDING, 19 SHEUNG YUET ROAD KOWLOON BAY KLN, HONG KONG",Private company limited by shares,23-03-1976,WYATT CONSTRUCTION COMPANY LIMITED,1.0
517,Wyatt Construction Company Limited,華益建築有限公司,Roads & Drainage,C,active,https://www.devb.gov.hk/filemanager/externaldb/list_contractor_80.js,2026-08-20T01:23:05,2026-08-20T01:25:25,04695752,"ROOM 509, FOOK HONG INDUSTRIAL BUILDING, 19 SHEUNG YUET ROAD KOWLOON BAY KLN, HONG KONG",Private company limited by shares,23-03-1976,WYATT CONSTRUCTION COMPANY LIMITED,1.0
518,Wyatt Construction Company Limited,華益建築有限公司,Waterworks,C,active,https://www.devb.gov.hk/filemanager/externaldb/list_contractor_80.js,2026-08-20T01:23:05,2026-08-20T01:25:25,04695752,"ROOM 509, FOOK HONG INDUSTRIAL BUILDING, 19 SHEUNG YUET ROAD KOWLOON BAY KLN, HONG KONG",Private company limited by shares,23-03-1976,WYATT CONSTRUCTION COMPANY LIMITED,1.0
519,Xsun Engineering Limited,旭柏工程有限公司,Roads & Drainage,A,active,https://www.devb.gov.hk/filemanager/externaldb/list_contractor_80.js,2026-08-20T01:23:05,2026-08-20T01:25:25,71595630,"UNIT 2, 1/F, HIP KWAN COMMERCIAL BUILDING, NO.38 PITT STREET, KOWLOON, HONG KONG",Private company limited by shares,01-02-2020,XSUN ENGINEERING LIMITED,1.0
520,Yan Lee Construction Company Limited,仁利建築有限公司,Buildings,B,active,https://www.devb.gov.hk/filemanager/externaldb/list_contractor_80.js,2026-08-20T01:23:05,2026-08-20T01:25:25,19318737,"UNIT 13-15 10/F METRO LOFT, 38 KWAI HEI ST, KWAI CHUNG NT, HONG KONG",Private company limited by shares,07-09-1995,YAN LEE CONSTRUCTION COMPANY LIMITED,1.0
521,Yat Ming Construction & Engineering Limited,一鳴建築機械工程有限公司,Buildings,A,active,https://www.devb.gov.hk/filemanager/externaldb/list_contractor_80.js,2026-08-20T01:23:05,2026-08-20T01:25:25,08037499,"FLAT B, 7/F., GREAT WALL FACTORY BUILDING,, NO.11 CHEUNG SHUN STREET,, CHEUNG SHA WAN, KLN, HONG KONG",Private company limited by shares,14-09-1982,YAT MING CONSTRUCTION & ENGINEERING LIMITED,1.0
522,Yat Ming Construction & Engineering Limited,一鳴建築機械工程有限公司,Roads & Drainage,A,active,https://www.devb.gov.hk/filemanager/externaldb/list_contractor_80.js,2026-08-20T01:23:05,2026-08-20T01:25:25,08037499,"FLAT B, 7/F., GREAT WALL FACTORY BUILDING,, NO.11 CHEUNG SHUN STREET,, CHEUNG SHA WAN, KLN, HONG KONG",Private company limited by shares,14-09-1982,YAT MING CONSTRUCTION & ENGINEERING LIMITED,1.0
523,Yat Ming Construction & Engineering Limited,一鳴建築機械工程有限公司,Site Formation,B,active,https://www.devb.gov.hk/filemanager/externaldb/list_contractor_80.js,2026-08-20T01:23:05,2026-08-20T01:25:25,08037499,"FLAT B, 7/F., GREAT WALL FACTORY BUILDING,, NO.11 CHEUNG SHUN STREET,, CHEUNG SHA WAN, KLN, HONG KONG",Private company limited by shares,14-09-1982,YAT MING CONSTRUCTION & ENGINEERING LIMITED,1.0
524,Yau Lee Building Construction and Decoration Company Limited,有利承造裝修有限公司,Buildings,C,active,https://www.devb.gov.hk/filemanager/externaldb/list_contractor_80.js,2026-08-20T01:23:05,2026-08-20T01:25:25,17454426,"10/F TOWER I ENTERPRISE SQUARE, 9 SHEUNG YUET ROAD, KOWLOON BAY KOWLOON, HONG KONG",Private company limited by shares,30-03-1993,YAU LEE BUILDING CONSTRUCTION AND DECORATION COMPANY LIMITED,1.0
525,Yau Lee Construction Company Limited,有利建築有限公司,Buildings,C,active,https://www.devb.gov.hk/filemanager/externaldb/list_contractor_80.js,2026-08-20T01:23:05,2026-08-20T01:25:25,08311972,"10/F TOWER ONE ENTERPRISE SQUARE, 9 SHEUNG YUET ROAD, KOWLOON BAY KOWLOON, HONG KONG",Private company limited by shares,15-03-1983,YAU LEE CONSTRUCTION COMPANY LIMITED,1.0
526,Yau Lee Construction Company Limited,有利建築有限公司,Roads & Drainage,B,active,https://www.devb.gov.hk/filemanager/externaldb/list_contractor_80.js,2026-08-20T01:23:05,2026-08-20T01:25:25,08311972,"10/F TOWER ONE ENTERPRISE SQUARE, 9 SHEUNG YUET ROAD, KOWLOON BAY KOWLOON, HONG KONG",Private company limited by shares,15-03-1983,YAU LEE CONSTRUCTION COMPANY LIMITED,1.0
527,Yau Lee Construction Company Limited,有利建築有限公司,Site Formation,B,active,https://www.devb.gov.hk/filemanager/externaldb/list_contractor_80.js,2026-08-20T01:23:05,2026-08-20T01:25:25,08311972,"10/F TOWER ONE ENTERPRISE SQUARE, 9 SHEUNG YUET ROAD, KOWLOON BAY KOWLOON, HONG KONG",Private company limited by shares,15-03-1983,YAU LEE CONSTRUCTION COMPANY LIMITED,1.0
528,Yau Lee Construction Company Limited,有利建築有限公司,Waterworks,A,active,https://www.devb.gov.hk/filemanager/externaldb/list_contractor_80.js,2026-08-20T01:23:05,2026-08-20T01:25:25,08311972,"10/F TOWER ONE ENTERPRISE SQUARE, 9 SHEUNG YUET ROAD, KOWLOON BAY KOWLOON, HONG KONG",Private company limited by shares,15-03-1983,YAU LEE CONSTRUCTION COMPANY LIMITED,1.0
529,Yee Hop Engineering Company Limited,義合工程有限公司,Port Works,B,active,https://www.devb.gov.hk/filemanager/externaldb/list_contractor_80.js,2026-08-20T01:23:05,2026-08-20T01:25:25,12740404,"UNIT 1104-06 NAN FUNG COMM CTR, 19 LAM LOK ST KOWLOON BAY KLN, HONG KONG",Private company limited by shares,10-01-1989,YEE HOP ENGINEERING COMPANY LIMITED,1.0
530,Yee Hop Engineering Company Limited,義合工程有限公司,Roads & Drainage,C,active,https://www.devb.gov.hk/filemanager/externaldb/list_contractor_80.js,2026-08-20T01:23:05,2026-08-20T01:25:25,12740404,"UNIT 1104-06 NAN FUNG COMM CTR, 19 LAM LOK ST KOWLOON BAY KLN, HONG KONG",Private company limited by shares,10-01-1989,YEE HOP ENGINEERING COMPANY LIMITED,1.0
531,Yee Hop Engineering Company Limited,義合工程有限公司,Site Formation,B,active,https://www.devb.gov.hk/filemanager/externaldb/list_contractor_80.js,2026-08-20T01:23:05,2026-08-20T01:25:25,12740404,"UNIT 1104-06 NAN FUNG COMM CTR, 19 LAM LOK ST KOWLOON BAY KLN, HONG KONG",Private company limited by shares,10-01-1989,YEE HOP ENGINEERING COMPANY LIMITED,1.0
532,Yee Hop Engineering Company Limited,義合工程有限公司,Waterworks,B,active,https://www.devb.gov.hk/filemanager/externaldb/list_contractor_80.js,2026-08-20T01:23:05,2026-08-20T01:25:25,12740404,"UNIT 1104-06 NAN FUNG COMM CTR, 19 LAM LOK ST KOWLOON BAY KLN, HONG KONG",Private company limited by shares,10-01-1989,YEE HOP ENGINEERING COMPANY LIMITED,1.0
533,Yick Hing Construction Company Limited,益興建築有限公司,Buildings,A,active,https://www.devb.gov.hk/filemanager/externaldb/list_contractor_80.js,2026-08-20T01:23:05,2026-08-20T01:25:25,04462387,"BLOCK A, 2/F.,, KA MING COURT,, 688-690 CASTLE PEAK ROAD, KOWLOON, HONG KONG",Private company limited by shares,05-05-1970,YICK HING CONSTRUCTION COMPANY LIMITED,1.0
534,Yick Hing Construction Company Limited,益興建築有限公司,Roads & Drainage,C,active,https://www.devb.gov.hk/filemanager/externaldb/list_contractor_80.js,2026-08-20T01:23:05,2026-08-20T01:25:25,04462387,"BLOCK A, 2/F.,, KA MING COURT,, 688-690 CASTLE PEAK ROAD, KOWLOON, HONG KONG",Private company limited by shares,05-05-1970,YICK HING CONSTRUCTION COMPANY LIMITED,1.0
535,Yick Hing Construction Company Limited,益興建築有限公司,Site Formation,B,active,https://www.devb.gov.hk/filemanager/externaldb/list_contractor_80.js,2026-08-20T01:23:05,2026-08-20T01:25:25,04462387,"BLOCK A, 2/F.,, KA MING COURT,, 688-690 CASTLE PEAK ROAD, KOWLOON, HONG KONG",Private company limited by shares,05-05-1970,YICK HING CONSTRUCTION COMPANY LIMITED,1.0
536,Yick Hing Construction Company Limited,益興建築有限公司,Waterworks,C,active,https://www.devb.gov.hk/filemanager/externaldb/list_contractor_80.js,2026-08-20T01:23:05,2026-08-20T01:25:25,04462387,"BLOCK A, 2/F.,, KA MING COURT,, 688-690 CASTLE PEAK ROAD, KOWLOON, HONG KONG",Private company limited by shares,05-05-1970,YICK HING CONSTRUCTION COMPANY LIMITED,1.0
537,Ying Wah Civil Engineering Co. Limited,英華土木工程有限公司,Roads & Drainage,B,active,https://www.devb.gov.hk/filemanager/externaldb/list_contractor_80.js,2026-08-20T01:23:05,2026-08-20T01:25:25,31984221,"ROOM C - E, 25/F, MG TOWER,, NO. 133 HOI BUN ROAD, KWUN TONG, KLN, HONG KONG",Private company limited by shares,08-08-2001,YING WAH CIVIL ENGINEERING CO. LIMITED,1.0
538,Ying Wah Construction Limited,英華建築有限公司,Buildings,A,active,https://www.devb.gov.hk/filemanager/externaldb/list_contractor_80.js,2026-08-20T01:23:05,2026-08-20T01:25:25,35471313,"ROOM C - E, 25/F, MG TOWER,, NO. 133 HOI BUN ROAD, KWUN TONG, KLN, HONG KONG",Private company limited by shares,30-03-2005,YING WAH CONSTRUCTION LIMITED,1.0
539,Yip Shing Waterworks Engineering Limited,業成水務工程有限公司,Waterworks,A,active,https://www.devb.gov.hk/filemanager/externaldb/list_contractor_80.js,2026-08-20T01:23:05,2026-08-20T01:25:25,22132823,"7/F., TOWER 1, ENTERPRISE SQUARE 1,, 9 SHEUNG YUET ROAD, KWOLOON BAY,, KOWLOON, HONG KONG",Private company limited by shares,25-11-1998,YIP SHING WATERWORKS ENGINEERING LIMITED,1.0
540,Yu Hsin Construction Company Limited,有信建築有限公司,Buildings,B,active,https://www.devb.gov.hk/filemanager/externaldb/list_contractor_80.js,2026-08-20T01:23:05,2026-08-20T01:25:25,06274178,"ROOM 2205, ARION COMMERCIAL CENTRE, 2-12 QUEEN'S ROAD WEST, HONG KONG",Private company limited by shares,21-09-1979,YU HSIN CONSTRUCTION COMPANY LIMITED,1.0
541,Yu Wing Construction & Investment Company Limited,裕榮建築置業有限公司,Buildings,B,active,https://www.devb.gov.hk/filemanager/externaldb/list_contractor_80.js,2026-08-20T01:23:05,2026-08-20T01:25:25,03049407,"FLAT C & D 3/F, UWA BUILDING, 18-19 CONNAUGHT ROAD WEST, HONG KONG",Private company limited by shares,09-06-1970,YU WING CONSTRUCTION AND INVESTMENT COMPANY LIMITED,0.949
542,Zhen Hua Engineering Company Limited,振華工程有限公司,Buildings,B,active,https://www.devb.gov.hk/filemanager/externaldb/list_contractor_80.js,2026-08-20T01:23:05,2026-08-20T01:25:25,07860166,"19/F CHINA HARBOUR BUILDING, 370-374 KING'S ROAD, NORTH POINT, HONG KONG",Private company limited by shares,14-05-1982,ZHEN HUA ENGINEERING COMPANY LIMITED,1.0
543,Zhen Hua Engineering Company Limited,振華工程有限公司,Port Works,C,active,https://www.devb.gov.hk/filemanager/externaldb/list_contractor_80.js,2026-08-20T01:23:05,2026-08-20T01:25:25,07860166,"19/F CHINA HARBOUR BUILDING, 370-374 KING'S ROAD, NORTH POINT, HONG KONG",Private company limited by shares,14-05-1982,ZHEN HUA ENGINEERING COMPANY LIMITED,1.0
544,Zhen Hua Engineering Company Limited,振華工程有限公司,Roads & Drainage,C,active,https://www.devb.gov.hk/filemanager/externaldb/list_contractor_80.js,2026-08-20T01:23:05,2026-08-20T01:25:25,07860166,"19/F CHINA HARBOUR BUILDING, 370-374 KING'S ROAD, NORTH POINT, HONG KONG",Private company limited by shares,14-05-1982,ZHEN HUA ENGINEERING COMPANY LIMITED,1.0
545,Zhen Hua Engineering Company Limited,振華工程有限公司,Site Formation,B,active,https://www.devb.gov.hk/filemanager/externaldb/list_contractor_80.js,2026-08-20T01:23:05,2026-08-20T01:25:25,07860166,"19/F CHINA HARBOUR BUILDING, 370-374 KING'S ROAD, NORTH POINT, HONG KONG",Private company limited by shares,14-05-1982,ZHEN HUA ENGINEERING COMPANY LIMITED,1.0
